#
# A fatal error has been detected by the Java Runtime Environment:
#
#  SIGSEGV (0xb) at pc=0x00007fedc8e533fc, pid=1428147, tid=1428148
#
# JRE version: OpenJDK Runtime Environment Temurin-17.0.8.1+1 (17.0.8.1+1) (build 17.0.8.1+1)
# Java VM: OpenJDK 64-Bit Server VM Temurin-17.0.8.1+1 (17.0.8.1+1, mixed mode, tiered, compressed oops, compressed class ptrs, g1 gc, linux-amd64)
# Problematic frame:
# C  [libc.so.6+0x453fc]
#
# Core dump will be written. Default location: Core dumps may be processed with "/usr/share/apport/apport -p%p -s%s -c%c -d%d -P%P -u%u -g%g -F%F -- %E" (or dumping to /home/antpe029/TDDI11/chap5/core.1428147)
#
# If you would like to submit a bug report, please visit:
#   https://github.com/adoptium/adoptium-support/issues
# The crash happened outside the Java Virtual Machine in native code.
# See problematic frame for where to report the bug.
#

---------------  S U M M A R Y ------------

Command Line: -Dosgi.requiredJavaVersion=1.8 -Dosgi.instance.area.default=@user.home/STM32CubeIDE/workspace_1.14.0 -Declipse.buildId=Version 1.14.0 -DproductMaturityGrade=mm -Djdk.http.auth.tunneling.disabledSchemes= -XX:+UseG1GC -XX:+UseStringDeduplication -Xms256m -Xmx1024m /opt/liu/stm32cubeide/1.14.0/2//plugins/org.eclipse.equinox.launcher_1.6.500.v20230717-2134.jar -os linux -ws gtk -arch x86_64 -showsplash -launcher /opt/liu/stm32cubeide/1.14.0/2/stm32cubeide -name Stm32cubeide --launcher.library /opt/liu/stm32cubeide/1.14.0/2//plugins/org.eclipse.equinox.launcher.gtk.linux.x86_64_1.2.700.v20221108-1024/eclipse_11801.so -startup /opt/liu/stm32cubeide/1.14.0/2//plugins/org.eclipse.equinox.launcher_1.6.500.v20230717-2134.jar --launcher.overrideVmargs -exitdata 2f0046 -vm /opt/liu/stm32cubeide/1.14.0/2//plugins/com.st.stm32cube.ide.jre.linux64_3.1.0.202310310920/jre/bin/java -vmargs -Dosgi.requiredJavaVersion=1.8 -Dosgi.instance.area.default=@user.home/STM32CubeIDE/workspace_1.14.0 -Declipse.buildId=Version 1.14.0 -DproductMaturityGrade=mm -Djdk.http.auth.tunneling.disabledSchemes= -XX:+UseG1GC -XX:+UseStringDeduplication -Xms256m -Xmx1024m -jar /opt/liu/stm32cubeide/1.14.0/2//plugins/org.eclipse.equinox.launcher_1.6.500.v20230717-2134.jar

Host: Intel Xeon Processor (Cascadelake), 20 cores, 40G, Ubuntu 22.04.5 LTS
Time: Wed May  6 17:46:57 2026 CEST elapsed time: 2476.299895 seconds (0d 0h 41m 16s)

---------------  T H R E A D  ---------------

Current thread (0x00007fedc0026eb0):  JavaThread "main" [_thread_in_native, id=1428148, stack(0x00007fedc78d5000,0x00007fedc79d5000)]

Stack: [0x00007fedc78d5000,0x00007fedc79d5000],  sp=0x00007fedc79cd700,  free space=993k
Native frames: (J=compiled Java code, j=interpreted, Vv=VM code, C=native code)
C  [libc.so.6+0x453fc]

Java frames: (J=compiled Java code, j=interpreted, Vv=VM code)
J 10289  org.eclipse.swt.internal.gtk.GDK.gdk_window_get_origin(J[I[I)I (0 bytes) @ 0x00007fedb0e43409 [0x00007fedb0e433a0+0x0000000000000069]
J 19407 c1 org.eclipse.swt.widgets.Control.getWindowOrigin()Lorg/eclipse/swt/graphics/Point; (34 bytes) @ 0x00007fedaad8feac [0x00007fedaad8fc60+0x000000000000024c]
J 20373 c1 org.eclipse.swt.widgets.Display.mapInPixels(Lorg/eclipse/swt/widgets/Control;Lorg/eclipse/swt/widgets/Control;II)Lorg/eclipse/swt/graphics/Point; (217 bytes) @ 0x00007fedaac7bd84 [0x00007fedaac7b5a0+0x00000000000007e4]
J 17633 c2 org.eclipse.swt.widgets.Control.drawBackground(Lorg/eclipse/swt/widgets/Control;JJIIII)V (431 bytes) @ 0x00007fedb12f91e4 [0x00007fedb12f90a0+0x0000000000000144]
J 14609 c2 org.eclipse.swt.widgets.Control.windowProc(JJJ)J (285 bytes) @ 0x00007fedb1029a50 [0x00007fedb10298e0+0x0000000000000170]
J 14591 c2 org.eclipse.swt.widgets.Display.windowProc(JJJ)J (24 bytes) @ 0x00007fedb1027538 [0x00007fedb1027420+0x0000000000000118]
v  ~StubRoutines::call_stub
J 4290  org.eclipse.swt.internal.gtk3.GTK3.gtk_main_do_event(J)V (0 bytes) @ 0x00007fedb0ad84e1 [0x00007fedb0ad84a0+0x0000000000000041]
J 18570 c2 org.eclipse.swt.widgets.Display.eventProc(JJ)J (212 bytes) @ 0x00007fedb11e0ca4 [0x00007fedb11e0c00+0x00000000000000a4]
v  ~StubRoutines::call_stub
J 5511  org.eclipse.swt.internal.gtk3.GTK3.gtk_main_iteration_do(Z)Z (0 bytes) @ 0x00007fedb0a18361 [0x00007fedb0a18320+0x0000000000000041]
J 16939 c2 org.eclipse.swt.widgets.Display.readAndDispatch()Z (88 bytes) @ 0x00007fedb0e1c6d4 [0x00007fedb0e1c600+0x00000000000000d4]
J 22619% c2 org.eclipse.e4.ui.internal.workbench.swt.PartRenderingEngine$5.run()V (690 bytes) @ 0x00007fedb18ab948 [0x00007fedb18ab7c0+0x0000000000000188]
j  org.eclipse.core.databinding.observable.Realm.runWithDefault(Lorg/eclipse/core/databinding/observable/Realm;Ljava/lang/Runnable;)V+12
j  org.eclipse.e4.ui.internal.workbench.swt.PartRenderingEngine.run(Lorg/eclipse/e4/ui/model/application/MApplicationElement;Lorg/eclipse/e4/core/contexts/IEclipseContext;)Ljava/lang/Object;+57
j  org.eclipse.e4.ui.internal.workbench.E4Workbench.createAndRunUI(Lorg/eclipse/e4/ui/model/application/MApplicationElement;)V+20
j  org.eclipse.ui.internal.Workbench.lambda$3(Lorg/eclipse/swt/widgets/Display;Lorg/eclipse/ui/application/WorkbenchAdvisor;[I)V+382
j  org.eclipse.ui.internal.Workbench$$Lambda$244+0x000000010027a9b0.run()V+12
j  org.eclipse.core.databinding.observable.Realm.runWithDefault(Lorg/eclipse/core/databinding/observable/Realm;Ljava/lang/Runnable;)V+12
j  org.eclipse.ui.internal.Workbench.createAndRunWorkbench(Lorg/eclipse/swt/widgets/Display;Lorg/eclipse/ui/application/WorkbenchAdvisor;)I+16
j  org.eclipse.ui.PlatformUI.createAndRunWorkbench(Lorg/eclipse/swt/widgets/Display;Lorg/eclipse/ui/application/WorkbenchAdvisor;)I+2
j  org.eclipse.ui.internal.ide.application.IDEApplication.start(Lorg/eclipse/equinox/app/IApplicationContext;)Ljava/lang/Object;+113
j  org.eclipse.equinox.internal.app.EclipseAppHandle.run(Ljava/lang/Object;)Ljava/lang/Object;+138
j  org.eclipse.core.runtime.internal.adaptor.EclipseAppLauncher.runApplication(Ljava/lang/Object;)Ljava/lang/Object;+85
j  org.eclipse.core.runtime.internal.adaptor.EclipseAppLauncher.start(Ljava/lang/Object;)Ljava/lang/Object;+79
j  org.eclipse.core.runtime.adaptor.EclipseStarter.run(Ljava/lang/Object;)Ljava/lang/Object;+99
j  org.eclipse.core.runtime.adaptor.EclipseStarter.run([Ljava/lang/String;Ljava/lang/Runnable;)Ljava/lang/Object;+132
v  ~StubRoutines::call_stub
j  jdk.internal.reflect.NativeMethodAccessorImpl.invoke0(Ljava/lang/reflect/Method;Ljava/lang/Object;[Ljava/lang/Object;)Ljava/lang/Object;+0 java.base@17.0.8.1
j  jdk.internal.reflect.NativeMethodAccessorImpl.invoke(Ljava/lang/Object;[Ljava/lang/Object;)Ljava/lang/Object;+133 java.base@17.0.8.1
j  jdk.internal.reflect.DelegatingMethodAccessorImpl.invoke(Ljava/lang/Object;[Ljava/lang/Object;)Ljava/lang/Object;+6 java.base@17.0.8.1
j  java.lang.reflect.Method.invoke(Ljava/lang/Object;[Ljava/lang/Object;)Ljava/lang/Object;+59 java.base@17.0.8.1
j  org.eclipse.equinox.launcher.Main.invokeFramework([Ljava/lang/String;[Ljava/net/URL;)V+201
j  org.eclipse.equinox.launcher.Main.basicRun([Ljava/lang/String;)V+159
j  org.eclipse.equinox.launcher.Main.run([Ljava/lang/String;)I+4
j  org.eclipse.equinox.launcher.Main.main([Ljava/lang/String;)V+10
v  ~StubRoutines::call_stub

siginfo: si_signo: 11 (SIGSEGV), si_code: 128 (SI_KERNEL), si_addr: 0x0000000000000000

Register to memory mapping:

RAX=0x00007fedc9028cdf: <offset 0x000000000021acdf> in /lib/x86_64-linux-gnu/libc.so.6 at 0x00007fedc8e0e000
RBX=0x0 is NULL
RCX=0x00007fedc8e9f25b: __lll_lock_wait_private+0x000000000000002b in /lib/x86_64-linux-gnu/libc.so.6 at 0x00007fedc8e0e000
RDX=0x000ffdb920519be0 is an unknown value
RSP=0x00007fedc79cd700 is pointing into the stack for thread: 0x00007fedc0026eb0
RBP=0x0000000000000001 is an unknown value
RSI=0x0000000000000080 is an unknown value
RDI=0x00007fedc9029ee8: <offset 0x000000000021bee8> in /lib/x86_64-linux-gnu/libc.so.6 at 0x00007fedc8e0e000
R8 =0x00007fedc19b0740 points into unknown readable memory: 0x00007fedc8d6f660 | 60 f6 d6 c8 ed 7f 00 00
R9 =0x0 is NULL
R10=0x0 is NULL
R11=0x0000000000000246 is an unknown value
R12=0x00007fedc9028838: <offset 0x000000000021a838> in /lib/x86_64-linux-gnu/libc.so.6 at 0x00007fedc8e0e000
R13=0x00007fedc8de2ba0: <offset 0x0000000001321ba0> in /opt/liu/stm32cubeide/1.14.0/2/plugins/com.st.stm32cube.ide.jre.linux64_3.1.0.202310310920/jre/lib/server/libjvm.so at 0x00007fedc7ac1000
R14=0x00007fedc9029ee8: <offset 0x000000000021bee8> in /lib/x86_64-linux-gnu/libc.so.6 at 0x00007fedc8e0e000
R15=0x0000555f355c9460 points into unknown readable memory: 0x00007fedc9028ce0 | e0 8c 02 c9 ed 7f 00 00


Registers:
RAX=0x00007fedc9028cdf, RBX=0x0000000000000000, RCX=0x00007fedc8e9f25b, RDX=0x000ffdb920519be0
RSP=0x00007fedc79cd700, RBP=0x0000000000000001, RSI=0x0000000000000080, RDI=0x00007fedc9029ee8
R8 =0x00007fedc19b0740, R9 =0x0000000000000000, R10=0x0000000000000000, R11=0x0000000000000246
R12=0x00007fedc9028838, R13=0x00007fedc8de2ba0, R14=0x00007fedc9029ee8, R15=0x0000555f355c9460
RIP=0x00007fedc8e533fc, EFLAGS=0x0000000000010202, CSGSFS=0x002b000000000033, ERR=0x0000000000000000
  TRAPNO=0x000000000000000d

Top of Stack: (sp=0x00007fedc79cd700)
0x00007fedc79cd700:   00007fedc04e1960 00007fed6ae6e71c
0x00007fedc79cd710:   00007fedc04e3cc0 000000010000008c
0x00007fedc79cd720:   00007fedc04e8f80 00007fed6ae6aed0
0x00007fedc79cd730:   00007fedc04e1960 0000000000000000 

Instructions: (pc=0x00007fedc8e533fc)
0x00007fedc8e532fc:   75 22 48 c7 03 00 00 00 00 31 c0 87 05 bb 6b 1d
0x00007fedc8e5330c:   00 83 f8 01 7f 26 31 c0 5b c3 66 2e 0f 1f 84 00
0x00007fedc8e5331c:   00 00 00 00 e8 4b 30 fe ff 48 c7 05 88 6b 1d 00
0x00007fedc8e5332c:   00 00 00 00 eb cc 66 0f 1f 44 00 00 48 8d 3d 89
0x00007fedc8e5333c:   6b 1d 00 e8 bc bf 04 00 31 c0 5b c3 0f 1f 84 00
0x00007fedc8e5334c:   00 00 00 00 48 8d 3d 71 6b 1d 00 e8 d4 be 04 00
0x00007fedc8e5335c:   eb 88 66 90 f3 0f 1e fa 48 8b 05 15 4b 1d 00 8b
0x00007fedc8e5336c:   00 85 c0 75 0f e9 fa f7 ff ff 66 2e 0f 1f 84 00
0x00007fedc8e5337c:   00 00 00 00 31 c0 c3 66 2e 0f 1f 84 00 00 00 00
0x00007fedc8e5338c:   00 0f 1f 00 f3 0f 1e fa 41 57 41 56 41 55 41 54
0x00007fedc8e5339c:   49 89 f4 55 89 fd 53 48 83 ec 28 89 54 24 1c 84
0x00007fedc8e533ac:   c9 0f 85 11 02 00 00 4c 8d 35 2e 6b 1d 00 31 c0
0x00007fedc8e533bc:   ba 01 00 00 00 f0 41 0f b1 16 0f 85 02 02 00 00
0x00007fedc8e533cc:   31 db 4d 8b 3c 24 4d 85 ff 0f 84 35 01 00 00 0f
0x00007fedc8e533dc:   1f 44 00 00 49 8b 47 08 48 85 c0 0f 84 13 01 00
0x00007fedc8e533ec:   00 48 83 e8 01 48 89 c2 49 89 47 08 48 c1 e2 05
0x00007fedc8e533fc:   49 8b 4c 17 10 48 83 f9 03 0f 84 ad 00 00 00 48
0x00007fedc8e5340c:   83 f9 04 74 4f 48 83 f9 02 75 cd 4c 01 fa 48 8b
0x00007fedc8e5341c:   42 18 48 8b 72 20 89 da 48 c1 c8 11 64 48 33 04
0x00007fedc8e5342c:   25 30 00 00 00 41 87 16 83 fa 01 0f 8f 1b 01 00
0x00007fedc8e5343c:   00 89 ef ff d0 ba 01 00 00 00 89 d8 f0 41 0f b1
0x00007fedc8e5344c:   16 74 91 4c 89 f7 e8 d9 bd 04 00 eb 87 0f 1f 80
0x00007fedc8e5345c:   00 00 00 00 4c 01 fa 48 8b 42 18 4c 8b 6a 20 48
0x00007fedc8e5346c:   c7 42 10 00 00 00 00 89 da 48 c1 c8 11 64 48 33
0x00007fedc8e5347c:   04 25 30 00 00 00 41 87 16 83 fa 01 0f 8f 12 01
0x00007fedc8e5348c:   00 00 89 ee 4c 89 ef ff d0 ba 01 00 00 00 89 d8
0x00007fedc8e5349c:   f0 41 0f b1 16 0f 84 39 ff ff ff 4c 89 f7 e8 81
0x00007fedc8e534ac:   bd 04 00 e9 2c ff ff ff 0f 1f 40 00 49 8b 44 17
0x00007fedc8e534bc:   18 89 da 48 c1 c8 11 64 48 33 04 25 30 00 00 00
0x00007fedc8e534cc:   41 87 16 83 fa 01 0f 8f a8 00 00 00 ff d0 ba 01
0x00007fedc8e534dc:   00 00 00 89 d8 f0 41 0f b1 16 0f 84 f4 fe ff ff
0x00007fedc8e534ec:   4c 89 f7 e8 3c bd 04 00 e9 e7 fe ff ff 0f 1f 80 


Stack slot to memory mapping:
stack at sp + 0 slots: 0x00007fedc04e1960 points into unknown readable memory: 0x0000000000000000 | 00 00 00 00 00 00 00 00
stack at sp + 1 slots: 0x00007fed6ae6e71c: _XSend+0x00000000000001bc in /lib/x86_64-linux-gnu/libX11.so.6 at 0x00007fed6ae2d000
stack at sp + 2 slots: 0x00007fedc04e3cc0 points into unknown readable memory: 0x0000000000000001 | 01 00 00 00 00 00 00 00
stack at sp + 3 slots: 0x000000010000008c is pointing into metadata
stack at sp + 4 slots: 0x00007fedc04e8f80 points into unknown readable memory: 0x04c131b40006048b | 8b 04 06 00 b4 31 c1 04
stack at sp + 5 slots: 0x00007fed6ae6aed0: _XDefaultIOErrorExit+0x0000000000000000 in /lib/x86_64-linux-gnu/libX11.so.6 at 0x00007fed6ae2d000
stack at sp + 6 slots: 0x00007fedc04e1960 points into unknown readable memory: 0x0000000000000000 | 00 00 00 00 00 00 00 00
stack at sp + 7 slots: 0x0 is NULL


---------------  P R O C E S S  ---------------

Threads class SMR info:
_java_thread_list=0x00007fec68028f10, length=51, elements={
0x00007fedc0026eb0, 0x00007fedc01ef520, 0x00007fedc01f0b40, 0x00007fedc0217220,
0x00007fedc02185e0, 0x00007fedc0219a00, 0x00007fedc021b3f0, 0x00007fedc021c930,
0x00007fedc021ddb0, 0x00007fedc02b2710, 0x00007fedc02bbc90, 0x00007fedc05a0890,
0x00007fedc081c600, 0x00007fedc0547a30, 0x00007fecc0030890, 0x00007fecc045be80,
0x00007fecc054ced0, 0x00007fec9805ad90, 0x00007fedc0b226e0, 0x00007fedc17a0450,
0x00007fedc2e60780, 0x00007fedc1d70af0, 0x00007fec7c13c6c0, 0x00007fec7c32af10,
0x00007fec58000ff0, 0x00007fec74081b70, 0x00007fec74083520, 0x00007fec7001cf90,
0x00007fec7001fc90, 0x00007fec70021c10, 0x00007fec74477020, 0x00007fec7473a690,
0x00007fec7473b110, 0x00007fec753242e0, 0x00007fec75327fc0, 0x00007fec75330b90,
0x00007fec3005e510, 0x00007fed4858f8c0, 0x00007fecb800cc10, 0x00007fecb8010ae0,
0x00007fec3c72c5b0, 0x00007fecb80144e0, 0x00007fecb801e740, 0x00007febf0000bd0,
0x00007fecb8022e40, 0x00007fecb8023c40, 0x00007fec755facb0, 0x00007fec75626250,
0x00007fecb4250770, 0x00007fecb40a2870, 0x00007febfc006ad0
}

Java Threads: ( => current thread )
=>0x00007fedc0026eb0 JavaThread "main" [_thread_in_native, id=1428148, stack(0x00007fedc78d5000,0x00007fedc79d5000)]
  0x00007fedc01ef520 JavaThread "Reference Handler" daemon [_thread_blocked, id=1428156, stack(0x00007feda4bc9000,0x00007feda4cc9000)]
  0x00007fedc01f0b40 JavaThread "Finalizer" daemon [_thread_blocked, id=1428157, stack(0x00007feda4ac9000,0x00007feda4bc9000)]
  0x00007fedc0217220 JavaThread "Signal Dispatcher" daemon [_thread_blocked, id=1428158, stack(0x00007feda43c0000,0x00007feda44c0000)]
  0x00007fedc02185e0 JavaThread "Service Thread" daemon [_thread_blocked, id=1428159, stack(0x00007feda42c0000,0x00007feda43c0000)]
  0x00007fedc0219a00 JavaThread "Monitor Deflation Thread" daemon [_thread_blocked, id=1428160, stack(0x00007feda41c0000,0x00007feda42c0000)]
  0x00007fedc021b3f0 JavaThread "C2 CompilerThread0" daemon [_thread_blocked, id=1428161, stack(0x00007feda40c0000,0x00007feda41c0000)]
  0x00007fedc021c930 JavaThread "C1 CompilerThread0" daemon [_thread_blocked, id=1428162, stack(0x00007fed6bf00000,0x00007fed6c000000)]
  0x00007fedc021ddb0 JavaThread "Sweeper thread" daemon [_thread_blocked, id=1428163, stack(0x00007fed6be00000,0x00007fed6bf00000)]
  0x00007fedc02b2710 JavaThread "Notification Thread" daemon [_thread_blocked, id=1428165, stack(0x00007fed6bc00000,0x00007fed6bd00000)]
  0x00007fedc02bbc90 JavaThread "Common-Cleaner" daemon [_thread_blocked, id=1428167, stack(0x00007fed6b9fe000,0x00007fed6bafe000)]
  0x00007fedc05a0890 JavaThread "Active Thread: Equinox Container: 376b2b17-97e2-42b7-bfe3-905a6b03cc9c" [_thread_blocked, id=1428228, stack(0x00007fed16ce0000,0x00007fed16de0000)]
  0x00007fedc081c600 JavaThread "Framework Event Dispatcher: Equinox Container: 376b2b17-97e2-42b7-bfe3-905a6b03cc9c" daemon [_thread_blocked, id=1428231, stack(0x00007fed16de0000,0x00007fed16ee0000)]
  0x00007fedc0547a30 JavaThread "Start Level: Equinox Container: 376b2b17-97e2-42b7-bfe3-905a6b03cc9c" daemon [_thread_blocked, id=1428232, stack(0x00007fed16be0000,0x00007fed16ce0000)]
  0x00007fecc0030890 JavaThread "SCR Component Actor" daemon [_thread_blocked, id=1428233, stack(0x00007fed16ae0000,0x00007fed16be0000)]
  0x00007fecc045be80 JavaThread "Bundle File Closer" daemon [_thread_blocked, id=1428245, stack(0x00007fed168e0000,0x00007fed169e0000)]
  0x00007fecc054ced0 JavaThread "EMF Reference Cleaner" daemon [_thread_blocked, id=1428283, stack(0x00007fed165e0000,0x00007fed166e0000)]
  0x00007fec9805ad90 JavaThread "Worker-JM" [_thread_blocked, id=1428295, stack(0x00007fed160da000,0x00007fed161da000)]
  0x00007fedc0b226e0 JavaThread "Gogo shell" [_thread_blocked, id=1428301, stack(0x00007fed15fda000,0x00007fed160da000)]
  0x00007fedc17a0450 JavaThread "org.eclipse.cdt.internal.ui.text.CReconciler" daemon [_thread_blocked, id=1428688, stack(0x00007fed15900000,0x00007fed15a00000)]
  0x00007fedc2e60780 JavaThread "Timer-1" daemon [_thread_blocked, id=1428717, stack(0x00007fed14000000,0x00007fed14100000)]
  0x00007fedc1d70af0 JavaThread "EventAdmin Async Event Dispatcher Thread" daemon [_thread_blocked, id=1428733, stack(0x00007fed170e4000,0x00007fed171e4000)]
  0x00007fec7c13c6c0 JavaThread "pool-3-thread-1" [_thread_blocked, id=1428734, stack(0x00007fec8d1e2000,0x00007fec8d2e2000)]
  0x00007fec7c32af10 JavaThread "pool-4-thread-1" [_thread_blocked, id=1428735, stack(0x00007fec8d2e2000,0x00007fec8d3e2000)]
  0x00007fec58000ff0 JavaThread "Worker-10" [_thread_blocked, id=1428744, stack(0x00007fec8cfe2000,0x00007fec8d0e2000)]
  0x00007fec74081b70 JavaThread "Java2D Disposer" daemon [_thread_blocked, id=1428747, stack(0x00007fec8cd7d000,0x00007fec8ce7d000)]
  0x00007fec74083520 JavaThread "AWT-XAWT" daemon [_thread_in_native, id=1428748, stack(0x00007fec8ca77000,0x00007fec8cb77000)]
  0x00007fec7001cf90 JavaThread "RMI TCP Accept-41338" daemon [_thread_in_native, id=1428848, stack(0x00007fec8c977000,0x00007fec8ca77000)]
  0x00007fec7001fc90 JavaThread "RMI Reaper" [_thread_blocked, id=1428849, stack(0x00007fec2fbfa000,0x00007fec2fcfa000)]
  0x00007fec70021c10 JavaThread "RMI GC Daemon" daemon [_thread_blocked, id=1428850, stack(0x00007fec2fafa000,0x00007fec2fbfa000)]
  0x00007fec74477020 JavaThread "TimerQueue" daemon [_thread_blocked, id=1428852, stack(0x00007fed161da000,0x00007fed162da000)]
  0x00007fec7473a690 JavaThread "AWT-Shutdown" [_thread_blocked, id=1428879, stack(0x00007fec8c877000,0x00007fec8c977000)]
  0x00007fec7473b110 JavaThread "AWT-EventQueue-0" [_thread_blocked, id=1428880, stack(0x00007fed395ac000,0x00007fed396ac000)]
  0x00007fec753242e0 JavaThread "process reaper (pid 1429086)" daemon [_thread_in_native, id=1429028, stack(0x00007feda5099000,0x00007feda50bb000)]
  0x00007fec75327fc0 JavaThread "IPC Server Thread" daemon [_thread_in_native, id=1429084, stack(0x00007fed169e0000,0x00007fed16ae0000)]
  0x00007fec75330b90 JavaThread "Chromium Process Thread" [_thread_blocked, id=1429085, stack(0x00007fec8c477000,0x00007fec8c577000)]
  0x00007fec3005e510 JavaThread "Chromium Process Logger" daemon [_thread_in_native, id=1429087, stack(0x00007fec8c377000,0x00007fec8c477000)]
  0x00007fed4858f8c0 JavaThread "IPC Memory Reader Thread" [_thread_in_native, id=1429122, stack(0x00007fed3b6bb000,0x00007fed3beba000)]
  0x00007fecb800cc10 JavaThread "Browser Thread: 17e257a8-9715-4c03-ba9b-749d65d1aef3" daemon [_thread_blocked, id=1429123, stack(0x00007fed6b6fe000,0x00007fed6b7fe000)]
  0x00007fecb8010ae0 JavaThread "Socket Connection Checker: 17e257a8-9715-4c03-ba9b-749d65d1aef3" [_thread_in_native, id=1429124, stack(0x00007fed6b8fe000,0x00007fed6b9fe000)]
  0x00007fec3c72c5b0 JavaThread "IPC Memory Reader Thread" [_thread_in_native, id=1429256, stack(0x00007fec2ef0e000,0x00007fec2f70d000)]
  0x00007fecb80144e0 JavaThread "GPU Thread: 3147b64f-bb14-4236-b3eb-b4bc37439a27" daemon [_thread_blocked, id=1429257, stack(0x00007fec2f8fa000,0x00007fec2f9fa000)]
  0x00007fecb801e740 JavaThread "Socket Connection Checker: 3147b64f-bb14-4236-b3eb-b4bc37439a27" [_thread_in_native, id=1429259, stack(0x00007fec8c577000,0x00007fec8c677000)]
  0x00007febf0000bd0 JavaThread "IPC Memory Reader Thread" [_thread_in_native, id=1429290, stack(0x00007fec2df0c000,0x00007fec2e70b000)]
  0x00007fecb8022e40 JavaThread "Render Thread: 53fd9433-f0ca-49b6-9e3b-0d956fa7251f" daemon [_thread_blocked, id=1429291, stack(0x00007fed39321000,0x00007fed39421000)]
  0x00007fecb8023c40 JavaThread "Socket Connection Checker: 53fd9433-f0ca-49b6-9e3b-0d956fa7251f" [_thread_in_native, id=1429292, stack(0x00007fec2de0a000,0x00007fec2df0a000)]
  0x00007fec755facb0 JavaThread "Browser Widget Thread" [_thread_blocked, id=1429325, stack(0x00007fec2d90a000,0x00007fec2da0a000)]
  0x00007fec75626250 JavaThread "Serial Ports Filter" daemon [_thread_blocked, id=1429327, stack(0x00007fec2d70a000,0x00007fec2d80a000)]
  0x00007fecb4250770 JavaThread "Provisioning Event Dispatcher" daemon [_thread_blocked, id=1430349, stack(0x00007fec2dc0a000,0x00007fec2dd0a000)]
  0x00007fecb40a2870 JavaThread "Worker-16" [_thread_blocked, id=1434749, stack(0x00007fec8c677000,0x00007fec8c777000)]
  0x00007febfc006ad0 JavaThread "pool-5-thread-1" [_thread_blocked, id=1436263, stack(0x00007fed394ac000,0x00007fed395ac000)]

Other Threads:
  0x00007fedc01dfd90 VMThread "VM Thread" [stack: 0x00007feda4ccb000,0x00007feda4dcb000] [id=1428155]
  0x00007fedc02b4110 WatcherThread [stack: 0x00007fed6bb00000,0x00007fed6bc00000] [id=1428166]
  0x00007fedc0066580 GCTaskThread "GC Thread#0" [stack: 0x00007fedc4740000,0x00007fedc4840000] [id=1428149]
  0x00007fed88007330 GCTaskThread "GC Thread#1" [stack: 0x00007fed383ac000,0x00007fed384ac000] [id=1428206]
  0x00007fed88007da0 GCTaskThread "GC Thread#2" [stack: 0x00007fed382aa000,0x00007fed383aa000] [id=1428207]
  0x00007fed88008810 GCTaskThread "GC Thread#3" [stack: 0x00007fed381a8000,0x00007fed382a8000] [id=1428208]
  0x00007fed88009280 GCTaskThread "GC Thread#4" [stack: 0x00007fed380a6000,0x00007fed381a6000] [id=1428209]
  0x00007fed88009cf0 GCTaskThread "GC Thread#5" [stack: 0x00007fed17f00000,0x00007fed18000000] [id=1428210]
  0x00007fed8800e440 GCTaskThread "GC Thread#6" [stack: 0x00007fed17dfe000,0x00007fed17efe000] [id=1428211]
  0x00007fed8800eeb0 GCTaskThread "GC Thread#7" [stack: 0x00007fed17cfc000,0x00007fed17dfc000] [id=1428212]
  0x00007fed8800f940 GCTaskThread "GC Thread#8" [stack: 0x00007fed17bfa000,0x00007fed17cfa000] [id=1428213]
  0x00007fed880103f0 GCTaskThread "GC Thread#9" [stack: 0x00007fed17af8000,0x00007fed17bf8000] [id=1428214]
  0x00007fed88010ea0 GCTaskThread "GC Thread#10" [stack: 0x00007fed179f6000,0x00007fed17af6000] [id=1428215]
  0x00007fed88011950 GCTaskThread "GC Thread#11" [stack: 0x00007fed178f4000,0x00007fed179f4000] [id=1428216]
  0x00007fed880127f0 GCTaskThread "GC Thread#12" [stack: 0x00007fed177f2000,0x00007fed178f2000] [id=1428217]
  0x00007fed88013690 GCTaskThread "GC Thread#13" [stack: 0x00007fed176f0000,0x00007fed177f0000] [id=1428218]
  0x00007fed88014530 GCTaskThread "GC Thread#14" [stack: 0x00007fed175ee000,0x00007fed176ee000] [id=1428219]
  0x00007fedc006fbb0 ConcurrentGCThread "G1 Main Marker" [stack: 0x00007fedc463e000,0x00007fedc473e000] [id=1428150]
  0x00007fedc0070b30 ConcurrentGCThread "G1 Conc#0" [stack: 0x00007fedc453c000,0x00007fedc463c000] [id=1428151]
  0x00007fed98000eb0 ConcurrentGCThread "G1 Conc#1" [stack: 0x00007fed164e0000,0x00007fed165e0000] [id=1428280]
  0x00007fed98001680 ConcurrentGCThread "G1 Conc#2" [stack: 0x00007fed163de000,0x00007fed164de000] [id=1428281]
  0x00007fed98001f40 ConcurrentGCThread "G1 Conc#3" [stack: 0x00007fed162dc000,0x00007fed163dc000] [id=1428282]
  0x00007fedc015bfc0 ConcurrentGCThread "G1 Refine#0" [stack: 0x00007feda51bf000,0x00007feda52bf000] [id=1428152]
  0x00007fed90000eb0 ConcurrentGCThread "G1 Refine#1" [stack: 0x00007fed174ec000,0x00007fed175ec000] [id=1428220]
  0x00007fecec000eb0 ConcurrentGCThread "G1 Refine#2" [stack: 0x00007fed173ea000,0x00007fed174ea000] [id=1428221]
  0x00007fece0000eb0 ConcurrentGCThread "G1 Refine#3" [stack: 0x00007fed172e8000,0x00007fed173e8000] [id=1428222]
  0x00007fece4000eb0 ConcurrentGCThread "G1 Refine#4" [stack: 0x00007fed171e6000,0x00007fed172e6000] [id=1428223]
  0x00007fecd8000eb0 ConcurrentGCThread "G1 Refine#5" [stack: 0x00007fed16fe4000,0x00007fed170e4000] [id=1428225]
  0x00007fecd0000eb0 ConcurrentGCThread "G1 Refine#6" [stack: 0x00007fed16ee2000,0x00007fed16fe2000] [id=1428226]
  0x00007fecd4000eb0 ConcurrentGCThread "G1 Refine#7" [stack: 0x00007fec8c277000,0x00007fec8c377000] [id=1428838]
  0x00007fec400194b0 ConcurrentGCThread "G1 Refine#8" [stack: 0x00007fec8c175000,0x00007fec8c275000] [id=1428839]
  0x00007fec4c001280 ConcurrentGCThread "G1 Refine#9" [stack: 0x00007fec8c073000,0x00007fec8c173000] [id=1428840]
  0x00007fec28000d70 ConcurrentGCThread "G1 Refine#10" [stack: 0x00007fec2ff00000,0x00007fec30000000] [id=1428841]
  0x00007fec24000d70 ConcurrentGCThread "G1 Refine#11" [stack: 0x00007fec2fdfe000,0x00007fec2fefe000] [id=1428842]
  0x00007fec1c000d70 ConcurrentGCThread "G1 Refine#12" [stack: 0x00007fec2fcfc000,0x00007fec2fdfc000] [id=1428843]
  0x00007fedc015ceb0 ConcurrentGCThread "G1 Service" [stack: 0x00007feda50bd000,0x00007feda51bd000] [id=1428153]
  0x00007fedc01db7a0 ConcurrentGCThread "StringDedupProcessor" [stack: 0x00007feda4e9e000,0x00007feda4f9e000] [id=1428154]

Threads with active compile tasks:

VM state: not at safepoint (normal execution)

VM Mutex/Monitor currently owned by a thread: None

Heap address: 0x00000000c0000000, size: 1024 MB, Compressed Oops mode: 32-bit

CDS archive(s) not mapped
Compressed class space mapped at: 0x0000000100000000-0x0000000140000000, reserved size: 1073741824
Narrow klass base: 0x0000000000000000, Narrow klass shift: 3, Narrow klass range: 0x140000000

GC Precious Log:
 CPUs: 20 total, 20 available
 Memory: 41126M
 Large Page Support: Disabled
 NUMA Support: Disabled
 Compressed Oops: Enabled (32-bit)
 Heap Region Size: 1M
 Heap Min Capacity: 256M
 Heap Initial Capacity: 256M
 Heap Max Capacity: 1G
 Pre-touch: Disabled
 Parallel Workers: 15
 Concurrent Workers: 4
 Concurrent Refinement Workers: 15
 Periodic GC: Disabled
 String Deduplication is enabled

Heap:
 garbage-first heap   total 1048576K, used 842093K [0x00000000c0000000, 0x0000000100000000)
  region size 1024K, 212 young (217088K), 2 survivors (2048K)
 Metaspace       used 163471K, committed 166272K, reserved 1245184K
  class space    used 19245K, committed 20480K, reserved 1048576K

Heap Regions: E=young(eden), S=young(survivor), O=old, HS=humongous(starts), HC=humongous(continues), CS=collection set, F=free, OA=open archive, CA=closed archive, TAMS=top-at-mark-start (previous, next)
|   0|0x00000000c0000000, 0x00000000c0100000, 0x00000000c0100000|100%| O|  |TAMS 0x00000000c0100000, 0x00000000c0000000| Untracked 
|   1|0x00000000c0100000, 0x00000000c0200000, 0x00000000c0200000|100%| O|  |TAMS 0x00000000c0200000, 0x00000000c0100000| Untracked 
|   2|0x00000000c0200000, 0x00000000c0300000, 0x00000000c0300000|100%| O|  |TAMS 0x00000000c0300000, 0x00000000c0200000| Untracked 
|   3|0x00000000c0300000, 0x00000000c0400000, 0x00000000c0400000|100%| O|  |TAMS 0x00000000c0400000, 0x00000000c0300000| Untracked 
|   4|0x00000000c0400000, 0x00000000c0500000, 0x00000000c0500000|100%| O|  |TAMS 0x00000000c0500000, 0x00000000c0400000| Untracked 
|   5|0x00000000c0500000, 0x00000000c0600000, 0x00000000c0600000|100%| O|  |TAMS 0x00000000c0600000, 0x00000000c0500000| Untracked 
|   6|0x00000000c0600000, 0x00000000c0700000, 0x00000000c0700000|100%| O|  |TAMS 0x00000000c0700000, 0x00000000c0600000| Untracked 
|   7|0x00000000c0700000, 0x00000000c0800000, 0x00000000c0800000|100%| O|  |TAMS 0x00000000c0800000, 0x00000000c0700000| Untracked 
|   8|0x00000000c0800000, 0x00000000c0900000, 0x00000000c0900000|100%| O|  |TAMS 0x00000000c0900000, 0x00000000c0800000| Untracked 
|   9|0x00000000c0900000, 0x00000000c0a00000, 0x00000000c0a00000|100%| O|  |TAMS 0x00000000c0a00000, 0x00000000c0900000| Untracked 
|  10|0x00000000c0a00000, 0x00000000c0b00000, 0x00000000c0b00000|100%| O|  |TAMS 0x00000000c0b00000, 0x00000000c0a00000| Untracked 
|  11|0x00000000c0b00000, 0x00000000c0c00000, 0x00000000c0c00000|100%| O|  |TAMS 0x00000000c0c00000, 0x00000000c0b00000| Untracked 
|  12|0x00000000c0c00000, 0x00000000c0d00000, 0x00000000c0d00000|100%| O|  |TAMS 0x00000000c0d00000, 0x00000000c0c00000| Untracked 
|  13|0x00000000c0d00000, 0x00000000c0e00000, 0x00000000c0e00000|100%| O|  |TAMS 0x00000000c0e00000, 0x00000000c0d00000| Untracked 
|  14|0x00000000c0e00000, 0x00000000c0f00000, 0x00000000c0f00000|100%| O|  |TAMS 0x00000000c0f00000, 0x00000000c0e00000| Untracked 
|  15|0x00000000c0f00000, 0x00000000c1000000, 0x00000000c1000000|100%| O|  |TAMS 0x00000000c1000000, 0x00000000c0f00000| Untracked 
|  16|0x00000000c1000000, 0x00000000c1100000, 0x00000000c1100000|100%| O|  |TAMS 0x00000000c1100000, 0x00000000c1000000| Untracked 
|  17|0x00000000c1100000, 0x00000000c1200000, 0x00000000c1200000|100%| O|  |TAMS 0x00000000c1200000, 0x00000000c1100000| Untracked 
|  18|0x00000000c1200000, 0x00000000c1300000, 0x00000000c1300000|100%| O|  |TAMS 0x00000000c1300000, 0x00000000c1200000| Untracked 
|  19|0x00000000c1300000, 0x00000000c1400000, 0x00000000c1400000|100%| O|  |TAMS 0x00000000c1400000, 0x00000000c1300000| Untracked 
|  20|0x00000000c1400000, 0x00000000c1500000, 0x00000000c1500000|100%| O|  |TAMS 0x00000000c1500000, 0x00000000c1400000| Untracked 
|  21|0x00000000c1500000, 0x00000000c1600000, 0x00000000c1600000|100%| O|  |TAMS 0x00000000c1600000, 0x00000000c1500000| Untracked 
|  22|0x00000000c1600000, 0x00000000c1700000, 0x00000000c1700000|100%| O|  |TAMS 0x00000000c1700000, 0x00000000c1600000| Untracked 
|  23|0x00000000c1700000, 0x00000000c1800000, 0x00000000c1800000|100%| O|  |TAMS 0x00000000c1800000, 0x00000000c1700000| Untracked 
|  24|0x00000000c1800000, 0x00000000c1900000, 0x00000000c1900000|100%| O|  |TAMS 0x00000000c1900000, 0x00000000c1800000| Untracked 
|  25|0x00000000c1900000, 0x00000000c1a00000, 0x00000000c1a00000|100%| O|  |TAMS 0x00000000c1a00000, 0x00000000c1900000| Untracked 
|  26|0x00000000c1a00000, 0x00000000c1b00000, 0x00000000c1b00000|100%| O|  |TAMS 0x00000000c1b00000, 0x00000000c1a00000| Untracked 
|  27|0x00000000c1b00000, 0x00000000c1c00000, 0x00000000c1c00000|100%| O|  |TAMS 0x00000000c1c00000, 0x00000000c1b00000| Untracked 
|  28|0x00000000c1c00000, 0x00000000c1d00000, 0x00000000c1d00000|100%| O|  |TAMS 0x00000000c1d00000, 0x00000000c1c00000| Untracked 
|  29|0x00000000c1d00000, 0x00000000c1e00000, 0x00000000c1e00000|100%| O|  |TAMS 0x00000000c1e00000, 0x00000000c1d00000| Untracked 
|  30|0x00000000c1e00000, 0x00000000c1f00000, 0x00000000c1f00000|100%| O|  |TAMS 0x00000000c1f00000, 0x00000000c1e00000| Untracked 
|  31|0x00000000c1f00000, 0x00000000c2000000, 0x00000000c2000000|100%| O|  |TAMS 0x00000000c2000000, 0x00000000c1f00000| Untracked 
|  32|0x00000000c2000000, 0x00000000c2100000, 0x00000000c2100000|100%| O|  |TAMS 0x00000000c2100000, 0x00000000c2000000| Untracked 
|  33|0x00000000c2100000, 0x00000000c2200000, 0x00000000c2200000|100%|HS|  |TAMS 0x00000000c2200000, 0x00000000c2100000| Complete 
|  34|0x00000000c2200000, 0x00000000c2300000, 0x00000000c2300000|100%|HC|  |TAMS 0x00000000c2300000, 0x00000000c2200000| Complete 
|  35|0x00000000c2300000, 0x00000000c2400000, 0x00000000c2400000|100%|HC|  |TAMS 0x00000000c2400000, 0x00000000c2300000| Complete 
|  36|0x00000000c2400000, 0x00000000c2500000, 0x00000000c2500000|100%|HC|  |TAMS 0x00000000c2500000, 0x00000000c2400000| Complete 
|  37|0x00000000c2500000, 0x00000000c2600000, 0x00000000c2600000|100%|HC|  |TAMS 0x00000000c2600000, 0x00000000c2500000| Complete 
|  38|0x00000000c2600000, 0x00000000c2700000, 0x00000000c2700000|100%|HS|  |TAMS 0x00000000c2700000, 0x00000000c2600000| Complete 
|  39|0x00000000c2700000, 0x00000000c2800000, 0x00000000c2800000|100%| O|  |TAMS 0x00000000c2800000, 0x00000000c2700000| Untracked 
|  40|0x00000000c2800000, 0x00000000c2900000, 0x00000000c2900000|100%| O|  |TAMS 0x00000000c2900000, 0x00000000c2800000| Untracked 
|  41|0x00000000c2900000, 0x00000000c2a00000, 0x00000000c2a00000|100%| O|  |TAMS 0x00000000c2a00000, 0x00000000c2900000| Untracked 
|  42|0x00000000c2a00000, 0x00000000c2b00000, 0x00000000c2b00000|100%| O|  |TAMS 0x00000000c2b00000, 0x00000000c2a00000| Untracked 
|  43|0x00000000c2b00000, 0x00000000c2c00000, 0x00000000c2c00000|100%| O|  |TAMS 0x00000000c2c00000, 0x00000000c2b00000| Untracked 
|  44|0x00000000c2c00000, 0x00000000c2d00000, 0x00000000c2d00000|100%| O|  |TAMS 0x00000000c2d00000, 0x00000000c2c00000| Untracked 
|  45|0x00000000c2d00000, 0x00000000c2e00000, 0x00000000c2e00000|100%| O|  |TAMS 0x00000000c2e00000, 0x00000000c2d00000| Untracked 
|  46|0x00000000c2e00000, 0x00000000c2f00000, 0x00000000c2f00000|100%| O|  |TAMS 0x00000000c2f00000, 0x00000000c2e00000| Untracked 
|  47|0x00000000c2f00000, 0x00000000c3000000, 0x00000000c3000000|100%| O|  |TAMS 0x00000000c3000000, 0x00000000c2f00000| Untracked 
|  48|0x00000000c3000000, 0x00000000c3100000, 0x00000000c3100000|100%| O|  |TAMS 0x00000000c3100000, 0x00000000c3000000| Untracked 
|  49|0x00000000c3100000, 0x00000000c3200000, 0x00000000c3200000|100%| O|  |TAMS 0x00000000c3200000, 0x00000000c3100000| Untracked 
|  50|0x00000000c3200000, 0x00000000c3300000, 0x00000000c3300000|100%|HS|  |TAMS 0x00000000c3300000, 0x00000000c3200000| Complete 
|  51|0x00000000c3300000, 0x00000000c3400000, 0x00000000c3400000|100%|HC|  |TAMS 0x00000000c3400000, 0x00000000c3300000| Complete 
|  52|0x00000000c3400000, 0x00000000c3500000, 0x00000000c3500000|100%|HS|  |TAMS 0x00000000c3500000, 0x00000000c3400000| Complete 
|  53|0x00000000c3500000, 0x00000000c3600000, 0x00000000c3600000|100%| O|  |TAMS 0x00000000c3500000, 0x00000000c3500000| Untracked 
|  54|0x00000000c3600000, 0x00000000c3700000, 0x00000000c3700000|100%| O|  |TAMS 0x00000000c3700000, 0x00000000c3600000| Untracked 
|  55|0x00000000c3700000, 0x00000000c3800000, 0x00000000c3800000|100%| O|  |TAMS 0x00000000c3800000, 0x00000000c3700000| Untracked 
|  56|0x00000000c3800000, 0x00000000c3900000, 0x00000000c3900000|100%| O|  |TAMS 0x00000000c3900000, 0x00000000c3800000| Untracked 
|  57|0x00000000c3900000, 0x00000000c3a00000, 0x00000000c3a00000|100%| O|  |TAMS 0x00000000c3a00000, 0x00000000c3900000| Untracked 
|  58|0x00000000c3a00000, 0x00000000c3b00000, 0x00000000c3b00000|100%| O|  |TAMS 0x00000000c3b00000, 0x00000000c3a00000| Untracked 
|  59|0x00000000c3b00000, 0x00000000c3c00000, 0x00000000c3c00000|100%| O|  |TAMS 0x00000000c3c00000, 0x00000000c3b00000| Untracked 
|  60|0x00000000c3c00000, 0x00000000c3d00000, 0x00000000c3d00000|100%| O|  |TAMS 0x00000000c3d00000, 0x00000000c3c00000| Untracked 
|  61|0x00000000c3d00000, 0x00000000c3e00000, 0x00000000c3e00000|100%| O|  |TAMS 0x00000000c3e00000, 0x00000000c3d00000| Untracked 
|  62|0x00000000c3e00000, 0x00000000c3f00000, 0x00000000c3f00000|100%| O|  |TAMS 0x00000000c3f00000, 0x00000000c3e00000| Untracked 
|  63|0x00000000c3f00000, 0x00000000c4000000, 0x00000000c4000000|100%| O|  |TAMS 0x00000000c4000000, 0x00000000c3f00000| Untracked 
|  64|0x00000000c4000000, 0x00000000c4100000, 0x00000000c4100000|100%| O|  |TAMS 0x00000000c4100000, 0x00000000c4000000| Untracked 
|  65|0x00000000c4100000, 0x00000000c4200000, 0x00000000c4200000|100%| O|  |TAMS 0x00000000c4200000, 0x00000000c4100000| Untracked 
|  66|0x00000000c4200000, 0x00000000c4300000, 0x00000000c4300000|100%| O|  |TAMS 0x00000000c4300000, 0x00000000c4200000| Untracked 
|  67|0x00000000c4300000, 0x00000000c4400000, 0x00000000c4400000|100%| O|  |TAMS 0x00000000c4400000, 0x00000000c4300000| Untracked 
|  68|0x00000000c4400000, 0x00000000c4500000, 0x00000000c4500000|100%| O|  |TAMS 0x00000000c4500000, 0x00000000c4400000| Untracked 
|  69|0x00000000c4500000, 0x00000000c4600000, 0x00000000c4600000|100%| O|  |TAMS 0x00000000c4600000, 0x00000000c4500000| Untracked 
|  70|0x00000000c4600000, 0x00000000c4700000, 0x00000000c4700000|100%| O|  |TAMS 0x00000000c4700000, 0x00000000c4600000| Untracked 
|  71|0x00000000c4700000, 0x00000000c4800000, 0x00000000c4800000|100%| O|  |TAMS 0x00000000c4800000, 0x00000000c4700000| Untracked 
|  72|0x00000000c4800000, 0x00000000c4900000, 0x00000000c4900000|100%| O|  |TAMS 0x00000000c4900000, 0x00000000c4800000| Untracked 
|  73|0x00000000c4900000, 0x00000000c4a00000, 0x00000000c4a00000|100%|HS|  |TAMS 0x00000000c4a00000, 0x00000000c4900000| Complete 
|  74|0x00000000c4a00000, 0x00000000c4b00000, 0x00000000c4b00000|100%| O|  |TAMS 0x00000000c4b00000, 0x00000000c4a00000| Untracked 
|  75|0x00000000c4b00000, 0x00000000c4c00000, 0x00000000c4c00000|100%|HS|  |TAMS 0x00000000c4c00000, 0x00000000c4b00000| Complete 
|  76|0x00000000c4c00000, 0x00000000c4d00000, 0x00000000c4d00000|100%| O|  |TAMS 0x00000000c4d00000, 0x00000000c4c00000| Untracked 
|  77|0x00000000c4d00000, 0x00000000c4e00000, 0x00000000c4e00000|100%| O|  |TAMS 0x00000000c4e00000, 0x00000000c4d00000| Untracked 
|  78|0x00000000c4e00000, 0x00000000c4f00000, 0x00000000c4f00000|100%| O|  |TAMS 0x00000000c4f00000, 0x00000000c4e00000| Untracked 
|  79|0x00000000c4f00000, 0x00000000c5000000, 0x00000000c5000000|100%| O|  |TAMS 0x00000000c5000000, 0x00000000c4f00000| Untracked 
|  80|0x00000000c5000000, 0x00000000c5100000, 0x00000000c5100000|100%| O|  |TAMS 0x00000000c5100000, 0x00000000c5000000| Untracked 
|  81|0x00000000c5100000, 0x00000000c5200000, 0x00000000c5200000|100%| O|  |TAMS 0x00000000c5200000, 0x00000000c5100000| Untracked 
|  82|0x00000000c5200000, 0x00000000c5300000, 0x00000000c5300000|100%| O|  |TAMS 0x00000000c5300000, 0x00000000c5200000| Untracked 
|  83|0x00000000c5300000, 0x00000000c5400000, 0x00000000c5400000|100%| O|  |TAMS 0x00000000c5400000, 0x00000000c5300000| Untracked 
|  84|0x00000000c5400000, 0x00000000c5500000, 0x00000000c5500000|100%| O|  |TAMS 0x00000000c5500000, 0x00000000c5400000| Untracked 
|  85|0x00000000c5500000, 0x00000000c5600000, 0x00000000c5600000|100%| O|  |TAMS 0x00000000c5600000, 0x00000000c5500000| Untracked 
|  86|0x00000000c5600000, 0x00000000c5700000, 0x00000000c5700000|100%| O|  |TAMS 0x00000000c5700000, 0x00000000c5600000| Untracked 
|  87|0x00000000c5700000, 0x00000000c5800000, 0x00000000c5800000|100%| O|  |TAMS 0x00000000c5800000, 0x00000000c5700000| Untracked 
|  88|0x00000000c5800000, 0x00000000c5900000, 0x00000000c5900000|100%| O|  |TAMS 0x00000000c5900000, 0x00000000c5800000| Untracked 
|  89|0x00000000c5900000, 0x00000000c5a00000, 0x00000000c5a00000|100%| O|  |TAMS 0x00000000c5a00000, 0x00000000c5900000| Untracked 
|  90|0x00000000c5a00000, 0x00000000c5b00000, 0x00000000c5b00000|100%| O|  |TAMS 0x00000000c5b00000, 0x00000000c5a00000| Untracked 
|  91|0x00000000c5b00000, 0x00000000c5c00000, 0x00000000c5c00000|100%| O|  |TAMS 0x00000000c5c00000, 0x00000000c5b00000| Untracked 
|  92|0x00000000c5c00000, 0x00000000c5d00000, 0x00000000c5d00000|100%| O|  |TAMS 0x00000000c5d00000, 0x00000000c5c00000| Untracked 
|  93|0x00000000c5d00000, 0x00000000c5e00000, 0x00000000c5e00000|100%| O|  |TAMS 0x00000000c5e00000, 0x00000000c5d00000| Untracked 
|  94|0x00000000c5e00000, 0x00000000c5f00000, 0x00000000c5f00000|100%| O|  |TAMS 0x00000000c5f00000, 0x00000000c5e00000| Untracked 
|  95|0x00000000c5f00000, 0x00000000c6000000, 0x00000000c6000000|100%| O|  |TAMS 0x00000000c6000000, 0x00000000c5f00000| Untracked 
|  96|0x00000000c6000000, 0x00000000c6100000, 0x00000000c6100000|100%|HS|  |TAMS 0x00000000c6100000, 0x00000000c6000000| Complete 
|  97|0x00000000c6100000, 0x00000000c6200000, 0x00000000c6200000|100%| O|  |TAMS 0x00000000c6200000, 0x00000000c6100000| Untracked 
|  98|0x00000000c6200000, 0x00000000c6300000, 0x00000000c6300000|100%| O|  |TAMS 0x00000000c6300000, 0x00000000c6200000| Untracked 
|  99|0x00000000c6300000, 0x00000000c6400000, 0x00000000c6400000|100%| O|  |TAMS 0x00000000c6400000, 0x00000000c6300000| Untracked 
| 100|0x00000000c6400000, 0x00000000c6500000, 0x00000000c6500000|100%| O|  |TAMS 0x00000000c6500000, 0x00000000c6400000| Untracked 
| 101|0x00000000c6500000, 0x00000000c6600000, 0x00000000c6600000|100%| O|  |TAMS 0x00000000c6600000, 0x00000000c6500000| Untracked 
| 102|0x00000000c6600000, 0x00000000c6700000, 0x00000000c6700000|100%| O|  |TAMS 0x00000000c6700000, 0x00000000c6600000| Untracked 
| 103|0x00000000c6700000, 0x00000000c6800000, 0x00000000c6800000|100%| O|  |TAMS 0x00000000c6800000, 0x00000000c6700000| Untracked 
| 104|0x00000000c6800000, 0x00000000c6900000, 0x00000000c6900000|100%|HS|  |TAMS 0x00000000c6900000, 0x00000000c6800000| Complete 
| 105|0x00000000c6900000, 0x00000000c6a00000, 0x00000000c6a00000|100%|HS|  |TAMS 0x00000000c6a00000, 0x00000000c6900000| Complete 
| 106|0x00000000c6a00000, 0x00000000c6b00000, 0x00000000c6b00000|100%|HS|  |TAMS 0x00000000c6b00000, 0x00000000c6a00000| Complete 
| 107|0x00000000c6b00000, 0x00000000c6c00000, 0x00000000c6c00000|100%|HC|  |TAMS 0x00000000c6c00000, 0x00000000c6b00000| Complete 
| 108|0x00000000c6c00000, 0x00000000c6d00000, 0x00000000c6d00000|100%|HC|  |TAMS 0x00000000c6d00000, 0x00000000c6c00000| Complete 
| 109|0x00000000c6d00000, 0x00000000c6e00000, 0x00000000c6e00000|100%|HS|  |TAMS 0x00000000c6e00000, 0x00000000c6d00000| Complete 
| 110|0x00000000c6e00000, 0x00000000c6f00000, 0x00000000c6f00000|100%|HC|  |TAMS 0x00000000c6f00000, 0x00000000c6e00000| Complete 
| 111|0x00000000c6f00000, 0x00000000c7000000, 0x00000000c7000000|100%|HC|  |TAMS 0x00000000c7000000, 0x00000000c6f00000| Complete 
| 112|0x00000000c7000000, 0x00000000c7100000, 0x00000000c7100000|100%|HS|  |TAMS 0x00000000c7100000, 0x00000000c7000000| Complete 
| 113|0x00000000c7100000, 0x00000000c7200000, 0x00000000c7200000|100%|HC|  |TAMS 0x00000000c7200000, 0x00000000c7100000| Complete 
| 114|0x00000000c7200000, 0x00000000c7300000, 0x00000000c7300000|100%|HC|  |TAMS 0x00000000c7300000, 0x00000000c7200000| Complete 
| 115|0x00000000c7300000, 0x00000000c7400000, 0x00000000c7400000|100%|HS|  |TAMS 0x00000000c7400000, 0x00000000c7300000| Complete 
| 116|0x00000000c7400000, 0x00000000c7500000, 0x00000000c7500000|100%|HC|  |TAMS 0x00000000c7500000, 0x00000000c7400000| Complete 
| 117|0x00000000c7500000, 0x00000000c7600000, 0x00000000c7600000|100%|HC|  |TAMS 0x00000000c7600000, 0x00000000c7500000| Complete 
| 118|0x00000000c7600000, 0x00000000c7700000, 0x00000000c7700000|100%|HS|  |TAMS 0x00000000c7700000, 0x00000000c7600000| Complete 
| 119|0x00000000c7700000, 0x00000000c7800000, 0x00000000c7800000|100%|HC|  |TAMS 0x00000000c7800000, 0x00000000c7700000| Complete 
| 120|0x00000000c7800000, 0x00000000c7900000, 0x00000000c7900000|100%|HC|  |TAMS 0x00000000c7900000, 0x00000000c7800000| Complete 
| 121|0x00000000c7900000, 0x00000000c7a00000, 0x00000000c7a00000|100%| O|  |TAMS 0x00000000c7a00000, 0x00000000c7900000| Untracked 
| 122|0x00000000c7a00000, 0x00000000c7b00000, 0x00000000c7b00000|100%| O|  |TAMS 0x00000000c7b00000, 0x00000000c7a00000| Untracked 
| 123|0x00000000c7b00000, 0x00000000c7c00000, 0x00000000c7c00000|100%| O|  |TAMS 0x00000000c7c00000, 0x00000000c7b00000| Untracked 
| 124|0x00000000c7c00000, 0x00000000c7d00000, 0x00000000c7d00000|100%| O|  |TAMS 0x00000000c7d00000, 0x00000000c7c00000| Untracked 
| 125|0x00000000c7d00000, 0x00000000c7e00000, 0x00000000c7e00000|100%| O|  |TAMS 0x00000000c7e00000, 0x00000000c7d00000| Untracked 
| 126|0x00000000c7e00000, 0x00000000c7f00000, 0x00000000c7f00000|100%| O|  |TAMS 0x00000000c7f00000, 0x00000000c7e00000| Untracked 
| 127|0x00000000c7f00000, 0x00000000c8000000, 0x00000000c8000000|100%| O|  |TAMS 0x00000000c8000000, 0x00000000c7f00000| Untracked 
| 128|0x00000000c8000000, 0x00000000c8100000, 0x00000000c8100000|100%| O|  |TAMS 0x00000000c8100000, 0x00000000c8000000| Untracked 
| 129|0x00000000c8100000, 0x00000000c8200000, 0x00000000c8200000|100%| O|  |TAMS 0x00000000c8200000, 0x00000000c8100000| Untracked 
| 130|0x00000000c8200000, 0x00000000c8300000, 0x00000000c8300000|100%| O|  |TAMS 0x00000000c8300000, 0x00000000c8200000| Untracked 
| 131|0x00000000c8300000, 0x00000000c8400000, 0x00000000c8400000|100%| O|  |TAMS 0x00000000c8400000, 0x00000000c8300000| Untracked 
| 132|0x00000000c8400000, 0x00000000c8500000, 0x00000000c8500000|100%| O|  |TAMS 0x00000000c8500000, 0x00000000c8400000| Untracked 
| 133|0x00000000c8500000, 0x00000000c8600000, 0x00000000c8600000|100%| O|  |TAMS 0x00000000c8600000, 0x00000000c8500000| Untracked 
| 134|0x00000000c8600000, 0x00000000c8700000, 0x00000000c8700000|100%| O|  |TAMS 0x00000000c8700000, 0x00000000c8600000| Untracked 
| 135|0x00000000c8700000, 0x00000000c8800000, 0x00000000c8800000|100%| O|  |TAMS 0x00000000c8800000, 0x00000000c8700000| Untracked 
| 136|0x00000000c8800000, 0x00000000c8900000, 0x00000000c8900000|100%| O|  |TAMS 0x00000000c8900000, 0x00000000c8800000| Untracked 
| 137|0x00000000c8900000, 0x00000000c8a00000, 0x00000000c8a00000|100%| O|  |TAMS 0x00000000c8a00000, 0x00000000c8900000| Untracked 
| 138|0x00000000c8a00000, 0x00000000c8b00000, 0x00000000c8b00000|100%| O|  |TAMS 0x00000000c8b00000, 0x00000000c8a00000| Untracked 
| 139|0x00000000c8b00000, 0x00000000c8c00000, 0x00000000c8c00000|100%| O|  |TAMS 0x00000000c8c00000, 0x00000000c8b00000| Untracked 
| 140|0x00000000c8c00000, 0x00000000c8d00000, 0x00000000c8d00000|100%| O|  |TAMS 0x00000000c8d00000, 0x00000000c8c00000| Untracked 
| 141|0x00000000c8d00000, 0x00000000c8e00000, 0x00000000c8e00000|100%| O|  |TAMS 0x00000000c8e00000, 0x00000000c8d00000| Untracked 
| 142|0x00000000c8e00000, 0x00000000c8f00000, 0x00000000c8f00000|100%| O|  |TAMS 0x00000000c8f00000, 0x00000000c8e00000| Untracked 
| 143|0x00000000c8f00000, 0x00000000c9000000, 0x00000000c9000000|100%| O|  |TAMS 0x00000000c9000000, 0x00000000c8f00000| Untracked 
| 144|0x00000000c9000000, 0x00000000c9100000, 0x00000000c9100000|100%| O|  |TAMS 0x00000000c9100000, 0x00000000c9000000| Untracked 
| 145|0x00000000c9100000, 0x00000000c9200000, 0x00000000c9200000|100%| O|  |TAMS 0x00000000c9200000, 0x00000000c9100000| Untracked 
| 146|0x00000000c9200000, 0x00000000c9300000, 0x00000000c9300000|100%| O|  |TAMS 0x00000000c9300000, 0x00000000c9200000| Untracked 
| 147|0x00000000c9300000, 0x00000000c9400000, 0x00000000c9400000|100%|HS|  |TAMS 0x00000000c9400000, 0x00000000c9300000| Complete 
| 148|0x00000000c9400000, 0x00000000c9500000, 0x00000000c9500000|100%| O|  |TAMS 0x00000000c9500000, 0x00000000c9400000| Untracked 
| 149|0x00000000c9500000, 0x00000000c9600000, 0x00000000c9600000|100%| O|  |TAMS 0x00000000c9600000, 0x00000000c9500000| Untracked 
| 150|0x00000000c9600000, 0x00000000c9700000, 0x00000000c9700000|100%| O|  |TAMS 0x00000000c9700000, 0x00000000c9600000| Untracked 
| 151|0x00000000c9700000, 0x00000000c9800000, 0x00000000c9800000|100%| O|  |TAMS 0x00000000c9800000, 0x00000000c9700000| Untracked 
| 152|0x00000000c9800000, 0x00000000c9900000, 0x00000000c9900000|100%| O|  |TAMS 0x00000000c9900000, 0x00000000c9800000| Untracked 
| 153|0x00000000c9900000, 0x00000000c9a00000, 0x00000000c9a00000|100%| O|  |TAMS 0x00000000c9a00000, 0x00000000c9900000| Untracked 
| 154|0x00000000c9a00000, 0x00000000c9b00000, 0x00000000c9b00000|100%| O|  |TAMS 0x00000000c9b00000, 0x00000000c9a00000| Untracked 
| 155|0x00000000c9b00000, 0x00000000c9c00000, 0x00000000c9c00000|100%| O|  |TAMS 0x00000000c9c00000, 0x00000000c9b00000| Untracked 
| 156|0x00000000c9c00000, 0x00000000c9d00000, 0x00000000c9d00000|100%| O|  |TAMS 0x00000000c9d00000, 0x00000000c9c00000| Untracked 
| 157|0x00000000c9d00000, 0x00000000c9e00000, 0x00000000c9e00000|100%| O|  |TAMS 0x00000000c9e00000, 0x00000000c9d00000| Untracked 
| 158|0x00000000c9e00000, 0x00000000c9f00000, 0x00000000c9f00000|100%| O|  |TAMS 0x00000000c9f00000, 0x00000000c9e00000| Untracked 
| 159|0x00000000c9f00000, 0x00000000ca000000, 0x00000000ca000000|100%| O|  |TAMS 0x00000000ca000000, 0x00000000c9f00000| Untracked 
| 160|0x00000000ca000000, 0x00000000ca100000, 0x00000000ca100000|100%| O|  |TAMS 0x00000000ca100000, 0x00000000ca000000| Untracked 
| 161|0x00000000ca100000, 0x00000000ca200000, 0x00000000ca200000|100%|HS|  |TAMS 0x00000000ca200000, 0x00000000ca100000| Complete 
| 162|0x00000000ca200000, 0x00000000ca300000, 0x00000000ca300000|100%| O|  |TAMS 0x00000000ca300000, 0x00000000ca200000| Untracked 
| 163|0x00000000ca300000, 0x00000000ca400000, 0x00000000ca400000|100%| O|  |TAMS 0x00000000ca400000, 0x00000000ca300000| Untracked 
| 164|0x00000000ca400000, 0x00000000ca500000, 0x00000000ca500000|100%| O|  |TAMS 0x00000000ca500000, 0x00000000ca400000| Untracked 
| 165|0x00000000ca500000, 0x00000000ca600000, 0x00000000ca600000|100%| O|  |TAMS 0x00000000ca600000, 0x00000000ca500000| Untracked 
| 166|0x00000000ca600000, 0x00000000ca700000, 0x00000000ca700000|100%| O|  |TAMS 0x00000000ca700000, 0x00000000ca600000| Untracked 
| 167|0x00000000ca700000, 0x00000000ca800000, 0x00000000ca800000|100%| O|  |TAMS 0x00000000ca800000, 0x00000000ca700000| Untracked 
| 168|0x00000000ca800000, 0x00000000ca900000, 0x00000000ca900000|100%| O|  |TAMS 0x00000000ca900000, 0x00000000ca800000| Untracked 
| 169|0x00000000ca900000, 0x00000000caa00000, 0x00000000caa00000|100%|HS|  |TAMS 0x00000000caa00000, 0x00000000ca900000| Complete 
| 170|0x00000000caa00000, 0x00000000cab00000, 0x00000000cab00000|100%| O|  |TAMS 0x00000000cab00000, 0x00000000caa00000| Untracked 
| 171|0x00000000cab00000, 0x00000000cac00000, 0x00000000cac00000|100%| O|  |TAMS 0x00000000cac00000, 0x00000000cab00000| Untracked 
| 172|0x00000000cac00000, 0x00000000cad00000, 0x00000000cad00000|100%| O|  |TAMS 0x00000000cad00000, 0x00000000cac00000| Untracked 
| 173|0x00000000cad00000, 0x00000000cae00000, 0x00000000cae00000|100%| O|  |TAMS 0x00000000cae00000, 0x00000000cad00000| Untracked 
| 174|0x00000000cae00000, 0x00000000caf00000, 0x00000000caf00000|100%| O|  |TAMS 0x00000000caf00000, 0x00000000cae00000| Untracked 
| 175|0x00000000caf00000, 0x00000000cb000000, 0x00000000cb000000|100%| O|  |TAMS 0x00000000cb000000, 0x00000000caf00000| Untracked 
| 176|0x00000000cb000000, 0x00000000cb100000, 0x00000000cb100000|100%| O|  |TAMS 0x00000000cb100000, 0x00000000cb000000| Untracked 
| 177|0x00000000cb100000, 0x00000000cb200000, 0x00000000cb200000|100%| O|  |TAMS 0x00000000cb200000, 0x00000000cb100000| Untracked 
| 178|0x00000000cb200000, 0x00000000cb300000, 0x00000000cb300000|100%| O|  |TAMS 0x00000000cb300000, 0x00000000cb200000| Untracked 
| 179|0x00000000cb300000, 0x00000000cb400000, 0x00000000cb400000|100%| O|  |TAMS 0x00000000cb400000, 0x00000000cb300000| Untracked 
| 180|0x00000000cb400000, 0x00000000cb500000, 0x00000000cb500000|100%|HS|  |TAMS 0x00000000cb500000, 0x00000000cb400000| Complete 
| 181|0x00000000cb500000, 0x00000000cb600000, 0x00000000cb600000|100%|HS|  |TAMS 0x00000000cb600000, 0x00000000cb500000| Complete 
| 182|0x00000000cb600000, 0x00000000cb700000, 0x00000000cb700000|100%| O|  |TAMS 0x00000000cb700000, 0x00000000cb600000| Untracked 
| 183|0x00000000cb700000, 0x00000000cb800000, 0x00000000cb800000|100%| O|  |TAMS 0x00000000cb800000, 0x00000000cb700000| Untracked 
| 184|0x00000000cb800000, 0x00000000cb900000, 0x00000000cb900000|100%| O|  |TAMS 0x00000000cb900000, 0x00000000cb800000| Untracked 
| 185|0x00000000cb900000, 0x00000000cba00000, 0x00000000cba00000|100%| O|  |TAMS 0x00000000cba00000, 0x00000000cb900000| Untracked 
| 186|0x00000000cba00000, 0x00000000cbb00000, 0x00000000cbb00000|100%| O|  |TAMS 0x00000000cbb00000, 0x00000000cba00000| Untracked 
| 187|0x00000000cbb00000, 0x00000000cbc00000, 0x00000000cbc00000|100%| O|  |TAMS 0x00000000cbc00000, 0x00000000cbb00000| Untracked 
| 188|0x00000000cbc00000, 0x00000000cbd00000, 0x00000000cbd00000|100%| O|  |TAMS 0x00000000cbd00000, 0x00000000cbc00000| Untracked 
| 189|0x00000000cbd00000, 0x00000000cbe00000, 0x00000000cbe00000|100%| O|  |TAMS 0x00000000cbe00000, 0x00000000cbd00000| Untracked 
| 190|0x00000000cbe00000, 0x00000000cbf00000, 0x00000000cbf00000|100%| O|  |TAMS 0x00000000cbf00000, 0x00000000cbe00000| Untracked 
| 191|0x00000000cbf00000, 0x00000000cc000000, 0x00000000cc000000|100%| O|  |TAMS 0x00000000cc000000, 0x00000000cbf00000| Untracked 
| 192|0x00000000cc000000, 0x00000000cc100000, 0x00000000cc100000|100%|HS|  |TAMS 0x00000000cc100000, 0x00000000cc000000| Complete 
| 193|0x00000000cc100000, 0x00000000cc200000, 0x00000000cc200000|100%| O|  |TAMS 0x00000000cc200000, 0x00000000cc100000| Untracked 
| 194|0x00000000cc200000, 0x00000000cc300000, 0x00000000cc300000|100%| O|  |TAMS 0x00000000cc300000, 0x00000000cc200000| Untracked 
| 195|0x00000000cc300000, 0x00000000cc400000, 0x00000000cc400000|100%| O|  |TAMS 0x00000000cc400000, 0x00000000cc300000| Untracked 
| 196|0x00000000cc400000, 0x00000000cc500000, 0x00000000cc500000|100%|HS|  |TAMS 0x00000000cc500000, 0x00000000cc400000| Complete 
| 197|0x00000000cc500000, 0x00000000cc600000, 0x00000000cc600000|100%| O|  |TAMS 0x00000000cc600000, 0x00000000cc500000| Untracked 
| 198|0x00000000cc600000, 0x00000000cc700000, 0x00000000cc700000|100%| O|  |TAMS 0x00000000cc700000, 0x00000000cc600000| Untracked 
| 199|0x00000000cc700000, 0x00000000cc800000, 0x00000000cc800000|100%| O|  |TAMS 0x00000000cc800000, 0x00000000cc700000| Untracked 
| 200|0x00000000cc800000, 0x00000000cc900000, 0x00000000cc900000|100%| O|  |TAMS 0x00000000cc900000, 0x00000000cc800000| Untracked 
| 201|0x00000000cc900000, 0x00000000cca00000, 0x00000000cca00000|100%| O|  |TAMS 0x00000000cca00000, 0x00000000cc900000| Untracked 
| 202|0x00000000cca00000, 0x00000000ccb00000, 0x00000000ccb00000|100%| O|  |TAMS 0x00000000ccb00000, 0x00000000cca00000| Untracked 
| 203|0x00000000ccb00000, 0x00000000ccc00000, 0x00000000ccc00000|100%| O|  |TAMS 0x00000000ccc00000, 0x00000000ccb00000| Untracked 
| 204|0x00000000ccc00000, 0x00000000ccd00000, 0x00000000ccd00000|100%| O|  |TAMS 0x00000000ccd00000, 0x00000000ccc00000| Untracked 
| 205|0x00000000ccd00000, 0x00000000cce00000, 0x00000000cce00000|100%| O|  |TAMS 0x00000000cce00000, 0x00000000ccd00000| Untracked 
| 206|0x00000000cce00000, 0x00000000ccf00000, 0x00000000ccf00000|100%|HS|  |TAMS 0x00000000ccf00000, 0x00000000cce00000| Complete 
| 207|0x00000000ccf00000, 0x00000000cd000000, 0x00000000cd000000|100%|HS|  |TAMS 0x00000000cd000000, 0x00000000ccf00000| Complete 
| 208|0x00000000cd000000, 0x00000000cd100000, 0x00000000cd100000|100%|HS|  |TAMS 0x00000000cd100000, 0x00000000cd000000| Complete 
| 209|0x00000000cd100000, 0x00000000cd200000, 0x00000000cd200000|100%|HS|  |TAMS 0x00000000cd200000, 0x00000000cd100000| Complete 
| 210|0x00000000cd200000, 0x00000000cd300000, 0x00000000cd300000|100%|HS|  |TAMS 0x00000000cd300000, 0x00000000cd200000| Complete 
| 211|0x00000000cd300000, 0x00000000cd400000, 0x00000000cd400000|100%| O|  |TAMS 0x00000000cd400000, 0x00000000cd300000| Untracked 
| 212|0x00000000cd400000, 0x00000000cd500000, 0x00000000cd500000|100%|HS|  |TAMS 0x00000000cd500000, 0x00000000cd400000| Complete 
| 213|0x00000000cd500000, 0x00000000cd600000, 0x00000000cd600000|100%|HS|  |TAMS 0x00000000cd600000, 0x00000000cd500000| Complete 
| 214|0x00000000cd600000, 0x00000000cd700000, 0x00000000cd700000|100%| O|  |TAMS 0x00000000cd700000, 0x00000000cd600000| Untracked 
| 215|0x00000000cd700000, 0x00000000cd800000, 0x00000000cd800000|100%|HS|  |TAMS 0x00000000cd800000, 0x00000000cd700000| Complete 
| 216|0x00000000cd800000, 0x00000000cd900000, 0x00000000cd900000|100%| O|  |TAMS 0x00000000cd900000, 0x00000000cd800000| Untracked 
| 217|0x00000000cd900000, 0x00000000cda00000, 0x00000000cda00000|100%| O|  |TAMS 0x00000000cda00000, 0x00000000cd900000| Untracked 
| 218|0x00000000cda00000, 0x00000000cdb00000, 0x00000000cdb00000|100%|HS|  |TAMS 0x00000000cdb00000, 0x00000000cda00000| Complete 
| 219|0x00000000cdb00000, 0x00000000cdc00000, 0x00000000cdc00000|100%|HS|  |TAMS 0x00000000cdc00000, 0x00000000cdb00000| Complete 
| 220|0x00000000cdc00000, 0x00000000cdd00000, 0x00000000cdd00000|100%| O|  |TAMS 0x00000000cdd00000, 0x00000000cdc00000| Untracked 
| 221|0x00000000cdd00000, 0x00000000cde00000, 0x00000000cde00000|100%|HS|  |TAMS 0x00000000cde00000, 0x00000000cdd00000| Complete 
| 222|0x00000000cde00000, 0x00000000cdf00000, 0x00000000cdf00000|100%| O|  |TAMS 0x00000000cdf00000, 0x00000000cde00000| Untracked 
| 223|0x00000000cdf00000, 0x00000000ce000000, 0x00000000ce000000|100%| O|  |TAMS 0x00000000ce000000, 0x00000000cdf00000| Untracked 
| 224|0x00000000ce000000, 0x00000000ce100000, 0x00000000ce100000|100%|HS|  |TAMS 0x00000000ce100000, 0x00000000ce000000| Complete 
| 225|0x00000000ce100000, 0x00000000ce200000, 0x00000000ce200000|100%|HS|  |TAMS 0x00000000ce200000, 0x00000000ce100000| Complete 
| 226|0x00000000ce200000, 0x00000000ce300000, 0x00000000ce300000|100%| O|  |TAMS 0x00000000ce300000, 0x00000000ce200000| Untracked 
| 227|0x00000000ce300000, 0x00000000ce400000, 0x00000000ce400000|100%| O|  |TAMS 0x00000000ce400000, 0x00000000ce300000| Untracked 
| 228|0x00000000ce400000, 0x00000000ce500000, 0x00000000ce500000|100%| O|  |TAMS 0x00000000ce500000, 0x00000000ce400000| Untracked 
| 229|0x00000000ce500000, 0x00000000ce600000, 0x00000000ce600000|100%| O|  |TAMS 0x00000000ce600000, 0x00000000ce500000| Untracked 
| 230|0x00000000ce600000, 0x00000000ce700000, 0x00000000ce700000|100%| O|  |TAMS 0x00000000ce700000, 0x00000000ce600000| Untracked 
| 231|0x00000000ce700000, 0x00000000ce800000, 0x00000000ce800000|100%| O|  |TAMS 0x00000000ce800000, 0x00000000ce700000| Untracked 
| 232|0x00000000ce800000, 0x00000000ce900000, 0x00000000ce900000|100%| O|  |TAMS 0x00000000ce900000, 0x00000000ce800000| Untracked 
| 233|0x00000000ce900000, 0x00000000cea00000, 0x00000000cea00000|100%| O|  |TAMS 0x00000000cea00000, 0x00000000ce900000| Untracked 
| 234|0x00000000cea00000, 0x00000000ceb00000, 0x00000000ceb00000|100%| O|  |TAMS 0x00000000ceb00000, 0x00000000cea00000| Untracked 
| 235|0x00000000ceb00000, 0x00000000cec00000, 0x00000000cec00000|100%| O|  |TAMS 0x00000000cec00000, 0x00000000ceb00000| Untracked 
| 236|0x00000000cec00000, 0x00000000ced00000, 0x00000000ced00000|100%| O|  |TAMS 0x00000000ced00000, 0x00000000cec00000| Untracked 
| 237|0x00000000ced00000, 0x00000000cee00000, 0x00000000cee00000|100%| O|  |TAMS 0x00000000cee00000, 0x00000000ced00000| Untracked 
| 238|0x00000000cee00000, 0x00000000cef00000, 0x00000000cef00000|100%|HS|  |TAMS 0x00000000cef00000, 0x00000000cee00000| Complete 
| 239|0x00000000cef00000, 0x00000000cf000000, 0x00000000cf000000|100%| O|  |TAMS 0x00000000cf000000, 0x00000000cef00000| Untracked 
| 240|0x00000000cf000000, 0x00000000cf100000, 0x00000000cf100000|100%| O|  |TAMS 0x00000000cf100000, 0x00000000cf000000| Untracked 
| 241|0x00000000cf100000, 0x00000000cf200000, 0x00000000cf200000|100%| O|  |TAMS 0x00000000cf200000, 0x00000000cf100000| Untracked 
| 242|0x00000000cf200000, 0x00000000cf300000, 0x00000000cf300000|100%| O|  |TAMS 0x00000000cf300000, 0x00000000cf200000| Untracked 
| 243|0x00000000cf300000, 0x00000000cf400000, 0x00000000cf400000|100%| O|  |TAMS 0x00000000cf400000, 0x00000000cf300000| Untracked 
| 244|0x00000000cf400000, 0x00000000cf500000, 0x00000000cf500000|100%| O|  |TAMS 0x00000000cf500000, 0x00000000cf400000| Untracked 
| 245|0x00000000cf500000, 0x00000000cf600000, 0x00000000cf600000|100%| O|  |TAMS 0x00000000cf600000, 0x00000000cf500000| Untracked 
| 246|0x00000000cf600000, 0x00000000cf700000, 0x00000000cf700000|100%| O|  |TAMS 0x00000000cf700000, 0x00000000cf600000| Untracked 
| 247|0x00000000cf700000, 0x00000000cf800000, 0x00000000cf800000|100%| O|  |TAMS 0x00000000cf800000, 0x00000000cf700000| Untracked 
| 248|0x00000000cf800000, 0x00000000cf900000, 0x00000000cf900000|100%| O|  |TAMS 0x00000000cf900000, 0x00000000cf800000| Untracked 
| 249|0x00000000cf900000, 0x00000000cfa00000, 0x00000000cfa00000|100%| O|  |TAMS 0x00000000cfa00000, 0x00000000cf900000| Untracked 
| 250|0x00000000cfa00000, 0x00000000cfb00000, 0x00000000cfb00000|100%| O|  |TAMS 0x00000000cfb00000, 0x00000000cfa00000| Untracked 
| 251|0x00000000cfb00000, 0x00000000cfc00000, 0x00000000cfc00000|100%| O|  |TAMS 0x00000000cfc00000, 0x00000000cfb00000| Untracked 
| 252|0x00000000cfc00000, 0x00000000cfd00000, 0x00000000cfd00000|100%|HS|  |TAMS 0x00000000cfd00000, 0x00000000cfc00000| Complete 
| 253|0x00000000cfd00000, 0x00000000cfe00000, 0x00000000cfe00000|100%| O|  |TAMS 0x00000000cfe00000, 0x00000000cfd00000| Untracked 
| 254|0x00000000cfe00000, 0x00000000cff00000, 0x00000000cff00000|100%| O|  |TAMS 0x00000000cff00000, 0x00000000cfe00000| Untracked 
| 255|0x00000000cff00000, 0x00000000d0000000, 0x00000000d0000000|100%| O|  |TAMS 0x00000000d0000000, 0x00000000cff00000| Untracked 
| 256|0x00000000d0000000, 0x00000000d0100000, 0x00000000d0100000|100%| O|  |TAMS 0x00000000d0100000, 0x00000000d0000000| Untracked 
| 257|0x00000000d0100000, 0x00000000d0200000, 0x00000000d0200000|100%| O|  |TAMS 0x00000000d0200000, 0x00000000d0100000| Untracked 
| 258|0x00000000d0200000, 0x00000000d0300000, 0x00000000d0300000|100%| O|  |TAMS 0x00000000d0300000, 0x00000000d0200000| Untracked 
| 259|0x00000000d0300000, 0x00000000d0400000, 0x00000000d0400000|100%|HS|  |TAMS 0x00000000d0400000, 0x00000000d0300000| Complete 
| 260|0x00000000d0400000, 0x00000000d0500000, 0x00000000d0500000|100%| O|  |TAMS 0x00000000d0500000, 0x00000000d0400000| Untracked 
| 261|0x00000000d0500000, 0x00000000d0600000, 0x00000000d0600000|100%| O|  |TAMS 0x00000000d0600000, 0x00000000d0500000| Untracked 
| 262|0x00000000d0600000, 0x00000000d0700000, 0x00000000d0700000|100%| O|  |TAMS 0x00000000d0700000, 0x00000000d0600000| Untracked 
| 263|0x00000000d0700000, 0x00000000d0800000, 0x00000000d0800000|100%| O|  |TAMS 0x00000000d0800000, 0x00000000d0700000| Untracked 
| 264|0x00000000d0800000, 0x00000000d0900000, 0x00000000d0900000|100%| O|  |TAMS 0x00000000d0900000, 0x00000000d0800000| Untracked 
| 265|0x00000000d0900000, 0x00000000d0a00000, 0x00000000d0a00000|100%| O|  |TAMS 0x00000000d0a00000, 0x00000000d0900000| Untracked 
| 266|0x00000000d0a00000, 0x00000000d0b00000, 0x00000000d0b00000|100%| O|  |TAMS 0x00000000d0b00000, 0x00000000d0a00000| Untracked 
| 267|0x00000000d0b00000, 0x00000000d0c00000, 0x00000000d0c00000|100%| O|  |TAMS 0x00000000d0c00000, 0x00000000d0b00000| Untracked 
| 268|0x00000000d0c00000, 0x00000000d0d00000, 0x00000000d0d00000|100%|HS|  |TAMS 0x00000000d0d00000, 0x00000000d0c00000| Complete 
| 269|0x00000000d0d00000, 0x00000000d0e00000, 0x00000000d0e00000|100%| O|  |TAMS 0x00000000d0e00000, 0x00000000d0d00000| Untracked 
| 270|0x00000000d0e00000, 0x00000000d0f00000, 0x00000000d0f00000|100%| O|  |TAMS 0x00000000d0f00000, 0x00000000d0e00000| Untracked 
| 271|0x00000000d0f00000, 0x00000000d1000000, 0x00000000d1000000|100%|HS|  |TAMS 0x00000000d1000000, 0x00000000d0f00000| Complete 
| 272|0x00000000d1000000, 0x00000000d1100000, 0x00000000d1100000|100%| O|  |TAMS 0x00000000d1100000, 0x00000000d1000000| Untracked 
| 273|0x00000000d1100000, 0x00000000d1200000, 0x00000000d1200000|100%| O|  |TAMS 0x00000000d1200000, 0x00000000d1100000| Untracked 
| 274|0x00000000d1200000, 0x00000000d1300000, 0x00000000d1300000|100%|HS|  |TAMS 0x00000000d1300000, 0x00000000d1200000| Complete 
| 275|0x00000000d1300000, 0x00000000d1400000, 0x00000000d1400000|100%| O|  |TAMS 0x00000000d1400000, 0x00000000d1300000| Untracked 
| 276|0x00000000d1400000, 0x00000000d1500000, 0x00000000d1500000|100%| O|  |TAMS 0x00000000d1500000, 0x00000000d1400000| Untracked 
| 277|0x00000000d1500000, 0x00000000d1600000, 0x00000000d1600000|100%|HS|  |TAMS 0x00000000d1600000, 0x00000000d1500000| Complete 
| 278|0x00000000d1600000, 0x00000000d1700000, 0x00000000d1700000|100%| O|  |TAMS 0x00000000d1700000, 0x00000000d1600000| Untracked 
| 279|0x00000000d1700000, 0x00000000d1800000, 0x00000000d1800000|100%|HS|  |TAMS 0x00000000d1800000, 0x00000000d1700000| Complete 
| 280|0x00000000d1800000, 0x00000000d1900000, 0x00000000d1900000|100%|HS|  |TAMS 0x00000000d1900000, 0x00000000d1800000| Complete 
| 281|0x00000000d1900000, 0x00000000d1a00000, 0x00000000d1a00000|100%| O|  |TAMS 0x00000000d1a00000, 0x00000000d1900000| Untracked 
| 282|0x00000000d1a00000, 0x00000000d1b00000, 0x00000000d1b00000|100%| O|  |TAMS 0x00000000d1b00000, 0x00000000d1a00000| Untracked 
| 283|0x00000000d1b00000, 0x00000000d1c00000, 0x00000000d1c00000|100%| O|  |TAMS 0x00000000d1c00000, 0x00000000d1b00000| Untracked 
| 284|0x00000000d1c00000, 0x00000000d1d00000, 0x00000000d1d00000|100%| O|  |TAMS 0x00000000d1d00000, 0x00000000d1c00000| Untracked 
| 285|0x00000000d1d00000, 0x00000000d1e00000, 0x00000000d1e00000|100%| O|  |TAMS 0x00000000d1d00000, 0x00000000d1d00000| Untracked 
| 286|0x00000000d1e00000, 0x00000000d1f00000, 0x00000000d1f00000|100%| O|  |TAMS 0x00000000d1f00000, 0x00000000d1e00000| Untracked 
| 287|0x00000000d1f00000, 0x00000000d2000000, 0x00000000d2000000|100%| O|  |TAMS 0x00000000d2000000, 0x00000000d1f00000| Untracked 
| 288|0x00000000d2000000, 0x00000000d2100000, 0x00000000d2100000|100%| O|  |TAMS 0x00000000d2100000, 0x00000000d2000000| Untracked 
| 289|0x00000000d2100000, 0x00000000d2200000, 0x00000000d2200000|100%| O|  |TAMS 0x00000000d2200000, 0x00000000d2100000| Untracked 
| 290|0x00000000d2200000, 0x00000000d2300000, 0x00000000d2300000|100%| O|  |TAMS 0x00000000d2300000, 0x00000000d2200000| Untracked 
| 291|0x00000000d2300000, 0x00000000d2400000, 0x00000000d2400000|100%| O|  |TAMS 0x00000000d2400000, 0x00000000d2300000| Untracked 
| 292|0x00000000d2400000, 0x00000000d2500000, 0x00000000d2500000|100%| O|  |TAMS 0x00000000d2500000, 0x00000000d2400000| Untracked 
| 293|0x00000000d2500000, 0x00000000d2600000, 0x00000000d2600000|100%| O|  |TAMS 0x00000000d2600000, 0x00000000d2500000| Untracked 
| 294|0x00000000d2600000, 0x00000000d2700000, 0x00000000d2700000|100%| O|  |TAMS 0x00000000d2700000, 0x00000000d2600000| Untracked 
| 295|0x00000000d2700000, 0x00000000d2800000, 0x00000000d2800000|100%| O|  |TAMS 0x00000000d2800000, 0x00000000d2700000| Untracked 
| 296|0x00000000d2800000, 0x00000000d2900000, 0x00000000d2900000|100%| O|  |TAMS 0x00000000d2900000, 0x00000000d2800000| Untracked 
| 297|0x00000000d2900000, 0x00000000d2a00000, 0x00000000d2a00000|100%|HS|  |TAMS 0x00000000d2a00000, 0x00000000d2900000| Complete 
| 298|0x00000000d2a00000, 0x00000000d2b00000, 0x00000000d2b00000|100%| O|  |TAMS 0x00000000d2b00000, 0x00000000d2a00000| Untracked 
| 299|0x00000000d2b00000, 0x00000000d2c00000, 0x00000000d2c00000|100%| O|  |TAMS 0x00000000d2b00000, 0x00000000d2b00000| Untracked 
| 300|0x00000000d2c00000, 0x00000000d2d00000, 0x00000000d2d00000|100%| O|  |TAMS 0x00000000d2d00000, 0x00000000d2c00000| Untracked 
| 301|0x00000000d2d00000, 0x00000000d2e00000, 0x00000000d2e00000|100%| O|  |TAMS 0x00000000d2e00000, 0x00000000d2d00000| Untracked 
| 302|0x00000000d2e00000, 0x00000000d2f00000, 0x00000000d2f00000|100%| O|  |TAMS 0x00000000d2f00000, 0x00000000d2e00000| Untracked 
| 303|0x00000000d2f00000, 0x00000000d3000000, 0x00000000d3000000|100%| O|  |TAMS 0x00000000d3000000, 0x00000000d2f00000| Untracked 
| 304|0x00000000d3000000, 0x00000000d3100000, 0x00000000d3100000|100%| O|  |TAMS 0x00000000d3100000, 0x00000000d3000000| Untracked 
| 305|0x00000000d3100000, 0x00000000d3200000, 0x00000000d3200000|100%| O|  |TAMS 0x00000000d3200000, 0x00000000d3100000| Untracked 
| 306|0x00000000d3200000, 0x00000000d3300000, 0x00000000d3300000|100%| O|  |TAMS 0x00000000d3300000, 0x00000000d3200000| Untracked 
| 307|0x00000000d3300000, 0x00000000d3400000, 0x00000000d3400000|100%|HS|  |TAMS 0x00000000d3400000, 0x00000000d3300000| Complete 
| 308|0x00000000d3400000, 0x00000000d3500000, 0x00000000d3500000|100%| O|  |TAMS 0x00000000d3500000, 0x00000000d3400000| Untracked 
| 309|0x00000000d3500000, 0x00000000d3600000, 0x00000000d3600000|100%| O|  |TAMS 0x00000000d3600000, 0x00000000d3500000| Untracked 
| 310|0x00000000d3600000, 0x00000000d3700000, 0x00000000d3700000|100%|HS|  |TAMS 0x00000000d3700000, 0x00000000d3600000| Complete 
| 311|0x00000000d3700000, 0x00000000d3800000, 0x00000000d3800000|100%|HS|  |TAMS 0x00000000d3800000, 0x00000000d3700000| Complete 
| 312|0x00000000d3800000, 0x00000000d3900000, 0x00000000d3900000|100%| O|  |TAMS 0x00000000d3900000, 0x00000000d3800000| Untracked 
| 313|0x00000000d3900000, 0x00000000d3a00000, 0x00000000d3a00000|100%|HS|  |TAMS 0x00000000d3a00000, 0x00000000d3900000| Complete 
| 314|0x00000000d3a00000, 0x00000000d3b00000, 0x00000000d3b00000|100%| O|  |TAMS 0x00000000d3a00000, 0x00000000d3a00000| Untracked 
| 315|0x00000000d3b00000, 0x00000000d3c00000, 0x00000000d3c00000|100%|HS|  |TAMS 0x00000000d3c00000, 0x00000000d3b00000| Complete 
| 316|0x00000000d3c00000, 0x00000000d3d00000, 0x00000000d3d00000|100%| O|  |TAMS 0x00000000d3d00000, 0x00000000d3c00000| Untracked 
| 317|0x00000000d3d00000, 0x00000000d3e00000, 0x00000000d3e00000|100%| O|  |TAMS 0x00000000d3e00000, 0x00000000d3d00000| Untracked 
| 318|0x00000000d3e00000, 0x00000000d3f00000, 0x00000000d3f00000|100%| O|  |TAMS 0x00000000d3f00000, 0x00000000d3e00000| Untracked 
| 319|0x00000000d3f00000, 0x00000000d4000000, 0x00000000d4000000|100%| O|  |TAMS 0x00000000d4000000, 0x00000000d3f00000| Untracked 
| 320|0x00000000d4000000, 0x00000000d4100000, 0x00000000d4100000|100%| O|  |TAMS 0x00000000d4100000, 0x00000000d4000000| Untracked 
| 321|0x00000000d4100000, 0x00000000d4200000, 0x00000000d4200000|100%| O|  |TAMS 0x00000000d4200000, 0x00000000d4100000| Untracked 
| 322|0x00000000d4200000, 0x00000000d4300000, 0x00000000d4300000|100%| O|  |TAMS 0x00000000d4300000, 0x00000000d4200000| Untracked 
| 323|0x00000000d4300000, 0x00000000d4400000, 0x00000000d4400000|100%| O|  |TAMS 0x00000000d4400000, 0x00000000d4300000| Untracked 
| 324|0x00000000d4400000, 0x00000000d4500000, 0x00000000d4500000|100%| O|  |TAMS 0x00000000d4500000, 0x00000000d4400000| Untracked 
| 325|0x00000000d4500000, 0x00000000d4600000, 0x00000000d4600000|100%| O|  |TAMS 0x00000000d4600000, 0x00000000d4500000| Untracked 
| 326|0x00000000d4600000, 0x00000000d4700000, 0x00000000d4700000|100%| O|  |TAMS 0x00000000d4700000, 0x00000000d4600000| Untracked 
| 327|0x00000000d4700000, 0x00000000d4800000, 0x00000000d4800000|100%| O|  |TAMS 0x00000000d4800000, 0x00000000d4700000| Untracked 
| 328|0x00000000d4800000, 0x00000000d4900000, 0x00000000d4900000|100%| O|  |TAMS 0x00000000d4900000, 0x00000000d4800000| Untracked 
| 329|0x00000000d4900000, 0x00000000d4a00000, 0x00000000d4a00000|100%| O|  |TAMS 0x00000000d4a00000, 0x00000000d4900000| Untracked 
| 330|0x00000000d4a00000, 0x00000000d4b00000, 0x00000000d4b00000|100%| O|  |TAMS 0x00000000d4b00000, 0x00000000d4a00000| Untracked 
| 331|0x00000000d4b00000, 0x00000000d4c00000, 0x00000000d4c00000|100%| O|  |TAMS 0x00000000d4c00000, 0x00000000d4b00000| Untracked 
| 332|0x00000000d4c00000, 0x00000000d4d00000, 0x00000000d4d00000|100%| O|  |TAMS 0x00000000d4d00000, 0x00000000d4c00000| Untracked 
| 333|0x00000000d4d00000, 0x00000000d4e00000, 0x00000000d4e00000|100%| O|  |TAMS 0x00000000d4e00000, 0x00000000d4d00000| Untracked 
| 334|0x00000000d4e00000, 0x00000000d4f00000, 0x00000000d4f00000|100%| O|  |TAMS 0x00000000d4f00000, 0x00000000d4e00000| Untracked 
| 335|0x00000000d4f00000, 0x00000000d5000000, 0x00000000d5000000|100%| O|  |TAMS 0x00000000d5000000, 0x00000000d4f00000| Untracked 
| 336|0x00000000d5000000, 0x00000000d5100000, 0x00000000d5100000|100%|HS|  |TAMS 0x00000000d5100000, 0x00000000d5000000| Complete 
| 337|0x00000000d5100000, 0x00000000d5200000, 0x00000000d5200000|100%| O|  |TAMS 0x00000000d5200000, 0x00000000d5100000| Untracked 
| 338|0x00000000d5200000, 0x00000000d5300000, 0x00000000d5300000|100%| O|  |TAMS 0x00000000d5300000, 0x00000000d5200000| Untracked 
| 339|0x00000000d5300000, 0x00000000d5400000, 0x00000000d5400000|100%| O|  |TAMS 0x00000000d5400000, 0x00000000d5300000| Untracked 
| 340|0x00000000d5400000, 0x00000000d5500000, 0x00000000d5500000|100%| O|  |TAMS 0x00000000d5500000, 0x00000000d5400000| Untracked 
| 341|0x00000000d5500000, 0x00000000d5600000, 0x00000000d5600000|100%|HS|  |TAMS 0x00000000d5600000, 0x00000000d5500000| Complete 
| 342|0x00000000d5600000, 0x00000000d5700000, 0x00000000d5700000|100%| O|  |TAMS 0x00000000d5700000, 0x00000000d5600000| Untracked 
| 343|0x00000000d5700000, 0x00000000d5800000, 0x00000000d5800000|100%| O|  |TAMS 0x00000000d5800000, 0x00000000d5700000| Untracked 
| 344|0x00000000d5800000, 0x00000000d5900000, 0x00000000d5900000|100%| O|  |TAMS 0x00000000d5900000, 0x00000000d5800000| Untracked 
| 345|0x00000000d5900000, 0x00000000d5a00000, 0x00000000d5a00000|100%| O|  |TAMS 0x00000000d5a00000, 0x00000000d5900000| Untracked 
| 346|0x00000000d5a00000, 0x00000000d5b00000, 0x00000000d5b00000|100%|HS|  |TAMS 0x00000000d5b00000, 0x00000000d5a00000| Complete 
| 347|0x00000000d5b00000, 0x00000000d5c00000, 0x00000000d5c00000|100%| O|  |TAMS 0x00000000d5c00000, 0x00000000d5b00000| Untracked 
| 348|0x00000000d5c00000, 0x00000000d5d00000, 0x00000000d5d00000|100%| O|  |TAMS 0x00000000d5d00000, 0x00000000d5c00000| Untracked 
| 349|0x00000000d5d00000, 0x00000000d5e00000, 0x00000000d5e00000|100%|HS|  |TAMS 0x00000000d5e00000, 0x00000000d5d00000| Complete 
| 350|0x00000000d5e00000, 0x00000000d5f00000, 0x00000000d5f00000|100%| O|  |TAMS 0x00000000d5f00000, 0x00000000d5e00000| Untracked 
| 351|0x00000000d5f00000, 0x00000000d6000000, 0x00000000d6000000|100%| O|  |TAMS 0x00000000d6000000, 0x00000000d5f00000| Untracked 
| 352|0x00000000d6000000, 0x00000000d6100000, 0x00000000d6100000|100%| O|  |TAMS 0x00000000d6100000, 0x00000000d6000000| Untracked 
| 353|0x00000000d6100000, 0x00000000d6200000, 0x00000000d6200000|100%| O|  |TAMS 0x00000000d6200000, 0x00000000d6100000| Untracked 
| 354|0x00000000d6200000, 0x00000000d6300000, 0x00000000d6300000|100%|HS|  |TAMS 0x00000000d6300000, 0x00000000d6200000| Complete 
| 355|0x00000000d6300000, 0x00000000d6400000, 0x00000000d6400000|100%| O|  |TAMS 0x00000000d6400000, 0x00000000d6300000| Untracked 
| 356|0x00000000d6400000, 0x00000000d6500000, 0x00000000d6500000|100%| O|  |TAMS 0x00000000d6500000, 0x00000000d6400000| Untracked 
| 357|0x00000000d6500000, 0x00000000d6600000, 0x00000000d6600000|100%|HS|  |TAMS 0x00000000d6600000, 0x00000000d6500000| Complete 
| 358|0x00000000d6600000, 0x00000000d6700000, 0x00000000d6700000|100%| O|  |TAMS 0x00000000d6700000, 0x00000000d6600000| Untracked 
| 359|0x00000000d6700000, 0x00000000d6800000, 0x00000000d6800000|100%| O|  |TAMS 0x00000000d6800000, 0x00000000d6700000| Untracked 
| 360|0x00000000d6800000, 0x00000000d6900000, 0x00000000d6900000|100%| O|  |TAMS 0x00000000d6900000, 0x00000000d6800000| Untracked 
| 361|0x00000000d6900000, 0x00000000d6a00000, 0x00000000d6a00000|100%| O|  |TAMS 0x00000000d6a00000, 0x00000000d6900000| Untracked 
| 362|0x00000000d6a00000, 0x00000000d6b00000, 0x00000000d6b00000|100%| O|  |TAMS 0x00000000d6b00000, 0x00000000d6a00000| Untracked 
| 363|0x00000000d6b00000, 0x00000000d6c00000, 0x00000000d6c00000|100%| O|  |TAMS 0x00000000d6c00000, 0x00000000d6b00000| Untracked 
| 364|0x00000000d6c00000, 0x00000000d6d00000, 0x00000000d6d00000|100%| O|  |TAMS 0x00000000d6d00000, 0x00000000d6c00000| Untracked 
| 365|0x00000000d6d00000, 0x00000000d6e00000, 0x00000000d6e00000|100%| O|  |TAMS 0x00000000d6e00000, 0x00000000d6d00000| Untracked 
| 366|0x00000000d6e00000, 0x00000000d6f00000, 0x00000000d6f00000|100%| O|  |TAMS 0x00000000d6f00000, 0x00000000d6e00000| Untracked 
| 367|0x00000000d6f00000, 0x00000000d7000000, 0x00000000d7000000|100%| O|  |TAMS 0x00000000d7000000, 0x00000000d6f00000| Untracked 
| 368|0x00000000d7000000, 0x00000000d7100000, 0x00000000d7100000|100%| O|  |TAMS 0x00000000d7100000, 0x00000000d7000000| Untracked 
| 369|0x00000000d7100000, 0x00000000d7200000, 0x00000000d7200000|100%| O|  |TAMS 0x00000000d7200000, 0x00000000d7100000| Untracked 
| 370|0x00000000d7200000, 0x00000000d7300000, 0x00000000d7300000|100%| O|  |TAMS 0x00000000d7300000, 0x00000000d7200000| Untracked 
| 371|0x00000000d7300000, 0x00000000d7400000, 0x00000000d7400000|100%| O|  |TAMS 0x00000000d7400000, 0x00000000d7300000| Untracked 
| 372|0x00000000d7400000, 0x00000000d7500000, 0x00000000d7500000|100%| O|  |TAMS 0x00000000d7500000, 0x00000000d7400000| Untracked 
| 373|0x00000000d7500000, 0x00000000d7600000, 0x00000000d7600000|100%| O|  |TAMS 0x00000000d7600000, 0x00000000d7500000| Untracked 
| 374|0x00000000d7600000, 0x00000000d7700000, 0x00000000d7700000|100%| O|  |TAMS 0x00000000d7700000, 0x00000000d7600000| Untracked 
| 375|0x00000000d7700000, 0x00000000d7800000, 0x00000000d7800000|100%| O|  |TAMS 0x00000000d7800000, 0x00000000d7700000| Untracked 
| 376|0x00000000d7800000, 0x00000000d7900000, 0x00000000d7900000|100%| O|  |TAMS 0x00000000d7900000, 0x00000000d7800000| Untracked 
| 377|0x00000000d7900000, 0x00000000d7a00000, 0x00000000d7a00000|100%| O|  |TAMS 0x00000000d7a00000, 0x00000000d7900000| Untracked 
| 378|0x00000000d7a00000, 0x00000000d7b00000, 0x00000000d7b00000|100%| O|  |TAMS 0x00000000d7b00000, 0x00000000d7a00000| Untracked 
| 379|0x00000000d7b00000, 0x00000000d7c00000, 0x00000000d7c00000|100%| O|  |TAMS 0x00000000d7c00000, 0x00000000d7b00000| Untracked 
| 380|0x00000000d7c00000, 0x00000000d7d00000, 0x00000000d7d00000|100%| O|  |TAMS 0x00000000d7d00000, 0x00000000d7c00000| Untracked 
| 381|0x00000000d7d00000, 0x00000000d7e00000, 0x00000000d7e00000|100%| O|  |TAMS 0x00000000d7e00000, 0x00000000d7d00000| Untracked 
| 382|0x00000000d7e00000, 0x00000000d7f00000, 0x00000000d7f00000|100%| O|  |TAMS 0x00000000d7f00000, 0x00000000d7e00000| Untracked 
| 383|0x00000000d7f00000, 0x00000000d8000000, 0x00000000d8000000|100%| O|  |TAMS 0x00000000d8000000, 0x00000000d7f00000| Untracked 
| 384|0x00000000d8000000, 0x00000000d8100000, 0x00000000d8100000|100%| O|  |TAMS 0x00000000d8100000, 0x00000000d8000000| Untracked 
| 385|0x00000000d8100000, 0x00000000d8200000, 0x00000000d8200000|100%| O|  |TAMS 0x00000000d8200000, 0x00000000d8100000| Untracked 
| 386|0x00000000d8200000, 0x00000000d8300000, 0x00000000d8300000|100%| O|  |TAMS 0x00000000d8300000, 0x00000000d8200000| Untracked 
| 387|0x00000000d8300000, 0x00000000d8400000, 0x00000000d8400000|100%| O|  |TAMS 0x00000000d8400000, 0x00000000d8300000| Untracked 
| 388|0x00000000d8400000, 0x00000000d8500000, 0x00000000d8500000|100%| O|  |TAMS 0x00000000d8500000, 0x00000000d8400000| Untracked 
| 389|0x00000000d8500000, 0x00000000d8600000, 0x00000000d8600000|100%| O|  |TAMS 0x00000000d8600000, 0x00000000d8500000| Untracked 
| 390|0x00000000d8600000, 0x00000000d8700000, 0x00000000d8700000|100%| O|  |TAMS 0x00000000d8700000, 0x00000000d8600000| Untracked 
| 391|0x00000000d8700000, 0x00000000d8800000, 0x00000000d8800000|100%| O|  |TAMS 0x00000000d8800000, 0x00000000d8700000| Untracked 
| 392|0x00000000d8800000, 0x00000000d8900000, 0x00000000d8900000|100%| O|  |TAMS 0x00000000d8900000, 0x00000000d8800000| Untracked 
| 393|0x00000000d8900000, 0x00000000d8a00000, 0x00000000d8a00000|100%| O|  |TAMS 0x00000000d8a00000, 0x00000000d8900000| Untracked 
| 394|0x00000000d8a00000, 0x00000000d8b00000, 0x00000000d8b00000|100%| O|  |TAMS 0x00000000d8b00000, 0x00000000d8a00000| Untracked 
| 395|0x00000000d8b00000, 0x00000000d8c00000, 0x00000000d8c00000|100%| O|  |TAMS 0x00000000d8c00000, 0x00000000d8b00000| Untracked 
| 396|0x00000000d8c00000, 0x00000000d8d00000, 0x00000000d8d00000|100%| O|  |TAMS 0x00000000d8d00000, 0x00000000d8c00000| Untracked 
| 397|0x00000000d8d00000, 0x00000000d8e00000, 0x00000000d8e00000|100%| O|  |TAMS 0x00000000d8d00000, 0x00000000d8d00000| Untracked 
| 398|0x00000000d8e00000, 0x00000000d8f00000, 0x00000000d8f00000|100%| O|  |TAMS 0x00000000d8f00000, 0x00000000d8e00000| Untracked 
| 399|0x00000000d8f00000, 0x00000000d9000000, 0x00000000d9000000|100%| O|  |TAMS 0x00000000d9000000, 0x00000000d8f00000| Untracked 
| 400|0x00000000d9000000, 0x00000000d9100000, 0x00000000d9100000|100%| O|  |TAMS 0x00000000d9100000, 0x00000000d9000000| Untracked 
| 401|0x00000000d9100000, 0x00000000d9200000, 0x00000000d9200000|100%| O|  |TAMS 0x00000000d9200000, 0x00000000d9100000| Untracked 
| 402|0x00000000d9200000, 0x00000000d9300000, 0x00000000d9300000|100%| O|  |TAMS 0x00000000d9300000, 0x00000000d9200000| Untracked 
| 403|0x00000000d9300000, 0x00000000d9400000, 0x00000000d9400000|100%| O|  |TAMS 0x00000000d9400000, 0x00000000d9300000| Untracked 
| 404|0x00000000d9400000, 0x00000000d9500000, 0x00000000d9500000|100%| O|  |TAMS 0x00000000d9500000, 0x00000000d9400000| Untracked 
| 405|0x00000000d9500000, 0x00000000d9600000, 0x00000000d9600000|100%| O|  |TAMS 0x00000000d9600000, 0x00000000d9500000| Untracked 
| 406|0x00000000d9600000, 0x00000000d9700000, 0x00000000d9700000|100%| O|  |TAMS 0x00000000d9700000, 0x00000000d9600000| Untracked 
| 407|0x00000000d9700000, 0x00000000d9800000, 0x00000000d9800000|100%| O|  |TAMS 0x00000000d9800000, 0x00000000d9700000| Untracked 
| 408|0x00000000d9800000, 0x00000000d9900000, 0x00000000d9900000|100%| O|  |TAMS 0x00000000d9900000, 0x00000000d9800000| Untracked 
| 409|0x00000000d9900000, 0x00000000d9a00000, 0x00000000d9a00000|100%| O|  |TAMS 0x00000000d9a00000, 0x00000000d9900000| Untracked 
| 410|0x00000000d9a00000, 0x00000000d9b00000, 0x00000000d9b00000|100%| O|  |TAMS 0x00000000d9b00000, 0x00000000d9a00000| Untracked 
| 411|0x00000000d9b00000, 0x00000000d9c00000, 0x00000000d9c00000|100%| O|  |TAMS 0x00000000d9c00000, 0x00000000d9b00000| Untracked 
| 412|0x00000000d9c00000, 0x00000000d9d00000, 0x00000000d9d00000|100%| O|  |TAMS 0x00000000d9d00000, 0x00000000d9c00000| Untracked 
| 413|0x00000000d9d00000, 0x00000000d9e00000, 0x00000000d9e00000|100%| O|  |TAMS 0x00000000d9e00000, 0x00000000d9d00000| Untracked 
| 414|0x00000000d9e00000, 0x00000000d9f00000, 0x00000000d9f00000|100%| O|  |TAMS 0x00000000d9f00000, 0x00000000d9e00000| Untracked 
| 415|0x00000000d9f00000, 0x00000000da000000, 0x00000000da000000|100%| O|  |TAMS 0x00000000da000000, 0x00000000d9f00000| Untracked 
| 416|0x00000000da000000, 0x00000000da100000, 0x00000000da100000|100%| O|  |TAMS 0x00000000da100000, 0x00000000da000000| Untracked 
| 417|0x00000000da100000, 0x00000000da200000, 0x00000000da200000|100%| O|  |TAMS 0x00000000da200000, 0x00000000da100000| Untracked 
| 418|0x00000000da200000, 0x00000000da300000, 0x00000000da300000|100%| O|  |TAMS 0x00000000da300000, 0x00000000da200000| Untracked 
| 419|0x00000000da300000, 0x00000000da400000, 0x00000000da400000|100%| O|  |TAMS 0x00000000da400000, 0x00000000da300000| Untracked 
| 420|0x00000000da400000, 0x00000000da500000, 0x00000000da500000|100%| O|  |TAMS 0x00000000da500000, 0x00000000da400000| Untracked 
| 421|0x00000000da500000, 0x00000000da600000, 0x00000000da600000|100%| O|  |TAMS 0x00000000da600000, 0x00000000da500000| Untracked 
| 422|0x00000000da600000, 0x00000000da700000, 0x00000000da700000|100%| O|  |TAMS 0x00000000da700000, 0x00000000da600000| Untracked 
| 423|0x00000000da700000, 0x00000000da800000, 0x00000000da800000|100%| O|  |TAMS 0x00000000da800000, 0x00000000da700000| Untracked 
| 424|0x00000000da800000, 0x00000000da900000, 0x00000000da900000|100%| O|  |TAMS 0x00000000da900000, 0x00000000da800000| Untracked 
| 425|0x00000000da900000, 0x00000000daa00000, 0x00000000daa00000|100%| O|  |TAMS 0x00000000daa00000, 0x00000000da900000| Untracked 
| 426|0x00000000daa00000, 0x00000000dab00000, 0x00000000dab00000|100%| O|  |TAMS 0x00000000dab00000, 0x00000000daa00000| Untracked 
| 427|0x00000000dab00000, 0x00000000dac00000, 0x00000000dac00000|100%| O|  |TAMS 0x00000000dac00000, 0x00000000dab00000| Untracked 
| 428|0x00000000dac00000, 0x00000000dad00000, 0x00000000dad00000|100%| O|  |TAMS 0x00000000dad00000, 0x00000000dac00000| Untracked 
| 429|0x00000000dad00000, 0x00000000dae00000, 0x00000000dae00000|100%| O|  |TAMS 0x00000000dae00000, 0x00000000dad00000| Untracked 
| 430|0x00000000dae00000, 0x00000000daf00000, 0x00000000daf00000|100%| O|  |TAMS 0x00000000daf00000, 0x00000000dae00000| Untracked 
| 431|0x00000000daf00000, 0x00000000db000000, 0x00000000db000000|100%| O|  |TAMS 0x00000000db000000, 0x00000000daf00000| Untracked 
| 432|0x00000000db000000, 0x00000000db100000, 0x00000000db100000|100%| O|  |TAMS 0x00000000db100000, 0x00000000db000000| Untracked 
| 433|0x00000000db100000, 0x00000000db200000, 0x00000000db200000|100%| O|  |TAMS 0x00000000db200000, 0x00000000db100000| Untracked 
| 434|0x00000000db200000, 0x00000000db300000, 0x00000000db300000|100%| O|  |TAMS 0x00000000db300000, 0x00000000db200000| Untracked 
| 435|0x00000000db300000, 0x00000000db400000, 0x00000000db400000|100%| O|  |TAMS 0x00000000db400000, 0x00000000db300000| Untracked 
| 436|0x00000000db400000, 0x00000000db500000, 0x00000000db500000|100%| O|  |TAMS 0x00000000db500000, 0x00000000db400000| Untracked 
| 437|0x00000000db500000, 0x00000000db600000, 0x00000000db600000|100%| O|  |TAMS 0x00000000db600000, 0x00000000db500000| Untracked 
| 438|0x00000000db600000, 0x00000000db700000, 0x00000000db700000|100%| O|  |TAMS 0x00000000db700000, 0x00000000db600000| Untracked 
| 439|0x00000000db700000, 0x00000000db800000, 0x00000000db800000|100%| O|  |TAMS 0x00000000db800000, 0x00000000db700000| Untracked 
| 440|0x00000000db800000, 0x00000000db900000, 0x00000000db900000|100%| O|  |TAMS 0x00000000db900000, 0x00000000db800000| Untracked 
| 441|0x00000000db900000, 0x00000000dba00000, 0x00000000dba00000|100%| O|  |TAMS 0x00000000dba00000, 0x00000000db900000| Untracked 
| 442|0x00000000dba00000, 0x00000000dbb00000, 0x00000000dbb00000|100%| O|  |TAMS 0x00000000dbb00000, 0x00000000dba00000| Untracked 
| 443|0x00000000dbb00000, 0x00000000dbc00000, 0x00000000dbc00000|100%| O|  |TAMS 0x00000000dbc00000, 0x00000000dbb00000| Untracked 
| 444|0x00000000dbc00000, 0x00000000dbd00000, 0x00000000dbd00000|100%| O|  |TAMS 0x00000000dbd00000, 0x00000000dbc00000| Untracked 
| 445|0x00000000dbd00000, 0x00000000dbe00000, 0x00000000dbe00000|100%| O|  |TAMS 0x00000000dbe00000, 0x00000000dbd00000| Untracked 
| 446|0x00000000dbe00000, 0x00000000dbf00000, 0x00000000dbf00000|100%| O|  |TAMS 0x00000000dbf00000, 0x00000000dbe00000| Untracked 
| 447|0x00000000dbf00000, 0x00000000dc000000, 0x00000000dc000000|100%| O|  |TAMS 0x00000000dc000000, 0x00000000dbf00000| Untracked 
| 448|0x00000000dc000000, 0x00000000dc100000, 0x00000000dc100000|100%| O|  |TAMS 0x00000000dc100000, 0x00000000dc000000| Untracked 
| 449|0x00000000dc100000, 0x00000000dc200000, 0x00000000dc200000|100%| O|  |TAMS 0x00000000dc200000, 0x00000000dc100000| Untracked 
| 450|0x00000000dc200000, 0x00000000dc300000, 0x00000000dc300000|100%| O|  |TAMS 0x00000000dc300000, 0x00000000dc200000| Untracked 
| 451|0x00000000dc300000, 0x00000000dc400000, 0x00000000dc400000|100%| O|  |TAMS 0x00000000dc400000, 0x00000000dc300000| Untracked 
| 452|0x00000000dc400000, 0x00000000dc500000, 0x00000000dc500000|100%| O|  |TAMS 0x00000000dc500000, 0x00000000dc400000| Untracked 
| 453|0x00000000dc500000, 0x00000000dc600000, 0x00000000dc600000|100%| O|  |TAMS 0x00000000dc600000, 0x00000000dc500000| Untracked 
| 454|0x00000000dc600000, 0x00000000dc700000, 0x00000000dc700000|100%| O|  |TAMS 0x00000000dc700000, 0x00000000dc600000| Untracked 
| 455|0x00000000dc700000, 0x00000000dc800000, 0x00000000dc800000|100%| O|  |TAMS 0x00000000dc800000, 0x00000000dc700000| Untracked 
| 456|0x00000000dc800000, 0x00000000dc900000, 0x00000000dc900000|100%| O|  |TAMS 0x00000000dc900000, 0x00000000dc800000| Untracked 
| 457|0x00000000dc900000, 0x00000000dca00000, 0x00000000dca00000|100%| O|  |TAMS 0x00000000dca00000, 0x00000000dc900000| Untracked 
| 458|0x00000000dca00000, 0x00000000dcb00000, 0x00000000dcb00000|100%| O|  |TAMS 0x00000000dcb00000, 0x00000000dca00000| Untracked 
| 459|0x00000000dcb00000, 0x00000000dcc00000, 0x00000000dcc00000|100%| O|  |TAMS 0x00000000dcc00000, 0x00000000dcb00000| Untracked 
| 460|0x00000000dcc00000, 0x00000000dcd00000, 0x00000000dcd00000|100%| O|  |TAMS 0x00000000dcd00000, 0x00000000dcc00000| Untracked 
| 461|0x00000000dcd00000, 0x00000000dce00000, 0x00000000dce00000|100%| O|  |TAMS 0x00000000dce00000, 0x00000000dcd00000| Untracked 
| 462|0x00000000dce00000, 0x00000000dcf00000, 0x00000000dcf00000|100%| O|  |TAMS 0x00000000dcf00000, 0x00000000dce00000| Untracked 
| 463|0x00000000dcf00000, 0x00000000dd000000, 0x00000000dd000000|100%| O|  |TAMS 0x00000000dd000000, 0x00000000dcf00000| Untracked 
| 464|0x00000000dd000000, 0x00000000dd100000, 0x00000000dd100000|100%| O|  |TAMS 0x00000000dd100000, 0x00000000dd000000| Untracked 
| 465|0x00000000dd100000, 0x00000000dd200000, 0x00000000dd200000|100%| O|  |TAMS 0x00000000dd200000, 0x00000000dd100000| Untracked 
| 466|0x00000000dd200000, 0x00000000dd300000, 0x00000000dd300000|100%| O|  |TAMS 0x00000000dd300000, 0x00000000dd200000| Untracked 
| 467|0x00000000dd300000, 0x00000000dd400000, 0x00000000dd400000|100%| O|  |TAMS 0x00000000dd400000, 0x00000000dd300000| Untracked 
| 468|0x00000000dd400000, 0x00000000dd500000, 0x00000000dd500000|100%| O|  |TAMS 0x00000000dd500000, 0x00000000dd400000| Untracked 
| 469|0x00000000dd500000, 0x00000000dd600000, 0x00000000dd600000|100%| O|  |TAMS 0x00000000dd600000, 0x00000000dd500000| Untracked 
| 470|0x00000000dd600000, 0x00000000dd700000, 0x00000000dd700000|100%| O|  |TAMS 0x00000000dd700000, 0x00000000dd600000| Untracked 
| 471|0x00000000dd700000, 0x00000000dd800000, 0x00000000dd800000|100%| O|  |TAMS 0x00000000dd800000, 0x00000000dd700000| Untracked 
| 472|0x00000000dd800000, 0x00000000dd900000, 0x00000000dd900000|100%| O|  |TAMS 0x00000000dd900000, 0x00000000dd800000| Untracked 
| 473|0x00000000dd900000, 0x00000000dda00000, 0x00000000dda00000|100%| O|  |TAMS 0x00000000dda00000, 0x00000000dd900000| Untracked 
| 474|0x00000000dda00000, 0x00000000ddb00000, 0x00000000ddb00000|100%| O|  |TAMS 0x00000000ddb00000, 0x00000000dda00000| Untracked 
| 475|0x00000000ddb00000, 0x00000000ddc00000, 0x00000000ddc00000|100%| O|  |TAMS 0x00000000ddc00000, 0x00000000ddb00000| Untracked 
| 476|0x00000000ddc00000, 0x00000000ddd00000, 0x00000000ddd00000|100%| O|  |TAMS 0x00000000ddd00000, 0x00000000ddc00000| Untracked 
| 477|0x00000000ddd00000, 0x00000000dde00000, 0x00000000dde00000|100%| O|  |TAMS 0x00000000dde00000, 0x00000000ddd00000| Untracked 
| 478|0x00000000dde00000, 0x00000000ddf00000, 0x00000000ddf00000|100%| O|  |TAMS 0x00000000ddf00000, 0x00000000dde00000| Untracked 
| 479|0x00000000ddf00000, 0x00000000de000000, 0x00000000de000000|100%| O|  |TAMS 0x00000000de000000, 0x00000000ddf00000| Untracked 
| 480|0x00000000de000000, 0x00000000de100000, 0x00000000de100000|100%| O|  |TAMS 0x00000000de100000, 0x00000000de000000| Untracked 
| 481|0x00000000de100000, 0x00000000de200000, 0x00000000de200000|100%| O|  |TAMS 0x00000000de200000, 0x00000000de100000| Untracked 
| 482|0x00000000de200000, 0x00000000de300000, 0x00000000de300000|100%| O|  |TAMS 0x00000000de300000, 0x00000000de200000| Untracked 
| 483|0x00000000de300000, 0x00000000de400000, 0x00000000de400000|100%| O|  |TAMS 0x00000000de400000, 0x00000000de300000| Untracked 
| 484|0x00000000de400000, 0x00000000de500000, 0x00000000de500000|100%| O|  |TAMS 0x00000000de500000, 0x00000000de400000| Untracked 
| 485|0x00000000de500000, 0x00000000de600000, 0x00000000de600000|100%| O|  |TAMS 0x00000000de600000, 0x00000000de500000| Untracked 
| 486|0x00000000de600000, 0x00000000de700000, 0x00000000de700000|100%| O|  |TAMS 0x00000000de700000, 0x00000000de600000| Untracked 
| 487|0x00000000de700000, 0x00000000de800000, 0x00000000de800000|100%| O|  |TAMS 0x00000000de800000, 0x00000000de700000| Untracked 
| 488|0x00000000de800000, 0x00000000de900000, 0x00000000de900000|100%| O|  |TAMS 0x00000000de900000, 0x00000000de800000| Untracked 
| 489|0x00000000de900000, 0x00000000dea00000, 0x00000000dea00000|100%| O|  |TAMS 0x00000000dea00000, 0x00000000de900000| Untracked 
| 490|0x00000000dea00000, 0x00000000deb00000, 0x00000000deb00000|100%| O|  |TAMS 0x00000000deb00000, 0x00000000dea00000| Untracked 
| 491|0x00000000deb00000, 0x00000000dec00000, 0x00000000dec00000|100%| O|  |TAMS 0x00000000dec00000, 0x00000000deb00000| Untracked 
| 492|0x00000000dec00000, 0x00000000ded00000, 0x00000000ded00000|100%| O|  |TAMS 0x00000000ded00000, 0x00000000dec00000| Untracked 
| 493|0x00000000ded00000, 0x00000000dee00000, 0x00000000dee00000|100%| O|  |TAMS 0x00000000dee00000, 0x00000000ded00000| Untracked 
| 494|0x00000000dee00000, 0x00000000def00000, 0x00000000def00000|100%| O|  |TAMS 0x00000000def00000, 0x00000000dee00000| Untracked 
| 495|0x00000000def00000, 0x00000000df000000, 0x00000000df000000|100%| O|  |TAMS 0x00000000df000000, 0x00000000def00000| Untracked 
| 496|0x00000000df000000, 0x00000000df100000, 0x00000000df100000|100%| O|  |TAMS 0x00000000df100000, 0x00000000df000000| Untracked 
| 497|0x00000000df100000, 0x00000000df200000, 0x00000000df200000|100%| O|  |TAMS 0x00000000df200000, 0x00000000df100000| Untracked 
| 498|0x00000000df200000, 0x00000000df300000, 0x00000000df300000|100%| O|  |TAMS 0x00000000df300000, 0x00000000df200000| Untracked 
| 499|0x00000000df300000, 0x00000000df400000, 0x00000000df400000|100%| O|  |TAMS 0x00000000df400000, 0x00000000df300000| Untracked 
| 500|0x00000000df400000, 0x00000000df500000, 0x00000000df500000|100%| O|  |TAMS 0x00000000df500000, 0x00000000df400000| Untracked 
| 501|0x00000000df500000, 0x00000000df600000, 0x00000000df600000|100%| O|  |TAMS 0x00000000df600000, 0x00000000df500000| Untracked 
| 502|0x00000000df600000, 0x00000000df700000, 0x00000000df700000|100%| O|  |TAMS 0x00000000df700000, 0x00000000df600000| Untracked 
| 503|0x00000000df700000, 0x00000000df800000, 0x00000000df800000|100%| O|  |TAMS 0x00000000df800000, 0x00000000df700000| Untracked 
| 504|0x00000000df800000, 0x00000000df900000, 0x00000000df900000|100%| O|  |TAMS 0x00000000df900000, 0x00000000df800000| Untracked 
| 505|0x00000000df900000, 0x00000000dfa00000, 0x00000000dfa00000|100%| O|  |TAMS 0x00000000dfa00000, 0x00000000df900000| Untracked 
| 506|0x00000000dfa00000, 0x00000000dfb00000, 0x00000000dfb00000|100%| O|  |TAMS 0x00000000dfb00000, 0x00000000dfa00000| Untracked 
| 507|0x00000000dfb00000, 0x00000000dfc00000, 0x00000000dfc00000|100%| O|  |TAMS 0x00000000dfc00000, 0x00000000dfb00000| Untracked 
| 508|0x00000000dfc00000, 0x00000000dfd00000, 0x00000000dfd00000|100%| O|  |TAMS 0x00000000dfc00000, 0x00000000dfc00000| Untracked 
| 509|0x00000000dfd00000, 0x00000000dfe00000, 0x00000000dfe00000|100%| O|  |TAMS 0x00000000dfd00000, 0x00000000dfd00000| Untracked 
| 510|0x00000000dfe00000, 0x00000000dff00000, 0x00000000dff00000|100%| O|  |TAMS 0x00000000dff00000, 0x00000000dfe00000| Untracked 
| 511|0x00000000dff00000, 0x00000000e0000000, 0x00000000e0000000|100%|HS|  |TAMS 0x00000000e0000000, 0x00000000dff00000| Complete 
| 512|0x00000000e0000000, 0x00000000e0100000, 0x00000000e0100000|100%|HC|  |TAMS 0x00000000e0100000, 0x00000000e0000000| Complete 
| 513|0x00000000e0100000, 0x00000000e0200000, 0x00000000e0200000|100%|HC|  |TAMS 0x00000000e0200000, 0x00000000e0100000| Complete 
| 514|0x00000000e0200000, 0x00000000e0300000, 0x00000000e0300000|100%| O|  |TAMS 0x00000000e0300000, 0x00000000e0200000| Untracked 
| 515|0x00000000e0300000, 0x00000000e0400000, 0x00000000e0400000|100%| O|  |TAMS 0x00000000e0400000, 0x00000000e0300000| Untracked 
| 516|0x00000000e0400000, 0x00000000e0500000, 0x00000000e0500000|100%| O|  |TAMS 0x00000000e0500000, 0x00000000e0400000| Untracked 
| 517|0x00000000e0500000, 0x00000000e0600000, 0x00000000e0600000|100%| O|  |TAMS 0x00000000e0600000, 0x00000000e0500000| Untracked 
| 518|0x00000000e0600000, 0x00000000e0700000, 0x00000000e0700000|100%| O|  |TAMS 0x00000000e0700000, 0x00000000e0600000| Untracked 
| 519|0x00000000e0700000, 0x00000000e0800000, 0x00000000e0800000|100%| O|  |TAMS 0x00000000e0800000, 0x00000000e0700000| Untracked 
| 520|0x00000000e0800000, 0x00000000e0900000, 0x00000000e0900000|100%| O|  |TAMS 0x00000000e0900000, 0x00000000e0800000| Untracked 
| 521|0x00000000e0900000, 0x00000000e0a00000, 0x00000000e0a00000|100%|HS|  |TAMS 0x00000000e0a00000, 0x00000000e0900000| Complete 
| 522|0x00000000e0a00000, 0x00000000e0b00000, 0x00000000e0b00000|100%|HC|  |TAMS 0x00000000e0b00000, 0x00000000e0a00000| Complete 
| 523|0x00000000e0b00000, 0x00000000e0c00000, 0x00000000e0c00000|100%|HC|  |TAMS 0x00000000e0c00000, 0x00000000e0b00000| Complete 
| 524|0x00000000e0c00000, 0x00000000e0d00000, 0x00000000e0d00000|100%| O|  |TAMS 0x00000000e0d00000, 0x00000000e0c00000| Untracked 
| 525|0x00000000e0d00000, 0x00000000e0e00000, 0x00000000e0e00000|100%| O|  |TAMS 0x00000000e0e00000, 0x00000000e0d00000| Untracked 
| 526|0x00000000e0e00000, 0x00000000e0f00000, 0x00000000e0f00000|100%| O|  |TAMS 0x00000000e0f00000, 0x00000000e0e00000| Untracked 
| 527|0x00000000e0f00000, 0x00000000e1000000, 0x00000000e1000000|100%| O|  |TAMS 0x00000000e1000000, 0x00000000e0f00000| Untracked 
| 528|0x00000000e1000000, 0x00000000e1100000, 0x00000000e1100000|100%| O|  |TAMS 0x00000000e1100000, 0x00000000e1000000| Untracked 
| 529|0x00000000e1100000, 0x00000000e1200000, 0x00000000e1200000|100%| O|  |TAMS 0x00000000e1200000, 0x00000000e1100000| Untracked 
| 530|0x00000000e1200000, 0x00000000e1300000, 0x00000000e1300000|100%| O|  |TAMS 0x00000000e1300000, 0x00000000e1200000| Untracked 
| 531|0x00000000e1300000, 0x00000000e1400000, 0x00000000e1400000|100%| O|  |TAMS 0x00000000e1400000, 0x00000000e1300000| Untracked 
| 532|0x00000000e1400000, 0x00000000e1500000, 0x00000000e1500000|100%| O|  |TAMS 0x00000000e1500000, 0x00000000e1400000| Untracked 
| 533|0x00000000e1500000, 0x00000000e1600000, 0x00000000e1600000|100%| O|  |TAMS 0x00000000e1600000, 0x00000000e1500000| Untracked 
| 534|0x00000000e1600000, 0x00000000e1700000, 0x00000000e1700000|100%| O|  |TAMS 0x00000000e1700000, 0x00000000e1600000| Untracked 
| 535|0x00000000e1700000, 0x00000000e1800000, 0x00000000e1800000|100%| O|  |TAMS 0x00000000e1800000, 0x00000000e1700000| Untracked 
| 536|0x00000000e1800000, 0x00000000e1900000, 0x00000000e1900000|100%| O|  |TAMS 0x00000000e1900000, 0x00000000e1800000| Untracked 
| 537|0x00000000e1900000, 0x00000000e1a00000, 0x00000000e1a00000|100%| O|  |TAMS 0x00000000e1a00000, 0x00000000e1900000| Untracked 
| 538|0x00000000e1a00000, 0x00000000e1b00000, 0x00000000e1b00000|100%| O|  |TAMS 0x00000000e1b00000, 0x00000000e1a00000| Untracked 
| 539|0x00000000e1b00000, 0x00000000e1c00000, 0x00000000e1c00000|100%| O|  |TAMS 0x00000000e1c00000, 0x00000000e1b00000| Untracked 
| 540|0x00000000e1c00000, 0x00000000e1d00000, 0x00000000e1d00000|100%| O|  |TAMS 0x00000000e1d00000, 0x00000000e1c00000| Untracked 
| 541|0x00000000e1d00000, 0x00000000e1e00000, 0x00000000e1e00000|100%| O|  |TAMS 0x00000000e1e00000, 0x00000000e1d00000| Untracked 
| 542|0x00000000e1e00000, 0x00000000e1f00000, 0x00000000e1f00000|100%| O|  |TAMS 0x00000000e1f00000, 0x00000000e1e00000| Untracked 
| 543|0x00000000e1f00000, 0x00000000e2000000, 0x00000000e2000000|100%| O|  |TAMS 0x00000000e2000000, 0x00000000e1f00000| Untracked 
| 544|0x00000000e2000000, 0x00000000e2100000, 0x00000000e2100000|100%| O|  |TAMS 0x00000000e2100000, 0x00000000e2000000| Untracked 
| 545|0x00000000e2100000, 0x00000000e2200000, 0x00000000e2200000|100%| O|  |TAMS 0x00000000e2200000, 0x00000000e2100000| Untracked 
| 546|0x00000000e2200000, 0x00000000e2300000, 0x00000000e2300000|100%| O|  |TAMS 0x00000000e2300000, 0x00000000e2200000| Untracked 
| 547|0x00000000e2300000, 0x00000000e2400000, 0x00000000e2400000|100%| O|  |TAMS 0x00000000e2400000, 0x00000000e2300000| Untracked 
| 548|0x00000000e2400000, 0x00000000e2500000, 0x00000000e2500000|100%| O|  |TAMS 0x00000000e2500000, 0x00000000e2400000| Untracked 
| 549|0x00000000e2500000, 0x00000000e2600000, 0x00000000e2600000|100%| O|  |TAMS 0x00000000e2600000, 0x00000000e2500000| Untracked 
| 550|0x00000000e2600000, 0x00000000e2700000, 0x00000000e2700000|100%| O|  |TAMS 0x00000000e2700000, 0x00000000e2600000| Untracked 
| 551|0x00000000e2700000, 0x00000000e2800000, 0x00000000e2800000|100%| O|  |TAMS 0x00000000e2800000, 0x00000000e2700000| Untracked 
| 552|0x00000000e2800000, 0x00000000e2900000, 0x00000000e2900000|100%| O|  |TAMS 0x00000000e2900000, 0x00000000e2800000| Untracked 
| 553|0x00000000e2900000, 0x00000000e2a00000, 0x00000000e2a00000|100%| O|  |TAMS 0x00000000e2a00000, 0x00000000e2900000| Untracked 
| 554|0x00000000e2a00000, 0x00000000e2b00000, 0x00000000e2b00000|100%| O|  |TAMS 0x00000000e2b00000, 0x00000000e2a00000| Untracked 
| 555|0x00000000e2b00000, 0x00000000e2c00000, 0x00000000e2c00000|100%| O|  |TAMS 0x00000000e2c00000, 0x00000000e2b00000| Untracked 
| 556|0x00000000e2c00000, 0x00000000e2d00000, 0x00000000e2d00000|100%| O|  |TAMS 0x00000000e2d00000, 0x00000000e2c00000| Untracked 
| 557|0x00000000e2d00000, 0x00000000e2e00000, 0x00000000e2e00000|100%| O|  |TAMS 0x00000000e2e00000, 0x00000000e2d00000| Untracked 
| 558|0x00000000e2e00000, 0x00000000e2f00000, 0x00000000e2f00000|100%| O|  |TAMS 0x00000000e2f00000, 0x00000000e2e00000| Untracked 
| 559|0x00000000e2f00000, 0x00000000e3000000, 0x00000000e3000000|100%|HS|  |TAMS 0x00000000e3000000, 0x00000000e2f00000| Complete 
| 560|0x00000000e3000000, 0x00000000e3100000, 0x00000000e3100000|100%| O|  |TAMS 0x00000000e3000000, 0x00000000e3000000| Untracked 
| 561|0x00000000e3100000, 0x00000000e3200000, 0x00000000e3200000|100%| O|  |TAMS 0x00000000e3100000, 0x00000000e3100000| Untracked 
| 562|0x00000000e3200000, 0x00000000e3300000, 0x00000000e3300000|100%|HS|  |TAMS 0x00000000e3300000, 0x00000000e3200000| Complete 
| 563|0x00000000e3300000, 0x00000000e3400000, 0x00000000e3400000|100%|HS|  |TAMS 0x00000000e3400000, 0x00000000e3300000| Complete 
| 564|0x00000000e3400000, 0x00000000e3500000, 0x00000000e3500000|100%| O|  |TAMS 0x00000000e3500000, 0x00000000e3400000| Untracked 
| 565|0x00000000e3500000, 0x00000000e3600000, 0x00000000e3600000|100%| O|  |TAMS 0x00000000e3600000, 0x00000000e3500000| Untracked 
| 566|0x00000000e3600000, 0x00000000e3700000, 0x00000000e3700000|100%|HS|  |TAMS 0x00000000e3700000, 0x00000000e3600000| Complete 
| 567|0x00000000e3700000, 0x00000000e3800000, 0x00000000e3800000|100%| O|  |TAMS 0x00000000e3800000, 0x00000000e3700000| Untracked 
| 568|0x00000000e3800000, 0x00000000e3900000, 0x00000000e3900000|100%|HS|  |TAMS 0x00000000e3900000, 0x00000000e3800000| Complete 
| 569|0x00000000e3900000, 0x00000000e39fbe00, 0x00000000e3a00000| 98%| O|  |TAMS 0x00000000e3900000, 0x00000000e3900000| Untracked 
| 570|0x00000000e3a00000, 0x00000000e3b00000, 0x00000000e3b00000|100%| O|  |TAMS 0x00000000e3b00000, 0x00000000e3a00000| Untracked 
| 571|0x00000000e3b00000, 0x00000000e3b00000, 0x00000000e3c00000|  0%| F|  |TAMS 0x00000000e3b00000, 0x00000000e3b00000| Untracked 
| 572|0x00000000e3c00000, 0x00000000e3c00000, 0x00000000e3d00000|  0%| F|  |TAMS 0x00000000e3c00000, 0x00000000e3c00000| Untracked 
| 573|0x00000000e3d00000, 0x00000000e3e00000, 0x00000000e3e00000|100%|HS|  |TAMS 0x00000000e3e00000, 0x00000000e3d00000| Complete 
| 574|0x00000000e3e00000, 0x00000000e3f00000, 0x00000000e3f00000|100%| O|  |TAMS 0x00000000e3f00000, 0x00000000e3e00000| Untracked 
| 575|0x00000000e3f00000, 0x00000000e4000000, 0x00000000e4000000|100%| O|  |TAMS 0x00000000e4000000, 0x00000000e3f00000| Untracked 
| 576|0x00000000e4000000, 0x00000000e4100000, 0x00000000e4100000|100%| O|  |TAMS 0x00000000e4100000, 0x00000000e4000000| Untracked 
| 577|0x00000000e4100000, 0x00000000e4200000, 0x00000000e4200000|100%| O|  |TAMS 0x00000000e4200000, 0x00000000e4100000| Untracked 
| 578|0x00000000e4200000, 0x00000000e4300000, 0x00000000e4300000|100%| O|  |TAMS 0x00000000e4300000, 0x00000000e4200000| Untracked 
| 579|0x00000000e4300000, 0x00000000e4400000, 0x00000000e4400000|100%|HS|  |TAMS 0x00000000e4400000, 0x00000000e4300000| Complete 
| 580|0x00000000e4400000, 0x00000000e4500000, 0x00000000e4500000|100%| O|  |TAMS 0x00000000e4500000, 0x00000000e4400000| Untracked 
| 581|0x00000000e4500000, 0x00000000e4600000, 0x00000000e4600000|100%| O|  |TAMS 0x00000000e4600000, 0x00000000e4500000| Untracked 
| 582|0x00000000e4600000, 0x00000000e4700000, 0x00000000e4700000|100%| O|  |TAMS 0x00000000e4700000, 0x00000000e4600000| Untracked 
| 583|0x00000000e4700000, 0x00000000e4800000, 0x00000000e4800000|100%| O|  |TAMS 0x00000000e4800000, 0x00000000e4700000| Untracked 
| 584|0x00000000e4800000, 0x00000000e4800000, 0x00000000e4900000|  0%| F|  |TAMS 0x00000000e4800000, 0x00000000e4800000| Untracked 
| 585|0x00000000e4900000, 0x00000000e4a00000, 0x00000000e4a00000|100%|HS|  |TAMS 0x00000000e4a00000, 0x00000000e4900000| Complete 
| 586|0x00000000e4a00000, 0x00000000e4a00000, 0x00000000e4b00000|  0%| F|  |TAMS 0x00000000e4a00000, 0x00000000e4a00000| Untracked 
| 587|0x00000000e4b00000, 0x00000000e4b00000, 0x00000000e4c00000|  0%| F|  |TAMS 0x00000000e4b00000, 0x00000000e4b00000| Untracked 
| 588|0x00000000e4c00000, 0x00000000e4d00000, 0x00000000e4d00000|100%|HS|  |TAMS 0x00000000e4d00000, 0x00000000e4c00000| Complete 
| 589|0x00000000e4d00000, 0x00000000e4d00000, 0x00000000e4e00000|  0%| F|  |TAMS 0x00000000e4d00000, 0x00000000e4d00000| Untracked 
| 590|0x00000000e4e00000, 0x00000000e4e00000, 0x00000000e4f00000|  0%| F|  |TAMS 0x00000000e4e00000, 0x00000000e4e00000| Untracked 
| 591|0x00000000e4f00000, 0x00000000e4f00000, 0x00000000e5000000|  0%| F|  |TAMS 0x00000000e4f00000, 0x00000000e4f00000| Untracked 
| 592|0x00000000e5000000, 0x00000000e5100000, 0x00000000e5100000|100%| O|  |TAMS 0x00000000e5100000, 0x00000000e5000000| Untracked 
| 593|0x00000000e5100000, 0x00000000e5200000, 0x00000000e5200000|100%|HS|  |TAMS 0x00000000e5200000, 0x00000000e5100000| Complete 
| 594|0x00000000e5200000, 0x00000000e5300000, 0x00000000e5300000|100%|HS|  |TAMS 0x00000000e5300000, 0x00000000e5200000| Complete 
| 595|0x00000000e5300000, 0x00000000e5300000, 0x00000000e5400000|  0%| F|  |TAMS 0x00000000e5300000, 0x00000000e5300000| Untracked 
| 596|0x00000000e5400000, 0x00000000e5500000, 0x00000000e5500000|100%|HS|  |TAMS 0x00000000e5500000, 0x00000000e5400000| Complete 
| 597|0x00000000e5500000, 0x00000000e5500000, 0x00000000e5600000|  0%| F|  |TAMS 0x00000000e5500000, 0x00000000e5500000| Untracked 
| 598|0x00000000e5600000, 0x00000000e5600000, 0x00000000e5700000|  0%| F|  |TAMS 0x00000000e5600000, 0x00000000e5600000| Untracked 
| 599|0x00000000e5700000, 0x00000000e5700000, 0x00000000e5800000|  0%| F|  |TAMS 0x00000000e5700000, 0x00000000e5700000| Untracked 
| 600|0x00000000e5800000, 0x00000000e5800000, 0x00000000e5900000|  0%| F|  |TAMS 0x00000000e5800000, 0x00000000e5800000| Untracked 
| 601|0x00000000e5900000, 0x00000000e5900000, 0x00000000e5a00000|  0%| F|  |TAMS 0x00000000e5900000, 0x00000000e5900000| Untracked 
| 602|0x00000000e5a00000, 0x00000000e5a00000, 0x00000000e5b00000|  0%| F|  |TAMS 0x00000000e5a00000, 0x00000000e5a00000| Untracked 
| 603|0x00000000e5b00000, 0x00000000e5b00000, 0x00000000e5c00000|  0%| F|  |TAMS 0x00000000e5b00000, 0x00000000e5b00000| Untracked 
| 604|0x00000000e5c00000, 0x00000000e5c00000, 0x00000000e5d00000|  0%| F|  |TAMS 0x00000000e5c00000, 0x00000000e5c00000| Untracked 
| 605|0x00000000e5d00000, 0x00000000e5d00000, 0x00000000e5e00000|  0%| F|  |TAMS 0x00000000e5d00000, 0x00000000e5d00000| Untracked 
| 606|0x00000000e5e00000, 0x00000000e5e00000, 0x00000000e5f00000|  0%| F|  |TAMS 0x00000000e5e00000, 0x00000000e5e00000| Untracked 
| 607|0x00000000e5f00000, 0x00000000e6000000, 0x00000000e6000000|100%|HS|  |TAMS 0x00000000e6000000, 0x00000000e5f00000| Complete 
| 608|0x00000000e6000000, 0x00000000e6000000, 0x00000000e6100000|  0%| F|  |TAMS 0x00000000e6000000, 0x00000000e6000000| Untracked 
| 609|0x00000000e6100000, 0x00000000e6100000, 0x00000000e6200000|  0%| F|  |TAMS 0x00000000e6100000, 0x00000000e6100000| Untracked 
| 610|0x00000000e6200000, 0x00000000e6300000, 0x00000000e6300000|100%|HS|  |TAMS 0x00000000e6300000, 0x00000000e6200000| Complete 
| 611|0x00000000e6300000, 0x00000000e6300000, 0x00000000e6400000|  0%| F|  |TAMS 0x00000000e6300000, 0x00000000e6300000| Untracked 
| 612|0x00000000e6400000, 0x00000000e6400000, 0x00000000e6500000|  0%| F|  |TAMS 0x00000000e6400000, 0x00000000e6400000| Untracked 
| 613|0x00000000e6500000, 0x00000000e6500000, 0x00000000e6600000|  0%| F|  |TAMS 0x00000000e6500000, 0x00000000e6500000| Untracked 
| 614|0x00000000e6600000, 0x00000000e6600000, 0x00000000e6700000|  0%| F|  |TAMS 0x00000000e6600000, 0x00000000e6600000| Untracked 
| 615|0x00000000e6700000, 0x00000000e6800000, 0x00000000e6800000|100%| O|  |TAMS 0x00000000e6800000, 0x00000000e6700000| Untracked 
| 616|0x00000000e6800000, 0x00000000e6900000, 0x00000000e6900000|100%| O|  |TAMS 0x00000000e6900000, 0x00000000e6800000| Untracked 
| 617|0x00000000e6900000, 0x00000000e6900000, 0x00000000e6a00000|  0%| F|  |TAMS 0x00000000e6900000, 0x00000000e6900000| Untracked 
| 618|0x00000000e6a00000, 0x00000000e6a00000, 0x00000000e6b00000|  0%| F|  |TAMS 0x00000000e6a00000, 0x00000000e6a00000| Untracked 
| 619|0x00000000e6b00000, 0x00000000e6b00000, 0x00000000e6c00000|  0%| F|  |TAMS 0x00000000e6b00000, 0x00000000e6b00000| Untracked 
| 620|0x00000000e6c00000, 0x00000000e6c00000, 0x00000000e6d00000|  0%| F|  |TAMS 0x00000000e6c00000, 0x00000000e6c00000| Untracked 
| 621|0x00000000e6d00000, 0x00000000e6d00000, 0x00000000e6e00000|  0%| F|  |TAMS 0x00000000e6d00000, 0x00000000e6d00000| Untracked 
| 622|0x00000000e6e00000, 0x00000000e6e00000, 0x00000000e6f00000|  0%| F|  |TAMS 0x00000000e6e00000, 0x00000000e6e00000| Untracked 
| 623|0x00000000e6f00000, 0x00000000e6f00000, 0x00000000e7000000|  0%| F|  |TAMS 0x00000000e6f00000, 0x00000000e6f00000| Untracked 
| 624|0x00000000e7000000, 0x00000000e7000000, 0x00000000e7100000|  0%| F|  |TAMS 0x00000000e7000000, 0x00000000e7000000| Untracked 
| 625|0x00000000e7100000, 0x00000000e7100000, 0x00000000e7200000|  0%| F|  |TAMS 0x00000000e7100000, 0x00000000e7100000| Untracked 
| 626|0x00000000e7200000, 0x00000000e7200000, 0x00000000e7300000|  0%| F|  |TAMS 0x00000000e7200000, 0x00000000e7200000| Untracked 
| 627|0x00000000e7300000, 0x00000000e7300000, 0x00000000e7400000|  0%| F|  |TAMS 0x00000000e7300000, 0x00000000e7300000| Untracked 
| 628|0x00000000e7400000, 0x00000000e7400000, 0x00000000e7500000|  0%| F|  |TAMS 0x00000000e7400000, 0x00000000e7400000| Untracked 
| 629|0x00000000e7500000, 0x00000000e7500000, 0x00000000e7600000|  0%| F|  |TAMS 0x00000000e7500000, 0x00000000e7500000| Untracked 
| 630|0x00000000e7600000, 0x00000000e7600000, 0x00000000e7700000|  0%| F|  |TAMS 0x00000000e7600000, 0x00000000e7600000| Untracked 
| 631|0x00000000e7700000, 0x00000000e7700000, 0x00000000e7800000|  0%| F|  |TAMS 0x00000000e7700000, 0x00000000e7700000| Untracked 
| 632|0x00000000e7800000, 0x00000000e7800000, 0x00000000e7900000|  0%| F|  |TAMS 0x00000000e7800000, 0x00000000e7800000| Untracked 
| 633|0x00000000e7900000, 0x00000000e7900000, 0x00000000e7a00000|  0%| F|  |TAMS 0x00000000e7900000, 0x00000000e7900000| Untracked 
| 634|0x00000000e7a00000, 0x00000000e7a00000, 0x00000000e7b00000|  0%| F|  |TAMS 0x00000000e7a00000, 0x00000000e7a00000| Untracked 
| 635|0x00000000e7b00000, 0x00000000e7c00000, 0x00000000e7c00000|100%|HS|  |TAMS 0x00000000e7c00000, 0x00000000e7b00000| Complete 
| 636|0x00000000e7c00000, 0x00000000e7c00000, 0x00000000e7d00000|  0%| F|  |TAMS 0x00000000e7c00000, 0x00000000e7c00000| Untracked 
| 637|0x00000000e7d00000, 0x00000000e7d00000, 0x00000000e7e00000|  0%| F|  |TAMS 0x00000000e7d00000, 0x00000000e7d00000| Untracked 
| 638|0x00000000e7e00000, 0x00000000e7e00000, 0x00000000e7f00000|  0%| F|  |TAMS 0x00000000e7e00000, 0x00000000e7e00000| Untracked 
| 639|0x00000000e7f00000, 0x00000000e7f00000, 0x00000000e8000000|  0%| F|  |TAMS 0x00000000e7f00000, 0x00000000e7f00000| Untracked 
| 640|0x00000000e8000000, 0x00000000e8100000, 0x00000000e8100000|100%|HS|  |TAMS 0x00000000e8100000, 0x00000000e8000000| Complete 
| 641|0x00000000e8100000, 0x00000000e8100000, 0x00000000e8200000|  0%| F|  |TAMS 0x00000000e8100000, 0x00000000e8100000| Untracked 
| 642|0x00000000e8200000, 0x00000000e8200000, 0x00000000e8300000|  0%| F|  |TAMS 0x00000000e8200000, 0x00000000e8200000| Untracked 
| 643|0x00000000e8300000, 0x00000000e8400000, 0x00000000e8400000|100%|HS|  |TAMS 0x00000000e8400000, 0x00000000e8300000| Complete 
| 644|0x00000000e8400000, 0x00000000e8400000, 0x00000000e8500000|  0%| F|  |TAMS 0x00000000e8400000, 0x00000000e8400000| Untracked 
| 645|0x00000000e8500000, 0x00000000e8500000, 0x00000000e8600000|  0%| F|  |TAMS 0x00000000e8500000, 0x00000000e8500000| Untracked 
| 646|0x00000000e8600000, 0x00000000e8600000, 0x00000000e8700000|  0%| F|  |TAMS 0x00000000e8600000, 0x00000000e8600000| Untracked 
| 647|0x00000000e8700000, 0x00000000e8700000, 0x00000000e8800000|  0%| F|  |TAMS 0x00000000e8700000, 0x00000000e8700000| Untracked 
| 648|0x00000000e8800000, 0x00000000e8800000, 0x00000000e8900000|  0%| F|  |TAMS 0x00000000e8800000, 0x00000000e8800000| Untracked 
| 649|0x00000000e8900000, 0x00000000e8900000, 0x00000000e8a00000|  0%| F|  |TAMS 0x00000000e8900000, 0x00000000e8900000| Untracked 
| 650|0x00000000e8a00000, 0x00000000e8a00000, 0x00000000e8b00000|  0%| F|  |TAMS 0x00000000e8a00000, 0x00000000e8a00000| Untracked 
| 651|0x00000000e8b00000, 0x00000000e8b00000, 0x00000000e8c00000|  0%| F|  |TAMS 0x00000000e8b00000, 0x00000000e8b00000| Untracked 
| 652|0x00000000e8c00000, 0x00000000e8c00000, 0x00000000e8d00000|  0%| F|  |TAMS 0x00000000e8c00000, 0x00000000e8c00000| Untracked 
| 653|0x00000000e8d00000, 0x00000000e8d00000, 0x00000000e8e00000|  0%| F|  |TAMS 0x00000000e8d00000, 0x00000000e8d00000| Untracked 
| 654|0x00000000e8e00000, 0x00000000e8e00000, 0x00000000e8f00000|  0%| F|  |TAMS 0x00000000e8e00000, 0x00000000e8e00000| Untracked 
| 655|0x00000000e8f00000, 0x00000000e9000000, 0x00000000e9000000|100%|HS|  |TAMS 0x00000000e9000000, 0x00000000e8f00000| Complete 
| 656|0x00000000e9000000, 0x00000000e9000000, 0x00000000e9100000|  0%| F|  |TAMS 0x00000000e9000000, 0x00000000e9000000| Untracked 
| 657|0x00000000e9100000, 0x00000000e9200000, 0x00000000e9200000|100%|HS|  |TAMS 0x00000000e9200000, 0x00000000e9100000| Complete 
| 658|0x00000000e9200000, 0x00000000e9200000, 0x00000000e9300000|  0%| F|  |TAMS 0x00000000e9200000, 0x00000000e9200000| Untracked 
| 659|0x00000000e9300000, 0x00000000e9400000, 0x00000000e9400000|100%|HS|  |TAMS 0x00000000e9400000, 0x00000000e9300000| Complete 
| 660|0x00000000e9400000, 0x00000000e9500000, 0x00000000e9500000|100%|HS|  |TAMS 0x00000000e9500000, 0x00000000e9400000| Complete 
| 661|0x00000000e9500000, 0x00000000e9500000, 0x00000000e9600000|  0%| F|  |TAMS 0x00000000e9500000, 0x00000000e9500000| Untracked 
| 662|0x00000000e9600000, 0x00000000e9600000, 0x00000000e9700000|  0%| F|  |TAMS 0x00000000e9600000, 0x00000000e9600000| Untracked 
| 663|0x00000000e9700000, 0x00000000e9800000, 0x00000000e9800000|100%|HS|  |TAMS 0x00000000e9800000, 0x00000000e9700000| Complete 
| 664|0x00000000e9800000, 0x00000000e9800000, 0x00000000e9900000|  0%| F|  |TAMS 0x00000000e9800000, 0x00000000e9800000| Untracked 
| 665|0x00000000e9900000, 0x00000000e9900000, 0x00000000e9a00000|  0%| F|  |TAMS 0x00000000e9900000, 0x00000000e9900000| Untracked 
| 666|0x00000000e9a00000, 0x00000000e9a00000, 0x00000000e9b00000|  0%| F|  |TAMS 0x00000000e9a00000, 0x00000000e9a00000| Untracked 
| 667|0x00000000e9b00000, 0x00000000e9b00000, 0x00000000e9c00000|  0%| F|  |TAMS 0x00000000e9b00000, 0x00000000e9b00000| Untracked 
| 668|0x00000000e9c00000, 0x00000000e9c00000, 0x00000000e9d00000|  0%| F|  |TAMS 0x00000000e9c00000, 0x00000000e9c00000| Untracked 
| 669|0x00000000e9d00000, 0x00000000e9d00000, 0x00000000e9e00000|  0%| F|  |TAMS 0x00000000e9d00000, 0x00000000e9d00000| Untracked 
| 670|0x00000000e9e00000, 0x00000000e9e00000, 0x00000000e9f00000|  0%| F|  |TAMS 0x00000000e9e00000, 0x00000000e9e00000| Untracked 
| 671|0x00000000e9f00000, 0x00000000e9f00000, 0x00000000ea000000|  0%| F|  |TAMS 0x00000000e9f00000, 0x00000000e9f00000| Untracked 
| 672|0x00000000ea000000, 0x00000000ea000000, 0x00000000ea100000|  0%| F|  |TAMS 0x00000000ea000000, 0x00000000ea000000| Untracked 
| 673|0x00000000ea100000, 0x00000000ea200000, 0x00000000ea200000|100%|HS|  |TAMS 0x00000000ea200000, 0x00000000ea100000| Complete 
| 674|0x00000000ea200000, 0x00000000ea200000, 0x00000000ea300000|  0%| F|  |TAMS 0x00000000ea200000, 0x00000000ea200000| Untracked 
| 675|0x00000000ea300000, 0x00000000ea300000, 0x00000000ea400000|  0%| F|  |TAMS 0x00000000ea300000, 0x00000000ea300000| Untracked 
| 676|0x00000000ea400000, 0x00000000ea400000, 0x00000000ea500000|  0%| F|  |TAMS 0x00000000ea400000, 0x00000000ea400000| Untracked 
| 677|0x00000000ea500000, 0x00000000ea500000, 0x00000000ea600000|  0%| F|  |TAMS 0x00000000ea500000, 0x00000000ea500000| Untracked 
| 678|0x00000000ea600000, 0x00000000ea600000, 0x00000000ea700000|  0%| F|  |TAMS 0x00000000ea600000, 0x00000000ea600000| Untracked 
| 679|0x00000000ea700000, 0x00000000ea700000, 0x00000000ea800000|  0%| F|  |TAMS 0x00000000ea700000, 0x00000000ea700000| Untracked 
| 680|0x00000000ea800000, 0x00000000ea800000, 0x00000000ea900000|  0%| F|  |TAMS 0x00000000ea800000, 0x00000000ea800000| Untracked 
| 681|0x00000000ea900000, 0x00000000ea900000, 0x00000000eaa00000|  0%| F|  |TAMS 0x00000000ea900000, 0x00000000ea900000| Untracked 
| 682|0x00000000eaa00000, 0x00000000eaa00000, 0x00000000eab00000|  0%| F|  |TAMS 0x00000000eaa00000, 0x00000000eaa00000| Untracked 
| 683|0x00000000eab00000, 0x00000000eab00000, 0x00000000eac00000|  0%| F|  |TAMS 0x00000000eab00000, 0x00000000eab00000| Untracked 
| 684|0x00000000eac00000, 0x00000000eac00000, 0x00000000ead00000|  0%| F|  |TAMS 0x00000000eac00000, 0x00000000eac00000| Untracked 
| 685|0x00000000ead00000, 0x00000000eae00000, 0x00000000eae00000|100%| O|  |TAMS 0x00000000eae00000, 0x00000000ead00000| Untracked 
| 686|0x00000000eae00000, 0x00000000eaf00000, 0x00000000eaf00000|100%| O|  |TAMS 0x00000000eaf00000, 0x00000000eae00000| Untracked 
| 687|0x00000000eaf00000, 0x00000000eb000000, 0x00000000eb000000|100%| O|  |TAMS 0x00000000eb000000, 0x00000000eaf00000| Untracked 
| 688|0x00000000eb000000, 0x00000000eb000000, 0x00000000eb100000|  0%| F|  |TAMS 0x00000000eb000000, 0x00000000eb000000| Untracked 
| 689|0x00000000eb100000, 0x00000000eb100000, 0x00000000eb200000|  0%| F|  |TAMS 0x00000000eb100000, 0x00000000eb100000| Untracked 
| 690|0x00000000eb200000, 0x00000000eb200000, 0x00000000eb300000|  0%| F|  |TAMS 0x00000000eb200000, 0x00000000eb200000| Untracked 
| 691|0x00000000eb300000, 0x00000000eb300000, 0x00000000eb400000|  0%| F|  |TAMS 0x00000000eb300000, 0x00000000eb300000| Untracked 
| 692|0x00000000eb400000, 0x00000000eb400000, 0x00000000eb500000|  0%| F|  |TAMS 0x00000000eb400000, 0x00000000eb400000| Untracked 
| 693|0x00000000eb500000, 0x00000000eb500000, 0x00000000eb600000|  0%| F|  |TAMS 0x00000000eb500000, 0x00000000eb500000| Untracked 
| 694|0x00000000eb600000, 0x00000000eb600000, 0x00000000eb700000|  0%| F|  |TAMS 0x00000000eb600000, 0x00000000eb600000| Untracked 
| 695|0x00000000eb700000, 0x00000000eb700000, 0x00000000eb800000|  0%| F|  |TAMS 0x00000000eb700000, 0x00000000eb700000| Untracked 
| 696|0x00000000eb800000, 0x00000000eb800000, 0x00000000eb900000|  0%| F|  |TAMS 0x00000000eb800000, 0x00000000eb800000| Untracked 
| 697|0x00000000eb900000, 0x00000000eb900000, 0x00000000eba00000|  0%| F|  |TAMS 0x00000000eb900000, 0x00000000eb900000| Untracked 
| 698|0x00000000eba00000, 0x00000000eba00000, 0x00000000ebb00000|  0%| F|  |TAMS 0x00000000eba00000, 0x00000000eba00000| Untracked 
| 699|0x00000000ebb00000, 0x00000000ebb00000, 0x00000000ebc00000|  0%| F|  |TAMS 0x00000000ebb00000, 0x00000000ebb00000| Untracked 
| 700|0x00000000ebc00000, 0x00000000ebc00000, 0x00000000ebd00000|  0%| F|  |TAMS 0x00000000ebc00000, 0x00000000ebc00000| Untracked 
| 701|0x00000000ebd00000, 0x00000000ebd00000, 0x00000000ebe00000|  0%| F|  |TAMS 0x00000000ebd00000, 0x00000000ebd00000| Untracked 
| 702|0x00000000ebe00000, 0x00000000ebe00000, 0x00000000ebf00000|  0%| F|  |TAMS 0x00000000ebe00000, 0x00000000ebe00000| Untracked 
| 703|0x00000000ebf00000, 0x00000000ebf00000, 0x00000000ec000000|  0%| F|  |TAMS 0x00000000ebf00000, 0x00000000ebf00000| Untracked 
| 704|0x00000000ec000000, 0x00000000ec000000, 0x00000000ec100000|  0%| F|  |TAMS 0x00000000ec000000, 0x00000000ec000000| Untracked 
| 705|0x00000000ec100000, 0x00000000ec100000, 0x00000000ec200000|  0%| F|  |TAMS 0x00000000ec100000, 0x00000000ec100000| Untracked 
| 706|0x00000000ec200000, 0x00000000ec200000, 0x00000000ec300000|  0%| F|  |TAMS 0x00000000ec200000, 0x00000000ec200000| Untracked 
| 707|0x00000000ec300000, 0x00000000ec300000, 0x00000000ec400000|  0%| F|  |TAMS 0x00000000ec300000, 0x00000000ec300000| Untracked 
| 708|0x00000000ec400000, 0x00000000ec400000, 0x00000000ec500000|  0%| F|  |TAMS 0x00000000ec400000, 0x00000000ec400000| Untracked 
| 709|0x00000000ec500000, 0x00000000ec500000, 0x00000000ec600000|  0%| F|  |TAMS 0x00000000ec500000, 0x00000000ec500000| Untracked 
| 710|0x00000000ec600000, 0x00000000ec600000, 0x00000000ec700000|  0%| F|  |TAMS 0x00000000ec600000, 0x00000000ec600000| Untracked 
| 711|0x00000000ec700000, 0x00000000ec700000, 0x00000000ec800000|  0%| F|  |TAMS 0x00000000ec700000, 0x00000000ec700000| Untracked 
| 712|0x00000000ec800000, 0x00000000ec800000, 0x00000000ec900000|  0%| F|  |TAMS 0x00000000ec800000, 0x00000000ec800000| Untracked 
| 713|0x00000000ec900000, 0x00000000ec900000, 0x00000000eca00000|  0%| F|  |TAMS 0x00000000ec900000, 0x00000000ec900000| Untracked 
| 714|0x00000000eca00000, 0x00000000eca00000, 0x00000000ecb00000|  0%| F|  |TAMS 0x00000000eca00000, 0x00000000eca00000| Untracked 
| 715|0x00000000ecb00000, 0x00000000ecb00000, 0x00000000ecc00000|  0%| F|  |TAMS 0x00000000ecb00000, 0x00000000ecb00000| Untracked 
| 716|0x00000000ecc00000, 0x00000000ecc00000, 0x00000000ecd00000|  0%| F|  |TAMS 0x00000000ecc00000, 0x00000000ecc00000| Untracked 
| 717|0x00000000ecd00000, 0x00000000ecd00000, 0x00000000ece00000|  0%| F|  |TAMS 0x00000000ecd00000, 0x00000000ecd00000| Untracked 
| 718|0x00000000ece00000, 0x00000000ece00000, 0x00000000ecf00000|  0%| F|  |TAMS 0x00000000ece00000, 0x00000000ece00000| Untracked 
| 719|0x00000000ecf00000, 0x00000000ecf00000, 0x00000000ed000000|  0%| F|  |TAMS 0x00000000ecf00000, 0x00000000ecf00000| Untracked 
| 720|0x00000000ed000000, 0x00000000ed000000, 0x00000000ed100000|  0%| F|  |TAMS 0x00000000ed000000, 0x00000000ed000000| Untracked 
| 721|0x00000000ed100000, 0x00000000ed100000, 0x00000000ed200000|  0%| F|  |TAMS 0x00000000ed100000, 0x00000000ed100000| Untracked 
| 722|0x00000000ed200000, 0x00000000ed200000, 0x00000000ed300000|  0%| F|  |TAMS 0x00000000ed200000, 0x00000000ed200000| Untracked 
| 723|0x00000000ed300000, 0x00000000ed300000, 0x00000000ed400000|  0%| F|  |TAMS 0x00000000ed300000, 0x00000000ed300000| Untracked 
| 724|0x00000000ed400000, 0x00000000ed400000, 0x00000000ed500000|  0%| F|  |TAMS 0x00000000ed400000, 0x00000000ed400000| Untracked 
| 725|0x00000000ed500000, 0x00000000ed500000, 0x00000000ed600000|  0%| F|  |TAMS 0x00000000ed500000, 0x00000000ed500000| Untracked 
| 726|0x00000000ed600000, 0x00000000ed600000, 0x00000000ed700000|  0%| F|  |TAMS 0x00000000ed600000, 0x00000000ed600000| Untracked 
| 727|0x00000000ed700000, 0x00000000ed700000, 0x00000000ed800000|  0%| F|  |TAMS 0x00000000ed700000, 0x00000000ed700000| Untracked 
| 728|0x00000000ed800000, 0x00000000ed800000, 0x00000000ed900000|  0%| F|  |TAMS 0x00000000ed800000, 0x00000000ed800000| Untracked 
| 729|0x00000000ed900000, 0x00000000ed900000, 0x00000000eda00000|  0%| F|  |TAMS 0x00000000ed900000, 0x00000000ed900000| Untracked 
| 730|0x00000000eda00000, 0x00000000eda00000, 0x00000000edb00000|  0%| F|  |TAMS 0x00000000eda00000, 0x00000000eda00000| Untracked 
| 731|0x00000000edb00000, 0x00000000edb00000, 0x00000000edc00000|  0%| F|  |TAMS 0x00000000edb00000, 0x00000000edb00000| Untracked 
| 732|0x00000000edc00000, 0x00000000edc00000, 0x00000000edd00000|  0%| F|  |TAMS 0x00000000edc00000, 0x00000000edc00000| Untracked 
| 733|0x00000000edd00000, 0x00000000edd00000, 0x00000000ede00000|  0%| F|  |TAMS 0x00000000edd00000, 0x00000000edd00000| Untracked 
| 734|0x00000000ede00000, 0x00000000ede00000, 0x00000000edf00000|  0%| F|  |TAMS 0x00000000ede00000, 0x00000000ede00000| Untracked 
| 735|0x00000000edf00000, 0x00000000edf00000, 0x00000000ee000000|  0%| F|  |TAMS 0x00000000edf00000, 0x00000000edf00000| Untracked 
| 736|0x00000000ee000000, 0x00000000ee000000, 0x00000000ee100000|  0%| F|  |TAMS 0x00000000ee000000, 0x00000000ee000000| Untracked 
| 737|0x00000000ee100000, 0x00000000ee100000, 0x00000000ee200000|  0%| F|  |TAMS 0x00000000ee100000, 0x00000000ee100000| Untracked 
| 738|0x00000000ee200000, 0x00000000ee200000, 0x00000000ee300000|  0%| F|  |TAMS 0x00000000ee200000, 0x00000000ee200000| Untracked 
| 739|0x00000000ee300000, 0x00000000ee300000, 0x00000000ee400000|  0%| F|  |TAMS 0x00000000ee300000, 0x00000000ee300000| Untracked 
| 740|0x00000000ee400000, 0x00000000ee400000, 0x00000000ee500000|  0%| F|  |TAMS 0x00000000ee400000, 0x00000000ee400000| Untracked 
| 741|0x00000000ee500000, 0x00000000ee500000, 0x00000000ee600000|  0%| F|  |TAMS 0x00000000ee500000, 0x00000000ee500000| Untracked 
| 742|0x00000000ee600000, 0x00000000ee600000, 0x00000000ee700000|  0%| F|  |TAMS 0x00000000ee600000, 0x00000000ee600000| Untracked 
| 743|0x00000000ee700000, 0x00000000ee700000, 0x00000000ee800000|  0%| F|  |TAMS 0x00000000ee700000, 0x00000000ee700000| Untracked 
| 744|0x00000000ee800000, 0x00000000ee800000, 0x00000000ee900000|  0%| F|  |TAMS 0x00000000ee800000, 0x00000000ee800000| Untracked 
| 745|0x00000000ee900000, 0x00000000ee900000, 0x00000000eea00000|  0%| F|  |TAMS 0x00000000ee900000, 0x00000000ee900000| Untracked 
| 746|0x00000000eea00000, 0x00000000eea00000, 0x00000000eeb00000|  0%| F|  |TAMS 0x00000000eea00000, 0x00000000eea00000| Untracked 
| 747|0x00000000eeb00000, 0x00000000eeb00000, 0x00000000eec00000|  0%| F|  |TAMS 0x00000000eeb00000, 0x00000000eeb00000| Untracked 
| 748|0x00000000eec00000, 0x00000000eec00000, 0x00000000eed00000|  0%| F|  |TAMS 0x00000000eec00000, 0x00000000eec00000| Untracked 
| 749|0x00000000eed00000, 0x00000000eed00000, 0x00000000eee00000|  0%| F|  |TAMS 0x00000000eed00000, 0x00000000eed00000| Untracked 
| 750|0x00000000eee00000, 0x00000000eee00000, 0x00000000eef00000|  0%| F|  |TAMS 0x00000000eee00000, 0x00000000eee00000| Untracked 
| 751|0x00000000eef00000, 0x00000000eef00000, 0x00000000ef000000|  0%| F|  |TAMS 0x00000000eef00000, 0x00000000eef00000| Untracked 
| 752|0x00000000ef000000, 0x00000000ef000000, 0x00000000ef100000|  0%| F|  |TAMS 0x00000000ef000000, 0x00000000ef000000| Untracked 
| 753|0x00000000ef100000, 0x00000000ef100000, 0x00000000ef200000|  0%| F|  |TAMS 0x00000000ef100000, 0x00000000ef100000| Untracked 
| 754|0x00000000ef200000, 0x00000000ef200000, 0x00000000ef300000|  0%| F|  |TAMS 0x00000000ef200000, 0x00000000ef200000| Untracked 
| 755|0x00000000ef300000, 0x00000000ef300000, 0x00000000ef400000|  0%| F|  |TAMS 0x00000000ef300000, 0x00000000ef300000| Untracked 
| 756|0x00000000ef400000, 0x00000000ef400000, 0x00000000ef500000|  0%| F|  |TAMS 0x00000000ef400000, 0x00000000ef400000| Untracked 
| 757|0x00000000ef500000, 0x00000000ef500000, 0x00000000ef600000|  0%| F|  |TAMS 0x00000000ef500000, 0x00000000ef500000| Untracked 
| 758|0x00000000ef600000, 0x00000000ef600000, 0x00000000ef700000|  0%| F|  |TAMS 0x00000000ef600000, 0x00000000ef600000| Untracked 
| 759|0x00000000ef700000, 0x00000000ef700000, 0x00000000ef800000|  0%| F|  |TAMS 0x00000000ef700000, 0x00000000ef700000| Untracked 
| 760|0x00000000ef800000, 0x00000000ef800000, 0x00000000ef900000|  0%| F|  |TAMS 0x00000000ef800000, 0x00000000ef800000| Untracked 
| 761|0x00000000ef900000, 0x00000000ef900000, 0x00000000efa00000|  0%| F|  |TAMS 0x00000000ef900000, 0x00000000ef900000| Untracked 
| 762|0x00000000efa00000, 0x00000000efa00000, 0x00000000efb00000|  0%| F|  |TAMS 0x00000000efa00000, 0x00000000efa00000| Untracked 
| 763|0x00000000efb00000, 0x00000000efb00000, 0x00000000efc00000|  0%| F|  |TAMS 0x00000000efb00000, 0x00000000efb00000| Untracked 
| 764|0x00000000efc00000, 0x00000000efc00000, 0x00000000efd00000|  0%| F|  |TAMS 0x00000000efc00000, 0x00000000efc00000| Untracked 
| 765|0x00000000efd00000, 0x00000000efd00000, 0x00000000efe00000|  0%| F|  |TAMS 0x00000000efd00000, 0x00000000efd00000| Untracked 
| 766|0x00000000efe00000, 0x00000000efe00000, 0x00000000eff00000|  0%| F|  |TAMS 0x00000000efe00000, 0x00000000efe00000| Untracked 
| 767|0x00000000eff00000, 0x00000000eff00000, 0x00000000f0000000|  0%| F|  |TAMS 0x00000000eff00000, 0x00000000eff00000| Untracked 
| 768|0x00000000f0000000, 0x00000000f0000000, 0x00000000f0100000|  0%| F|  |TAMS 0x00000000f0000000, 0x00000000f0000000| Untracked 
| 769|0x00000000f0100000, 0x00000000f0100000, 0x00000000f0200000|  0%| F|  |TAMS 0x00000000f0100000, 0x00000000f0100000| Untracked 
| 770|0x00000000f0200000, 0x00000000f0200000, 0x00000000f0300000|  0%| F|  |TAMS 0x00000000f0200000, 0x00000000f0200000| Untracked 
| 771|0x00000000f0300000, 0x00000000f0300000, 0x00000000f0400000|  0%| F|  |TAMS 0x00000000f0300000, 0x00000000f0300000| Untracked 
| 772|0x00000000f0400000, 0x00000000f0400000, 0x00000000f0500000|  0%| F|  |TAMS 0x00000000f0400000, 0x00000000f0400000| Untracked 
| 773|0x00000000f0500000, 0x00000000f0500000, 0x00000000f0600000|  0%| F|  |TAMS 0x00000000f0500000, 0x00000000f0500000| Untracked 
| 774|0x00000000f0600000, 0x00000000f0600000, 0x00000000f0700000|  0%| F|  |TAMS 0x00000000f0600000, 0x00000000f0600000| Untracked 
| 775|0x00000000f0700000, 0x00000000f0700000, 0x00000000f0800000|  0%| F|  |TAMS 0x00000000f0700000, 0x00000000f0700000| Untracked 
| 776|0x00000000f0800000, 0x00000000f0800000, 0x00000000f0900000|  0%| F|  |TAMS 0x00000000f0800000, 0x00000000f0800000| Untracked 
| 777|0x00000000f0900000, 0x00000000f0900000, 0x00000000f0a00000|  0%| F|  |TAMS 0x00000000f0900000, 0x00000000f0900000| Untracked 
| 778|0x00000000f0a00000, 0x00000000f0a00000, 0x00000000f0b00000|  0%| F|  |TAMS 0x00000000f0a00000, 0x00000000f0a00000| Untracked 
| 779|0x00000000f0b00000, 0x00000000f0b00000, 0x00000000f0c00000|  0%| F|  |TAMS 0x00000000f0b00000, 0x00000000f0b00000| Untracked 
| 780|0x00000000f0c00000, 0x00000000f0d00000, 0x00000000f0d00000|100%|HS|  |TAMS 0x00000000f0d00000, 0x00000000f0c00000| Complete 
| 781|0x00000000f0d00000, 0x00000000f0d00000, 0x00000000f0e00000|  0%| F|  |TAMS 0x00000000f0d00000, 0x00000000f0d00000| Untracked 
| 782|0x00000000f0e00000, 0x00000000f0e00000, 0x00000000f0f00000|  0%| F|  |TAMS 0x00000000f0e00000, 0x00000000f0e00000| Untracked 
| 783|0x00000000f0f00000, 0x00000000f0f00000, 0x00000000f1000000|  0%| F|  |TAMS 0x00000000f0f00000, 0x00000000f0f00000| Untracked 
| 784|0x00000000f1000000, 0x00000000f1000000, 0x00000000f1100000|  0%| F|  |TAMS 0x00000000f1000000, 0x00000000f1000000| Untracked 
| 785|0x00000000f1100000, 0x00000000f1100000, 0x00000000f1200000|  0%| F|  |TAMS 0x00000000f1100000, 0x00000000f1100000| Untracked 
| 786|0x00000000f1200000, 0x00000000f1200000, 0x00000000f1300000|  0%| F|  |TAMS 0x00000000f1200000, 0x00000000f1200000| Untracked 
| 787|0x00000000f1300000, 0x00000000f1300000, 0x00000000f1400000|  0%| F|  |TAMS 0x00000000f1300000, 0x00000000f1300000| Untracked 
| 788|0x00000000f1400000, 0x00000000f1400000, 0x00000000f1500000|  0%| F|  |TAMS 0x00000000f1400000, 0x00000000f1400000| Untracked 
| 789|0x00000000f1500000, 0x00000000f1500000, 0x00000000f1600000|  0%| F|  |TAMS 0x00000000f1500000, 0x00000000f1500000| Untracked 
| 790|0x00000000f1600000, 0x00000000f1600000, 0x00000000f1700000|  0%| F|  |TAMS 0x00000000f1600000, 0x00000000f1600000| Untracked 
| 791|0x00000000f1700000, 0x00000000f1700000, 0x00000000f1800000|  0%| F|  |TAMS 0x00000000f1700000, 0x00000000f1700000| Untracked 
| 792|0x00000000f1800000, 0x00000000f1800000, 0x00000000f1900000|  0%| F|  |TAMS 0x00000000f1800000, 0x00000000f1800000| Untracked 
| 793|0x00000000f1900000, 0x00000000f1a00000, 0x00000000f1a00000|100%|HS|  |TAMS 0x00000000f1a00000, 0x00000000f1900000| Complete 
| 794|0x00000000f1a00000, 0x00000000f1b00000, 0x00000000f1b00000|100%|HC|  |TAMS 0x00000000f1b00000, 0x00000000f1a00000| Complete 
| 795|0x00000000f1b00000, 0x00000000f1c00000, 0x00000000f1c00000|100%|HC|  |TAMS 0x00000000f1c00000, 0x00000000f1b00000| Complete 
| 796|0x00000000f1c00000, 0x00000000f1c00000, 0x00000000f1d00000|  0%| F|  |TAMS 0x00000000f1c00000, 0x00000000f1c00000| Untracked 
| 797|0x00000000f1d00000, 0x00000000f1d00000, 0x00000000f1e00000|  0%| F|  |TAMS 0x00000000f1d00000, 0x00000000f1d00000| Untracked 
| 798|0x00000000f1e00000, 0x00000000f1e00000, 0x00000000f1f00000|  0%| F|  |TAMS 0x00000000f1e00000, 0x00000000f1e00000| Untracked 
| 799|0x00000000f1f00000, 0x00000000f1f00000, 0x00000000f2000000|  0%| F|  |TAMS 0x00000000f1f00000, 0x00000000f1f00000| Untracked 
| 800|0x00000000f2000000, 0x00000000f2000000, 0x00000000f2100000|  0%| F|  |TAMS 0x00000000f2000000, 0x00000000f2000000| Untracked 
| 801|0x00000000f2100000, 0x00000000f2100000, 0x00000000f2200000|  0%| F|  |TAMS 0x00000000f2100000, 0x00000000f2100000| Untracked 
| 802|0x00000000f2200000, 0x00000000f2200000, 0x00000000f2300000|  0%| F|  |TAMS 0x00000000f2200000, 0x00000000f2200000| Untracked 
| 803|0x00000000f2300000, 0x00000000f2300000, 0x00000000f2400000|  0%| F|  |TAMS 0x00000000f2300000, 0x00000000f2300000| Untracked 
| 804|0x00000000f2400000, 0x00000000f2400000, 0x00000000f2500000|  0%| F|  |TAMS 0x00000000f2400000, 0x00000000f2400000| Untracked 
| 805|0x00000000f2500000, 0x00000000f2500000, 0x00000000f2600000|  0%| F|  |TAMS 0x00000000f2500000, 0x00000000f2500000| Untracked 
| 806|0x00000000f2600000, 0x00000000f2700000, 0x00000000f2700000|100%|HS|  |TAMS 0x00000000f2700000, 0x00000000f2600000| Complete 
| 807|0x00000000f2700000, 0x00000000f2800000, 0x00000000f2800000|100%|HS|  |TAMS 0x00000000f2800000, 0x00000000f2700000| Complete 
| 808|0x00000000f2800000, 0x00000000f2900000, 0x00000000f2900000|100%|HC|  |TAMS 0x00000000f2900000, 0x00000000f2800000| Complete 
| 809|0x00000000f2900000, 0x00000000f2a00000, 0x00000000f2a00000|100%|HC|  |TAMS 0x00000000f2a00000, 0x00000000f2900000| Complete 
| 810|0x00000000f2a00000, 0x00000000f2a00000, 0x00000000f2b00000|  0%| F|  |TAMS 0x00000000f2a00000, 0x00000000f2a00000| Untracked 
| 811|0x00000000f2b00000, 0x00000000f2b00000, 0x00000000f2c00000|  0%| F|  |TAMS 0x00000000f2b00000, 0x00000000f2b00000| Untracked 
| 812|0x00000000f2c00000, 0x00000000f2c3dd30, 0x00000000f2d00000| 24%| E|  |TAMS 0x00000000f2c00000, 0x00000000f2c00000| Complete 
| 813|0x00000000f2d00000, 0x00000000f2e00000, 0x00000000f2e00000|100%| E|CS|TAMS 0x00000000f2d00000, 0x00000000f2d00000| Complete 
| 814|0x00000000f2e00000, 0x00000000f2f00000, 0x00000000f2f00000|100%| E|CS|TAMS 0x00000000f2e00000, 0x00000000f2e00000| Complete 
| 815|0x00000000f2f00000, 0x00000000f3000000, 0x00000000f3000000|100%| E|CS|TAMS 0x00000000f2f00000, 0x00000000f2f00000| Complete 
| 816|0x00000000f3000000, 0x00000000f3100000, 0x00000000f3100000|100%| E|CS|TAMS 0x00000000f3000000, 0x00000000f3000000| Complete 
| 817|0x00000000f3100000, 0x00000000f3200000, 0x00000000f3200000|100%| E|CS|TAMS 0x00000000f3100000, 0x00000000f3100000| Complete 
| 818|0x00000000f3200000, 0x00000000f3300000, 0x00000000f3300000|100%| E|CS|TAMS 0x00000000f3200000, 0x00000000f3200000| Complete 
| 819|0x00000000f3300000, 0x00000000f3400000, 0x00000000f3400000|100%| E|CS|TAMS 0x00000000f3300000, 0x00000000f3300000| Complete 
| 820|0x00000000f3400000, 0x00000000f3500000, 0x00000000f3500000|100%| E|CS|TAMS 0x00000000f3400000, 0x00000000f3400000| Complete 
| 821|0x00000000f3500000, 0x00000000f3600000, 0x00000000f3600000|100%| E|CS|TAMS 0x00000000f3500000, 0x00000000f3500000| Complete 
| 822|0x00000000f3600000, 0x00000000f3700000, 0x00000000f3700000|100%| E|CS|TAMS 0x00000000f3600000, 0x00000000f3600000| Complete 
| 823|0x00000000f3700000, 0x00000000f3800000, 0x00000000f3800000|100%| E|CS|TAMS 0x00000000f3700000, 0x00000000f3700000| Complete 
| 824|0x00000000f3800000, 0x00000000f3900000, 0x00000000f3900000|100%| E|CS|TAMS 0x00000000f3800000, 0x00000000f3800000| Complete 
| 825|0x00000000f3900000, 0x00000000f3a00000, 0x00000000f3a00000|100%| E|CS|TAMS 0x00000000f3900000, 0x00000000f3900000| Complete 
| 826|0x00000000f3a00000, 0x00000000f3b00000, 0x00000000f3b00000|100%| E|CS|TAMS 0x00000000f3a00000, 0x00000000f3a00000| Complete 
| 827|0x00000000f3b00000, 0x00000000f3c00000, 0x00000000f3c00000|100%| E|CS|TAMS 0x00000000f3b00000, 0x00000000f3b00000| Complete 
| 828|0x00000000f3c00000, 0x00000000f3d00000, 0x00000000f3d00000|100%| E|CS|TAMS 0x00000000f3c00000, 0x00000000f3c00000| Complete 
| 829|0x00000000f3d00000, 0x00000000f3e00000, 0x00000000f3e00000|100%| E|CS|TAMS 0x00000000f3d00000, 0x00000000f3d00000| Complete 
| 830|0x00000000f3e00000, 0x00000000f3f00000, 0x00000000f3f00000|100%| E|CS|TAMS 0x00000000f3e00000, 0x00000000f3e00000| Complete 
| 831|0x00000000f3f00000, 0x00000000f4000000, 0x00000000f4000000|100%| E|CS|TAMS 0x00000000f3f00000, 0x00000000f3f00000| Complete 
| 832|0x00000000f4000000, 0x00000000f4100000, 0x00000000f4100000|100%| E|CS|TAMS 0x00000000f4000000, 0x00000000f4000000| Complete 
| 833|0x00000000f4100000, 0x00000000f4200000, 0x00000000f4200000|100%| E|CS|TAMS 0x00000000f4100000, 0x00000000f4100000| Complete 
| 834|0x00000000f4200000, 0x00000000f4300000, 0x00000000f4300000|100%| E|CS|TAMS 0x00000000f4200000, 0x00000000f4200000| Complete 
| 835|0x00000000f4300000, 0x00000000f4400000, 0x00000000f4400000|100%| E|CS|TAMS 0x00000000f4300000, 0x00000000f4300000| Complete 
| 836|0x00000000f4400000, 0x00000000f4500000, 0x00000000f4500000|100%| E|CS|TAMS 0x00000000f4400000, 0x00000000f4400000| Complete 
| 837|0x00000000f4500000, 0x00000000f4600000, 0x00000000f4600000|100%| E|CS|TAMS 0x00000000f4500000, 0x00000000f4500000| Complete 
| 838|0x00000000f4600000, 0x00000000f4700000, 0x00000000f4700000|100%| E|CS|TAMS 0x00000000f4600000, 0x00000000f4600000| Complete 
| 839|0x00000000f4700000, 0x00000000f4800000, 0x00000000f4800000|100%| E|CS|TAMS 0x00000000f4700000, 0x00000000f4700000| Complete 
| 840|0x00000000f4800000, 0x00000000f4900000, 0x00000000f4900000|100%| E|CS|TAMS 0x00000000f4800000, 0x00000000f4800000| Complete 
| 841|0x00000000f4900000, 0x00000000f4a00000, 0x00000000f4a00000|100%| E|CS|TAMS 0x00000000f4900000, 0x00000000f4900000| Complete 
| 842|0x00000000f4a00000, 0x00000000f4b00000, 0x00000000f4b00000|100%| E|CS|TAMS 0x00000000f4a00000, 0x00000000f4a00000| Complete 
| 843|0x00000000f4b00000, 0x00000000f4c00000, 0x00000000f4c00000|100%| E|CS|TAMS 0x00000000f4b00000, 0x00000000f4b00000| Complete 
| 844|0x00000000f4c00000, 0x00000000f4d00000, 0x00000000f4d00000|100%| E|CS|TAMS 0x00000000f4c00000, 0x00000000f4c00000| Complete 
| 845|0x00000000f4d00000, 0x00000000f4e00000, 0x00000000f4e00000|100%| E|CS|TAMS 0x00000000f4d00000, 0x00000000f4d00000| Complete 
| 846|0x00000000f4e00000, 0x00000000f4f00000, 0x00000000f4f00000|100%| E|CS|TAMS 0x00000000f4e00000, 0x00000000f4e00000| Complete 
| 847|0x00000000f4f00000, 0x00000000f5000000, 0x00000000f5000000|100%| E|CS|TAMS 0x00000000f4f00000, 0x00000000f4f00000| Complete 
| 848|0x00000000f5000000, 0x00000000f5100000, 0x00000000f5100000|100%| E|CS|TAMS 0x00000000f5000000, 0x00000000f5000000| Complete 
| 849|0x00000000f5100000, 0x00000000f5200000, 0x00000000f5200000|100%| E|CS|TAMS 0x00000000f5100000, 0x00000000f5100000| Complete 
| 850|0x00000000f5200000, 0x00000000f5300000, 0x00000000f5300000|100%| E|CS|TAMS 0x00000000f5200000, 0x00000000f5200000| Complete 
| 851|0x00000000f5300000, 0x00000000f5400000, 0x00000000f5400000|100%| E|CS|TAMS 0x00000000f5300000, 0x00000000f5300000| Complete 
| 852|0x00000000f5400000, 0x00000000f5500000, 0x00000000f5500000|100%| E|CS|TAMS 0x00000000f5400000, 0x00000000f5400000| Complete 
| 853|0x00000000f5500000, 0x00000000f5600000, 0x00000000f5600000|100%| E|CS|TAMS 0x00000000f5500000, 0x00000000f5500000| Complete 
| 854|0x00000000f5600000, 0x00000000f5700000, 0x00000000f5700000|100%| E|CS|TAMS 0x00000000f5600000, 0x00000000f5600000| Complete 
| 855|0x00000000f5700000, 0x00000000f5800000, 0x00000000f5800000|100%| E|CS|TAMS 0x00000000f5700000, 0x00000000f5700000| Complete 
| 856|0x00000000f5800000, 0x00000000f5900000, 0x00000000f5900000|100%| E|CS|TAMS 0x00000000f5800000, 0x00000000f5800000| Complete 
| 857|0x00000000f5900000, 0x00000000f5a00000, 0x00000000f5a00000|100%| E|CS|TAMS 0x00000000f5900000, 0x00000000f5900000| Complete 
| 858|0x00000000f5a00000, 0x00000000f5b00000, 0x00000000f5b00000|100%| E|CS|TAMS 0x00000000f5a00000, 0x00000000f5a00000| Complete 
| 859|0x00000000f5b00000, 0x00000000f5c00000, 0x00000000f5c00000|100%| E|CS|TAMS 0x00000000f5b00000, 0x00000000f5b00000| Complete 
| 860|0x00000000f5c00000, 0x00000000f5d00000, 0x00000000f5d00000|100%| E|CS|TAMS 0x00000000f5c00000, 0x00000000f5c00000| Complete 
| 861|0x00000000f5d00000, 0x00000000f5e00000, 0x00000000f5e00000|100%| E|CS|TAMS 0x00000000f5d00000, 0x00000000f5d00000| Complete 
| 862|0x00000000f5e00000, 0x00000000f5f00000, 0x00000000f5f00000|100%| E|CS|TAMS 0x00000000f5e00000, 0x00000000f5e00000| Complete 
| 863|0x00000000f5f00000, 0x00000000f6000000, 0x00000000f6000000|100%| E|CS|TAMS 0x00000000f5f00000, 0x00000000f5f00000| Complete 
| 864|0x00000000f6000000, 0x00000000f6100000, 0x00000000f6100000|100%| E|CS|TAMS 0x00000000f6000000, 0x00000000f6000000| Complete 
| 865|0x00000000f6100000, 0x00000000f6200000, 0x00000000f6200000|100%| E|CS|TAMS 0x00000000f6100000, 0x00000000f6100000| Complete 
| 866|0x00000000f6200000, 0x00000000f6300000, 0x00000000f6300000|100%| E|CS|TAMS 0x00000000f6200000, 0x00000000f6200000| Complete 
| 867|0x00000000f6300000, 0x00000000f6400000, 0x00000000f6400000|100%| E|CS|TAMS 0x00000000f6300000, 0x00000000f6300000| Complete 
| 868|0x00000000f6400000, 0x00000000f6500000, 0x00000000f6500000|100%| E|CS|TAMS 0x00000000f6400000, 0x00000000f6400000| Complete 
| 869|0x00000000f6500000, 0x00000000f6600000, 0x00000000f6600000|100%| E|CS|TAMS 0x00000000f6500000, 0x00000000f6500000| Complete 
| 870|0x00000000f6600000, 0x00000000f6700000, 0x00000000f6700000|100%| E|CS|TAMS 0x00000000f6600000, 0x00000000f6600000| Complete 
| 871|0x00000000f6700000, 0x00000000f6800000, 0x00000000f6800000|100%| E|CS|TAMS 0x00000000f6700000, 0x00000000f6700000| Complete 
| 872|0x00000000f6800000, 0x00000000f6900000, 0x00000000f6900000|100%| E|CS|TAMS 0x00000000f6800000, 0x00000000f6800000| Complete 
| 873|0x00000000f6900000, 0x00000000f6a00000, 0x00000000f6a00000|100%| E|CS|TAMS 0x00000000f6900000, 0x00000000f6900000| Complete 
| 874|0x00000000f6a00000, 0x00000000f6b00000, 0x00000000f6b00000|100%| E|CS|TAMS 0x00000000f6a00000, 0x00000000f6a00000| Complete 
| 875|0x00000000f6b00000, 0x00000000f6c00000, 0x00000000f6c00000|100%| E|CS|TAMS 0x00000000f6b00000, 0x00000000f6b00000| Complete 
| 876|0x00000000f6c00000, 0x00000000f6d00000, 0x00000000f6d00000|100%| E|CS|TAMS 0x00000000f6c00000, 0x00000000f6c00000| Complete 
| 877|0x00000000f6d00000, 0x00000000f6e00000, 0x00000000f6e00000|100%| E|CS|TAMS 0x00000000f6d00000, 0x00000000f6d00000| Complete 
| 878|0x00000000f6e00000, 0x00000000f6f00000, 0x00000000f6f00000|100%| E|CS|TAMS 0x00000000f6e00000, 0x00000000f6e00000| Complete 
| 879|0x00000000f6f00000, 0x00000000f7000000, 0x00000000f7000000|100%| E|CS|TAMS 0x00000000f6f00000, 0x00000000f6f00000| Complete 
| 880|0x00000000f7000000, 0x00000000f7100000, 0x00000000f7100000|100%| E|CS|TAMS 0x00000000f7000000, 0x00000000f7000000| Complete 
| 881|0x00000000f7100000, 0x00000000f7200000, 0x00000000f7200000|100%| E|CS|TAMS 0x00000000f7100000, 0x00000000f7100000| Complete 
| 882|0x00000000f7200000, 0x00000000f7300000, 0x00000000f7300000|100%| E|CS|TAMS 0x00000000f7200000, 0x00000000f7200000| Complete 
| 883|0x00000000f7300000, 0x00000000f7400000, 0x00000000f7400000|100%| E|CS|TAMS 0x00000000f7300000, 0x00000000f7300000| Complete 
| 884|0x00000000f7400000, 0x00000000f7500000, 0x00000000f7500000|100%| E|CS|TAMS 0x00000000f7400000, 0x00000000f7400000| Complete 
| 885|0x00000000f7500000, 0x00000000f7600000, 0x00000000f7600000|100%| E|CS|TAMS 0x00000000f7500000, 0x00000000f7500000| Complete 
| 886|0x00000000f7600000, 0x00000000f7700000, 0x00000000f7700000|100%| E|CS|TAMS 0x00000000f7600000, 0x00000000f7600000| Complete 
| 887|0x00000000f7700000, 0x00000000f7800000, 0x00000000f7800000|100%| E|CS|TAMS 0x00000000f7700000, 0x00000000f7700000| Complete 
| 888|0x00000000f7800000, 0x00000000f7900000, 0x00000000f7900000|100%| E|CS|TAMS 0x00000000f7800000, 0x00000000f7800000| Complete 
| 889|0x00000000f7900000, 0x00000000f7a00000, 0x00000000f7a00000|100%| E|CS|TAMS 0x00000000f7900000, 0x00000000f7900000| Complete 
| 890|0x00000000f7a00000, 0x00000000f7b00000, 0x00000000f7b00000|100%| E|CS|TAMS 0x00000000f7a00000, 0x00000000f7a00000| Complete 
| 891|0x00000000f7b00000, 0x00000000f7c00000, 0x00000000f7c00000|100%| E|CS|TAMS 0x00000000f7b00000, 0x00000000f7b00000| Complete 
| 892|0x00000000f7c00000, 0x00000000f7d00000, 0x00000000f7d00000|100%| E|CS|TAMS 0x00000000f7c00000, 0x00000000f7c00000| Complete 
| 893|0x00000000f7d00000, 0x00000000f7e00000, 0x00000000f7e00000|100%| E|CS|TAMS 0x00000000f7d00000, 0x00000000f7d00000| Complete 
| 894|0x00000000f7e00000, 0x00000000f7f00000, 0x00000000f7f00000|100%| E|CS|TAMS 0x00000000f7e00000, 0x00000000f7e00000| Complete 
| 895|0x00000000f7f00000, 0x00000000f8000000, 0x00000000f8000000|100%| E|CS|TAMS 0x00000000f7f00000, 0x00000000f7f00000| Complete 
| 896|0x00000000f8000000, 0x00000000f8100000, 0x00000000f8100000|100%| E|CS|TAMS 0x00000000f8000000, 0x00000000f8000000| Complete 
| 897|0x00000000f8100000, 0x00000000f8200000, 0x00000000f8200000|100%| E|CS|TAMS 0x00000000f8100000, 0x00000000f8100000| Complete 
| 898|0x00000000f8200000, 0x00000000f8300000, 0x00000000f8300000|100%| E|CS|TAMS 0x00000000f8200000, 0x00000000f8200000| Complete 
| 899|0x00000000f8300000, 0x00000000f8400000, 0x00000000f8400000|100%| E|CS|TAMS 0x00000000f8300000, 0x00000000f8300000| Complete 
| 900|0x00000000f8400000, 0x00000000f8500000, 0x00000000f8500000|100%| E|CS|TAMS 0x00000000f8400000, 0x00000000f8400000| Complete 
| 901|0x00000000f8500000, 0x00000000f8600000, 0x00000000f8600000|100%| E|CS|TAMS 0x00000000f8500000, 0x00000000f8500000| Complete 
| 902|0x00000000f8600000, 0x00000000f8700000, 0x00000000f8700000|100%| E|CS|TAMS 0x00000000f8600000, 0x00000000f8600000| Complete 
| 903|0x00000000f8700000, 0x00000000f8800000, 0x00000000f8800000|100%| E|CS|TAMS 0x00000000f8700000, 0x00000000f8700000| Complete 
| 904|0x00000000f8800000, 0x00000000f8900000, 0x00000000f8900000|100%| E|CS|TAMS 0x00000000f8800000, 0x00000000f8800000| Complete 
| 905|0x00000000f8900000, 0x00000000f8a00000, 0x00000000f8a00000|100%| E|CS|TAMS 0x00000000f8900000, 0x00000000f8900000| Complete 
| 906|0x00000000f8a00000, 0x00000000f8b00000, 0x00000000f8b00000|100%| E|CS|TAMS 0x00000000f8a00000, 0x00000000f8a00000| Complete 
| 907|0x00000000f8b00000, 0x00000000f8c00000, 0x00000000f8c00000|100%| E|CS|TAMS 0x00000000f8b00000, 0x00000000f8b00000| Complete 
| 908|0x00000000f8c00000, 0x00000000f8d00000, 0x00000000f8d00000|100%| E|CS|TAMS 0x00000000f8c00000, 0x00000000f8c00000| Complete 
| 909|0x00000000f8d00000, 0x00000000f8e00000, 0x00000000f8e00000|100%| E|CS|TAMS 0x00000000f8d00000, 0x00000000f8d00000| Complete 
| 910|0x00000000f8e00000, 0x00000000f8f00000, 0x00000000f8f00000|100%| E|CS|TAMS 0x00000000f8e00000, 0x00000000f8e00000| Complete 
| 911|0x00000000f8f00000, 0x00000000f9000000, 0x00000000f9000000|100%| E|CS|TAMS 0x00000000f8f00000, 0x00000000f8f00000| Complete 
| 912|0x00000000f9000000, 0x00000000f9100000, 0x00000000f9100000|100%| E|CS|TAMS 0x00000000f9000000, 0x00000000f9000000| Complete 
| 913|0x00000000f9100000, 0x00000000f9200000, 0x00000000f9200000|100%| E|CS|TAMS 0x00000000f9100000, 0x00000000f9100000| Complete 
| 914|0x00000000f9200000, 0x00000000f9300000, 0x00000000f9300000|100%| E|CS|TAMS 0x00000000f9200000, 0x00000000f9200000| Complete 
| 915|0x00000000f9300000, 0x00000000f9400000, 0x00000000f9400000|100%| E|CS|TAMS 0x00000000f9300000, 0x00000000f9300000| Complete 
| 916|0x00000000f9400000, 0x00000000f9500000, 0x00000000f9500000|100%| E|CS|TAMS 0x00000000f9400000, 0x00000000f9400000| Complete 
| 917|0x00000000f9500000, 0x00000000f9600000, 0x00000000f9600000|100%| E|CS|TAMS 0x00000000f9500000, 0x00000000f9500000| Complete 
| 918|0x00000000f9600000, 0x00000000f9700000, 0x00000000f9700000|100%| E|CS|TAMS 0x00000000f9600000, 0x00000000f9600000| Complete 
| 919|0x00000000f9700000, 0x00000000f9800000, 0x00000000f9800000|100%| E|CS|TAMS 0x00000000f9700000, 0x00000000f9700000| Complete 
| 920|0x00000000f9800000, 0x00000000f9900000, 0x00000000f9900000|100%| E|CS|TAMS 0x00000000f9800000, 0x00000000f9800000| Complete 
| 921|0x00000000f9900000, 0x00000000f9a00000, 0x00000000f9a00000|100%| E|CS|TAMS 0x00000000f9900000, 0x00000000f9900000| Complete 
| 922|0x00000000f9a00000, 0x00000000f9b00000, 0x00000000f9b00000|100%| E|CS|TAMS 0x00000000f9a00000, 0x00000000f9a00000| Complete 
| 923|0x00000000f9b00000, 0x00000000f9c00000, 0x00000000f9c00000|100%| E|CS|TAMS 0x00000000f9b00000, 0x00000000f9b00000| Complete 
| 924|0x00000000f9c00000, 0x00000000f9d00000, 0x00000000f9d00000|100%| E|CS|TAMS 0x00000000f9c00000, 0x00000000f9c00000| Complete 
| 925|0x00000000f9d00000, 0x00000000f9e00000, 0x00000000f9e00000|100%| E|CS|TAMS 0x00000000f9d00000, 0x00000000f9d00000| Complete 
| 926|0x00000000f9e00000, 0x00000000f9f00000, 0x00000000f9f00000|100%| E|CS|TAMS 0x00000000f9e00000, 0x00000000f9e00000| Complete 
| 927|0x00000000f9f00000, 0x00000000fa000000, 0x00000000fa000000|100%| E|CS|TAMS 0x00000000f9f00000, 0x00000000f9f00000| Complete 
| 928|0x00000000fa000000, 0x00000000fa100000, 0x00000000fa100000|100%| E|CS|TAMS 0x00000000fa000000, 0x00000000fa000000| Complete 
| 929|0x00000000fa100000, 0x00000000fa200000, 0x00000000fa200000|100%| E|CS|TAMS 0x00000000fa100000, 0x00000000fa100000| Complete 
| 930|0x00000000fa200000, 0x00000000fa300000, 0x00000000fa300000|100%| E|CS|TAMS 0x00000000fa200000, 0x00000000fa200000| Complete 
| 931|0x00000000fa300000, 0x00000000fa400000, 0x00000000fa400000|100%| E|CS|TAMS 0x00000000fa300000, 0x00000000fa300000| Complete 
| 932|0x00000000fa400000, 0x00000000fa500000, 0x00000000fa500000|100%| E|CS|TAMS 0x00000000fa400000, 0x00000000fa400000| Complete 
| 933|0x00000000fa500000, 0x00000000fa600000, 0x00000000fa600000|100%| E|CS|TAMS 0x00000000fa500000, 0x00000000fa500000| Complete 
| 934|0x00000000fa600000, 0x00000000fa700000, 0x00000000fa700000|100%| E|CS|TAMS 0x00000000fa600000, 0x00000000fa600000| Complete 
| 935|0x00000000fa700000, 0x00000000fa800000, 0x00000000fa800000|100%| E|CS|TAMS 0x00000000fa700000, 0x00000000fa700000| Complete 
| 936|0x00000000fa800000, 0x00000000fa900000, 0x00000000fa900000|100%| E|CS|TAMS 0x00000000fa800000, 0x00000000fa800000| Complete 
| 937|0x00000000fa900000, 0x00000000faa00000, 0x00000000faa00000|100%| E|CS|TAMS 0x00000000fa900000, 0x00000000fa900000| Complete 
| 938|0x00000000faa00000, 0x00000000fab00000, 0x00000000fab00000|100%| E|CS|TAMS 0x00000000faa00000, 0x00000000faa00000| Complete 
| 939|0x00000000fab00000, 0x00000000fac00000, 0x00000000fac00000|100%| E|CS|TAMS 0x00000000fab00000, 0x00000000fab00000| Complete 
| 940|0x00000000fac00000, 0x00000000fad00000, 0x00000000fad00000|100%| E|CS|TAMS 0x00000000fac00000, 0x00000000fac00000| Complete 
| 941|0x00000000fad00000, 0x00000000fae00000, 0x00000000fae00000|100%| E|CS|TAMS 0x00000000fad00000, 0x00000000fad00000| Complete 
| 942|0x00000000fae00000, 0x00000000faf00000, 0x00000000faf00000|100%| E|CS|TAMS 0x00000000fae00000, 0x00000000fae00000| Complete 
| 943|0x00000000faf00000, 0x00000000fb000000, 0x00000000fb000000|100%| E|CS|TAMS 0x00000000faf00000, 0x00000000faf00000| Complete 
| 944|0x00000000fb000000, 0x00000000fb100000, 0x00000000fb100000|100%| E|CS|TAMS 0x00000000fb000000, 0x00000000fb000000| Complete 
| 945|0x00000000fb100000, 0x00000000fb200000, 0x00000000fb200000|100%| E|CS|TAMS 0x00000000fb100000, 0x00000000fb100000| Complete 
| 946|0x00000000fb200000, 0x00000000fb300000, 0x00000000fb300000|100%| E|CS|TAMS 0x00000000fb200000, 0x00000000fb200000| Complete 
| 947|0x00000000fb300000, 0x00000000fb400000, 0x00000000fb400000|100%| E|CS|TAMS 0x00000000fb300000, 0x00000000fb300000| Complete 
| 948|0x00000000fb400000, 0x00000000fb500000, 0x00000000fb500000|100%| E|CS|TAMS 0x00000000fb400000, 0x00000000fb400000| Complete 
| 949|0x00000000fb500000, 0x00000000fb600000, 0x00000000fb600000|100%| E|CS|TAMS 0x00000000fb500000, 0x00000000fb500000| Complete 
| 950|0x00000000fb600000, 0x00000000fb700000, 0x00000000fb700000|100%| E|CS|TAMS 0x00000000fb600000, 0x00000000fb600000| Complete 
| 951|0x00000000fb700000, 0x00000000fb800000, 0x00000000fb800000|100%| E|CS|TAMS 0x00000000fb700000, 0x00000000fb700000| Complete 
| 952|0x00000000fb800000, 0x00000000fb900000, 0x00000000fb900000|100%| E|CS|TAMS 0x00000000fb800000, 0x00000000fb800000| Complete 
| 953|0x00000000fb900000, 0x00000000fba00000, 0x00000000fba00000|100%| E|CS|TAMS 0x00000000fb900000, 0x00000000fb900000| Complete 
| 954|0x00000000fba00000, 0x00000000fbb00000, 0x00000000fbb00000|100%| E|CS|TAMS 0x00000000fba00000, 0x00000000fba00000| Complete 
| 955|0x00000000fbb00000, 0x00000000fbc00000, 0x00000000fbc00000|100%| E|CS|TAMS 0x00000000fbb00000, 0x00000000fbb00000| Complete 
| 956|0x00000000fbc00000, 0x00000000fbd00000, 0x00000000fbd00000|100%| E|CS|TAMS 0x00000000fbc00000, 0x00000000fbc00000| Complete 
| 957|0x00000000fbd00000, 0x00000000fbe00000, 0x00000000fbe00000|100%| E|CS|TAMS 0x00000000fbd00000, 0x00000000fbd00000| Complete 
| 958|0x00000000fbe00000, 0x00000000fbf00000, 0x00000000fbf00000|100%| E|CS|TAMS 0x00000000fbe00000, 0x00000000fbe00000| Complete 
| 959|0x00000000fbf00000, 0x00000000fc000000, 0x00000000fc000000|100%| E|CS|TAMS 0x00000000fbf00000, 0x00000000fbf00000| Complete 
| 960|0x00000000fc000000, 0x00000000fc100000, 0x00000000fc100000|100%| E|CS|TAMS 0x00000000fc000000, 0x00000000fc000000| Complete 
| 961|0x00000000fc100000, 0x00000000fc200000, 0x00000000fc200000|100%| E|CS|TAMS 0x00000000fc100000, 0x00000000fc100000| Complete 
| 962|0x00000000fc200000, 0x00000000fc300000, 0x00000000fc300000|100%| E|CS|TAMS 0x00000000fc200000, 0x00000000fc200000| Complete 
| 963|0x00000000fc300000, 0x00000000fc400000, 0x00000000fc400000|100%| E|CS|TAMS 0x00000000fc300000, 0x00000000fc300000| Complete 
| 964|0x00000000fc400000, 0x00000000fc500000, 0x00000000fc500000|100%| E|CS|TAMS 0x00000000fc400000, 0x00000000fc400000| Complete 
| 965|0x00000000fc500000, 0x00000000fc600000, 0x00000000fc600000|100%| E|CS|TAMS 0x00000000fc500000, 0x00000000fc500000| Complete 
| 966|0x00000000fc600000, 0x00000000fc700000, 0x00000000fc700000|100%| E|CS|TAMS 0x00000000fc600000, 0x00000000fc600000| Complete 
| 967|0x00000000fc700000, 0x00000000fc800000, 0x00000000fc800000|100%| E|CS|TAMS 0x00000000fc700000, 0x00000000fc700000| Complete 
| 968|0x00000000fc800000, 0x00000000fc900000, 0x00000000fc900000|100%| E|CS|TAMS 0x00000000fc800000, 0x00000000fc800000| Complete 
| 969|0x00000000fc900000, 0x00000000fca00000, 0x00000000fca00000|100%| E|CS|TAMS 0x00000000fc900000, 0x00000000fc900000| Complete 
| 970|0x00000000fca00000, 0x00000000fcb00000, 0x00000000fcb00000|100%| E|CS|TAMS 0x00000000fca00000, 0x00000000fca00000| Complete 
| 971|0x00000000fcb00000, 0x00000000fcc00000, 0x00000000fcc00000|100%| E|CS|TAMS 0x00000000fcb00000, 0x00000000fcb00000| Complete 
| 972|0x00000000fcc00000, 0x00000000fcd00000, 0x00000000fcd00000|100%| E|CS|TAMS 0x00000000fcc00000, 0x00000000fcc00000| Complete 
| 973|0x00000000fcd00000, 0x00000000fce00000, 0x00000000fce00000|100%| E|CS|TAMS 0x00000000fcd00000, 0x00000000fcd00000| Complete 
| 974|0x00000000fce00000, 0x00000000fcf00000, 0x00000000fcf00000|100%| E|CS|TAMS 0x00000000fce00000, 0x00000000fce00000| Complete 
| 975|0x00000000fcf00000, 0x00000000fd000000, 0x00000000fd000000|100%| E|CS|TAMS 0x00000000fcf00000, 0x00000000fcf00000| Complete 
| 976|0x00000000fd000000, 0x00000000fd100000, 0x00000000fd100000|100%| E|CS|TAMS 0x00000000fd000000, 0x00000000fd000000| Complete 
| 977|0x00000000fd100000, 0x00000000fd200000, 0x00000000fd200000|100%| E|CS|TAMS 0x00000000fd100000, 0x00000000fd100000| Complete 
| 978|0x00000000fd200000, 0x00000000fd300000, 0x00000000fd300000|100%| E|CS|TAMS 0x00000000fd200000, 0x00000000fd200000| Complete 
| 979|0x00000000fd300000, 0x00000000fd400000, 0x00000000fd400000|100%| E|CS|TAMS 0x00000000fd300000, 0x00000000fd300000| Complete 
| 980|0x00000000fd400000, 0x00000000fd500000, 0x00000000fd500000|100%| E|CS|TAMS 0x00000000fd400000, 0x00000000fd400000| Complete 
| 981|0x00000000fd500000, 0x00000000fd600000, 0x00000000fd600000|100%| E|CS|TAMS 0x00000000fd500000, 0x00000000fd500000| Complete 
| 982|0x00000000fd600000, 0x00000000fd65f688, 0x00000000fd700000| 37%| S|CS|TAMS 0x00000000fd600000, 0x00000000fd600000| Complete 
| 983|0x00000000fd700000, 0x00000000fd800000, 0x00000000fd800000|100%| S|CS|TAMS 0x00000000fd700000, 0x00000000fd700000| Complete 
| 984|0x00000000fd800000, 0x00000000fd900000, 0x00000000fd900000|100%| E|CS|TAMS 0x00000000fd800000, 0x00000000fd800000| Complete 
| 985|0x00000000fd900000, 0x00000000fda00000, 0x00000000fda00000|100%| E|CS|TAMS 0x00000000fd900000, 0x00000000fd900000| Complete 
| 986|0x00000000fda00000, 0x00000000fdb00000, 0x00000000fdb00000|100%| E|CS|TAMS 0x00000000fda00000, 0x00000000fda00000| Complete 
| 987|0x00000000fdb00000, 0x00000000fdc00000, 0x00000000fdc00000|100%| E|CS|TAMS 0x00000000fdb00000, 0x00000000fdb00000| Complete 
| 988|0x00000000fdc00000, 0x00000000fdd00000, 0x00000000fdd00000|100%| E|CS|TAMS 0x00000000fdc00000, 0x00000000fdc00000| Complete 
| 989|0x00000000fdd00000, 0x00000000fde00000, 0x00000000fde00000|100%| E|CS|TAMS 0x00000000fdd00000, 0x00000000fdd00000| Complete 
| 990|0x00000000fde00000, 0x00000000fdf00000, 0x00000000fdf00000|100%| E|CS|TAMS 0x00000000fde00000, 0x00000000fde00000| Complete 
| 991|0x00000000fdf00000, 0x00000000fe000000, 0x00000000fe000000|100%| E|CS|TAMS 0x00000000fdf00000, 0x00000000fdf00000| Complete 
| 992|0x00000000fe000000, 0x00000000fe100000, 0x00000000fe100000|100%| E|CS|TAMS 0x00000000fe000000, 0x00000000fe000000| Complete 
| 993|0x00000000fe100000, 0x00000000fe200000, 0x00000000fe200000|100%| E|CS|TAMS 0x00000000fe100000, 0x00000000fe100000| Complete 
| 994|0x00000000fe200000, 0x00000000fe300000, 0x00000000fe300000|100%| E|CS|TAMS 0x00000000fe200000, 0x00000000fe200000| Complete 
| 995|0x00000000fe300000, 0x00000000fe400000, 0x00000000fe400000|100%| E|CS|TAMS 0x00000000fe300000, 0x00000000fe300000| Complete 
| 996|0x00000000fe400000, 0x00000000fe500000, 0x00000000fe500000|100%| E|CS|TAMS 0x00000000fe400000, 0x00000000fe400000| Complete 
| 997|0x00000000fe500000, 0x00000000fe600000, 0x00000000fe600000|100%| E|CS|TAMS 0x00000000fe500000, 0x00000000fe500000| Complete 
| 998|0x00000000fe600000, 0x00000000fe700000, 0x00000000fe700000|100%| E|CS|TAMS 0x00000000fe600000, 0x00000000fe600000| Complete 
| 999|0x00000000fe700000, 0x00000000fe800000, 0x00000000fe800000|100%| E|CS|TAMS 0x00000000fe700000, 0x00000000fe700000| Complete 
|1000|0x00000000fe800000, 0x00000000fe900000, 0x00000000fe900000|100%| E|CS|TAMS 0x00000000fe800000, 0x00000000fe800000| Complete 
|1001|0x00000000fe900000, 0x00000000fea00000, 0x00000000fea00000|100%| E|CS|TAMS 0x00000000fe900000, 0x00000000fe900000| Complete 
|1002|0x00000000fea00000, 0x00000000feb00000, 0x00000000feb00000|100%| E|CS|TAMS 0x00000000fea00000, 0x00000000fea00000| Complete 
|1003|0x00000000feb00000, 0x00000000fec00000, 0x00000000fec00000|100%| E|CS|TAMS 0x00000000feb00000, 0x00000000feb00000| Complete 
|1004|0x00000000fec00000, 0x00000000fed00000, 0x00000000fed00000|100%| E|CS|TAMS 0x00000000fec00000, 0x00000000fec00000| Complete 
|1005|0x00000000fed00000, 0x00000000fee00000, 0x00000000fee00000|100%| E|CS|TAMS 0x00000000fed00000, 0x00000000fed00000| Complete 
|1006|0x00000000fee00000, 0x00000000fef00000, 0x00000000fef00000|100%| E|CS|TAMS 0x00000000fee00000, 0x00000000fee00000| Complete 
|1007|0x00000000fef00000, 0x00000000ff000000, 0x00000000ff000000|100%| E|CS|TAMS 0x00000000fef00000, 0x00000000fef00000| Complete 
|1008|0x00000000ff000000, 0x00000000ff100000, 0x00000000ff100000|100%| E|CS|TAMS 0x00000000ff000000, 0x00000000ff000000| Complete 
|1009|0x00000000ff100000, 0x00000000ff200000, 0x00000000ff200000|100%| E|CS|TAMS 0x00000000ff100000, 0x00000000ff100000| Complete 
|1010|0x00000000ff200000, 0x00000000ff300000, 0x00000000ff300000|100%| E|CS|TAMS 0x00000000ff200000, 0x00000000ff200000| Complete 
|1011|0x00000000ff300000, 0x00000000ff400000, 0x00000000ff400000|100%| E|CS|TAMS 0x00000000ff300000, 0x00000000ff300000| Complete 
|1012|0x00000000ff400000, 0x00000000ff500000, 0x00000000ff500000|100%| E|CS|TAMS 0x00000000ff400000, 0x00000000ff400000| Complete 
|1013|0x00000000ff500000, 0x00000000ff600000, 0x00000000ff600000|100%| E|CS|TAMS 0x00000000ff500000, 0x00000000ff500000| Complete 
|1014|0x00000000ff600000, 0x00000000ff700000, 0x00000000ff700000|100%| E|CS|TAMS 0x00000000ff600000, 0x00000000ff600000| Complete 
|1015|0x00000000ff700000, 0x00000000ff800000, 0x00000000ff800000|100%| E|CS|TAMS 0x00000000ff700000, 0x00000000ff700000| Complete 
|1016|0x00000000ff800000, 0x00000000ff900000, 0x00000000ff900000|100%| E|CS|TAMS 0x00000000ff800000, 0x00000000ff800000| Complete 
|1017|0x00000000ff900000, 0x00000000ffa00000, 0x00000000ffa00000|100%| E|CS|TAMS 0x00000000ff900000, 0x00000000ff900000| Complete 
|1018|0x00000000ffa00000, 0x00000000ffb00000, 0x00000000ffb00000|100%| E|CS|TAMS 0x00000000ffa00000, 0x00000000ffa00000| Complete 
|1019|0x00000000ffb00000, 0x00000000ffc00000, 0x00000000ffc00000|100%| E|CS|TAMS 0x00000000ffb00000, 0x00000000ffb00000| Complete 
|1020|0x00000000ffc00000, 0x00000000ffd00000, 0x00000000ffd00000|100%| E|CS|TAMS 0x00000000ffc00000, 0x00000000ffc00000| Complete 
|1021|0x00000000ffd00000, 0x00000000ffe00000, 0x00000000ffe00000|100%| E|CS|TAMS 0x00000000ffd00000, 0x00000000ffd00000| Complete 
|1022|0x00000000ffe00000, 0x00000000fff00000, 0x00000000fff00000|100%| E|CS|TAMS 0x00000000ffe00000, 0x00000000ffe00000| Complete 
|1023|0x00000000fff00000, 0x0000000100000000, 0x0000000100000000|100%| E|CS|TAMS 0x00000000fff00000, 0x00000000fff00000| Complete 

Card table byte_map: [0x00007fedc5ac3000,0x00007fedc5cc3000] _byte_map_base: 0x00007fedc54c3000

Marking Bits (Prev, Next): (CMBitMap*) 0x00007fedc0067000, (CMBitMap*) 0x00007fedc0067040
 Prev Bits: [0x00007fedc48c3000, 0x00007fedc58c3000)
 Next Bits: [0x00007feda7cc9000, 0x00007feda8cc9000)

Polling page: 0x00007fedc9077000

Metaspace:

Usage:
  Non-class:    140.85 MB used.
      Class:     18.79 MB used.
       Both:    159.64 MB used.

Virtual space:
  Non-class space:      192.00 MB reserved,     142.38 MB ( 74%) committed,  3 nodes.
      Class space:        1.00 GB reserved,      20.00 MB (  2%) committed,  1 nodes.
             Both:        1.19 GB reserved,     162.38 MB ( 13%) committed. 

Chunk freelists:
   Non-Class:  560.00 KB
       Class:  11.95 MB
        Both:  12.50 MB

MaxMetaspaceSize: unlimited
CompressedClassSpaceSize: 1.00 GB
Initial GC threshold: 21.00 MB
Current GC threshold: 270.25 MB
CDS: off
MetaspaceReclaimPolicy: balanced
 - commit_granule_bytes: 65536.
 - commit_granule_words: 8192.
 - virtual_space_node_default_size: 8388608.
 - enlarge_chunks_in_place: 1.
 - new_chunks_are_fully_committed: 0.
 - uncommit_free_chunks: 1.
 - use_allocation_guard: 0.
 - handle_deallocations: 1.


Internal statistics:

num_allocs_failed_limit: 12.
num_arena_births: 1520.
num_arena_deaths: 4.
num_vsnodes_births: 4.
num_vsnodes_deaths: 0.
num_space_committed: 2598.
num_space_uncommitted: 0.
num_chunks_returned_to_freelist: 17.
num_chunks_taken_from_freelist: 8026.
num_chunk_merges: 6.
num_chunk_splits: 5271.
num_chunks_enlarged: 3338.
num_inconsistent_stats: 0.

CodeHeap 'non-profiled nmethods': size=119168Kb used=16627Kb max_used=16654Kb free=102540Kb
 bounds [0x00007fedb0869000, 0x00007fedb18b9000, 0x00007fedb7cc9000]
CodeHeap 'profiled nmethods': size=119164Kb used=38096Kb max_used=38432Kb free=81067Kb
 bounds [0x00007feda8cc9000, 0x00007fedab269000, 0x00007fedb0128000]
CodeHeap 'non-nmethods': size=7428Kb used=1716Kb max_used=3484Kb free=5711Kb
 bounds [0x00007fedb0128000, 0x00007fedb0498000, 0x00007fedb0869000]
 total_blobs=19249 nmethods=18102 adapters=1056
 compilation: enabled
              stopped_count=0, restarted_count=0
 full_count=0

Compilation events (20 events):
Event: 1863.836 Thread 0x00007fedc021c930 22639       3       com.teamdev.jxbrowser.deps.com.google.protobuf.GeneratedMessageV3$Builder::mergeUnknownFields (19 bytes)
Event: 1863.837 Thread 0x00007fedc021c930 nmethod 22639 0x00007feda977bb90 code [0x00007feda977bdc0, 0x00007feda977c3e0]
Event: 1863.837 Thread 0x00007fedc021c930 22640       3       com.teamdev.jxbrowser.deps.com.google.protobuf.UnknownFieldSet::newBuilder (8 bytes)
Event: 1863.837 Thread 0x00007fedc021c930 nmethod 22640 0x00007feda9051b90 code [0x00007feda9051d80, 0x00007feda90522a0]
Event: 1863.837 Thread 0x00007fedc021c930 22641       3       com.teamdev.jxbrowser.deps.com.google.protobuf.GeneratedMessageV3$Builder::setUnknownFields (6 bytes)
Event: 1863.837 Thread 0x00007fedc021c930 nmethod 22641 0x00007fedab230510 code [0x00007fedab2306e0, 0x00007fedab230a40]
Event: 1863.837 Thread 0x00007fedc021c930 22642       3       com.teamdev.jxbrowser.deps.com.google.protobuf.GeneratedMessageV3$Builder::setUnknownFieldsInternal (11 bytes)
Event: 1863.837 Thread 0x00007fedc021c930 nmethod 22642 0x00007feda9775610 code [0x00007feda97757c0, 0x00007feda9775ac0]
Event: 2051.706 Thread 0x00007fedc021b3f0 22643       4       java.util.HashMap::valuesToArray (81 bytes)
Event: 2051.712 Thread 0x00007fedc021b3f0 nmethod 22643 0x00007fedb0e5ae90 code [0x00007fedb0e5b020, 0x00007fedb0e5b2d8]
Event: 2105.828 Thread 0x00007fedc021c930 22645       3       org.eclipse.core.internal.dtree.AbstractDataTreeNode::storeStrings (42 bytes)
Event: 2105.828 Thread 0x00007fedc021c930 nmethod 22645 0x00007feda91b7490 code [0x00007feda91b7660, 0x00007feda91b7a10]
Event: 2105.829 Thread 0x00007fedc021c930 22644       3       org.eclipse.core.internal.dtree.DataTreeNode::storeStrings (28 bytes)
Event: 2105.829 Thread 0x00007fedc021c930 nmethod 22644 0x00007fedaa3a9510 code [0x00007fedaa3a96e0, 0x00007fedaa3a9b30]
Event: 2105.829 Thread 0x00007fedc021c930 22646       3       org.eclipse.core.internal.utils.StringPool::add (50 bytes)
Event: 2105.829 Thread 0x00007fedc021c930 nmethod 22646 0x00007fedaa3a8c90 code [0x00007fedaa3a8e80, 0x00007fedaa3a9360]
Event: 2460.823 Thread 0x00007fedc021c930 22648       3       java.util.concurrent.ThreadPoolExecutor::isShutdown (12 bytes)
Event: 2460.823 Thread 0x00007fedc021c930 nmethod 22648 0x00007fedaae76710 code [0x00007fedaae768c0, 0x00007fedaae76ab0]
Event: 2471.705 Thread 0x00007fedc021c930 22649       3       java.io.File::getCanonicalPath (31 bytes)
Event: 2471.706 Thread 0x00007fedc021c930 nmethod 22649 0x00007feda91a2e10 code [0x00007feda91a2fe0, 0x00007feda91a3270]

GC Heap History (20 events):
Event: 106.118 GC heap before
{Heap before GC invocations=113 (full 0):
 garbage-first heap   total 936960K, used 626333K [0x00000000c0000000, 0x0000000100000000)
  region size 1024K, 45 young (46080K), 3 survivors (3072K)
 Metaspace       used 159779K, committed 162432K, reserved 1245184K
  class space    used 19014K, committed 20160K, reserved 1048576K
}
Event: 106.131 GC heap after
{Heap after GC invocations=114 (full 0):
 garbage-first heap   total 936960K, used 578762K [0x00000000c0000000, 0x0000000100000000)
  region size 1024K, 6 young (6144K), 6 survivors (6144K)
 Metaspace       used 159779K, committed 162432K, reserved 1245184K
  class space    used 19014K, committed 20160K, reserved 1048576K
}
Event: 159.618 GC heap before
{Heap before GC invocations=114 (full 0):
 garbage-first heap   total 936960K, used 734410K [0x00000000c0000000, 0x0000000100000000)
  region size 1024K, 159 young (162816K), 6 survivors (6144K)
 Metaspace       used 160671K, committed 163328K, reserved 1245184K
  class space    used 19057K, committed 20224K, reserved 1048576K
}
Event: 159.648 GC heap after
{Heap after GC invocations=115 (full 0):
 garbage-first heap   total 936960K, used 608899K [0x00000000c0000000, 0x0000000100000000)
  region size 1024K, 20 young (20480K), 20 survivors (20480K)
 Metaspace       used 160671K, committed 163328K, reserved 1245184K
  class space    used 19057K, committed 20224K, reserved 1048576K
}
Event: 186.669 GC heap before
{Heap before GC invocations=116 (full 0):
 garbage-first heap   total 1048576K, used 744067K [0x00000000c0000000, 0x0000000100000000)
  region size 1024K, 152 young (155648K), 20 survivors (20480K)
 Metaspace       used 161154K, committed 163840K, reserved 1245184K
  class space    used 19077K, committed 20224K, reserved 1048576K
}
Event: 186.676 GC heap after
{Heap after GC invocations=117 (full 0):
 garbage-first heap   total 1048576K, used 611698K [0x00000000c0000000, 0x0000000100000000)
  region size 1024K, 3 young (3072K), 3 survivors (3072K)
 Metaspace       used 161154K, committed 163840K, reserved 1245184K
  class space    used 19077K, committed 20224K, reserved 1048576K
}
Event: 204.436 GC heap before
{Heap before GC invocations=117 (full 0):
 garbage-first heap   total 1048576K, used 659826K [0x00000000c0000000, 0x0000000100000000)
  region size 1024K, 51 young (52224K), 3 survivors (3072K)
 Metaspace       used 161543K, committed 164224K, reserved 1245184K
  class space    used 19122K, committed 20288K, reserved 1048576K
}
Event: 204.443 GC heap after
{Heap after GC invocations=118 (full 0):
 garbage-first heap   total 1048576K, used 610172K [0x00000000c0000000, 0x0000000100000000)
  region size 1024K, 1 young (1024K), 1 survivors (1024K)
 Metaspace       used 161543K, committed 164224K, reserved 1245184K
  class space    used 19122K, committed 20288K, reserved 1048576K
}
Event: 206.362 GC heap before
{Heap before GC invocations=118 (full 0):
 garbage-first heap   total 1048576K, used 658300K [0x00000000c0000000, 0x0000000100000000)
  region size 1024K, 49 young (50176K), 1 survivors (1024K)
 Metaspace       used 161939K, committed 164672K, reserved 1245184K
  class space    used 19160K, committed 20352K, reserved 1048576K
}
Event: 206.366 GC heap after
{Heap after GC invocations=119 (full 0):
 garbage-first heap   total 1048576K, used 617271K [0x00000000c0000000, 0x0000000100000000)
  region size 1024K, 8 young (8192K), 8 survivors (8192K)
 Metaspace       used 161939K, committed 164672K, reserved 1245184K
  class space    used 19160K, committed 20352K, reserved 1048576K
}
Event: 214.351 GC heap before
{Heap before GC invocations=120 (full 0):
 garbage-first heap   total 1048576K, used 842551K [0x00000000c0000000, 0x0000000100000000)
  region size 1024K, 225 young (230400K), 8 survivors (8192K)
 Metaspace       used 162360K, committed 165056K, reserved 1245184K
  class space    used 19177K, committed 20352K, reserved 1048576K
}
Event: 214.363 GC heap after
{Heap after GC invocations=121 (full 0):
 garbage-first heap   total 1048576K, used 649240K [0x00000000c0000000, 0x0000000100000000)
  region size 1024K, 29 young (29696K), 29 survivors (29696K)
 Metaspace       used 162360K, committed 165056K, reserved 1245184K
  class space    used 19177K, committed 20352K, reserved 1048576K
}
Event: 214.409 GC heap before
{Heap before GC invocations=121 (full 0):
 garbage-first heap   total 1048576K, used 672792K [0x00000000c0000000, 0x0000000100000000)
  region size 1024K, 51 young (52224K), 29 survivors (29696K)
 Metaspace       used 162402K, committed 165056K, reserved 1245184K
  class space    used 19177K, committed 20352K, reserved 1048576K
}
Event: 214.419 GC heap after
{Heap after GC invocations=122 (full 0):
 garbage-first heap   total 1048576K, used 652241K [0x00000000c0000000, 0x0000000100000000)
  region size 1024K, 6 young (6144K), 6 survivors (6144K)
 Metaspace       used 162402K, committed 165056K, reserved 1245184K
  class space    used 19177K, committed 20352K, reserved 1048576K
}
Event: 323.089 GC heap before
{Heap before GC invocations=122 (full 0):
 garbage-first heap   total 1048576K, used 852945K [0x00000000c0000000, 0x0000000100000000)
  region size 1024K, 203 young (207872K), 6 survivors (6144K)
 Metaspace       used 163260K, committed 166016K, reserved 1245184K
  class space    used 19240K, committed 20480K, reserved 1048576K
}
Event: 323.094 GC heap after
{Heap after GC invocations=123 (full 0):
 garbage-first heap   total 1048576K, used 657302K [0x00000000c0000000, 0x0000000100000000)
  region size 1024K, 11 young (11264K), 11 survivors (11264K)
 Metaspace       used 163260K, committed 166016K, reserved 1245184K
  class space    used 19240K, committed 20480K, reserved 1048576K
}
Event: 427.224 GC heap before
{Heap before GC invocations=124 (full 0):
 garbage-first heap   total 1048576K, used 849434K [0x00000000c0000000, 0x0000000100000000)
  region size 1024K, 217 young (222208K), 11 survivors (11264K)
 Metaspace       used 163348K, committed 166080K, reserved 1245184K
  class space    used 19240K, committed 20480K, reserved 1048576K
}
Event: 427.231 GC heap after
{Heap after GC invocations=125 (full 0):
 garbage-first heap   total 1048576K, used 638334K [0x00000000c0000000, 0x0000000100000000)
  region size 1024K, 11 young (11264K), 11 survivors (11264K)
 Metaspace       used 163348K, committed 166080K, reserved 1245184K
  class space    used 19240K, committed 20480K, reserved 1048576K
}
Event: 495.189 GC heap before
{Heap before GC invocations=125 (full 0):
 garbage-first heap   total 1048576K, used 679294K [0x00000000c0000000, 0x0000000100000000)
  region size 1024K, 51 young (52224K), 11 survivors (11264K)
 Metaspace       used 163350K, committed 166080K, reserved 1245184K
  class space    used 19240K, committed 20480K, reserved 1048576K
}
Event: 495.194 GC heap after
{Heap after GC invocations=126 (full 0):
 garbage-first heap   total 1048576K, used 628077K [0x00000000c0000000, 0x0000000100000000)
  region size 1024K, 2 young (2048K), 2 survivors (2048K)
 Metaspace       used 163350K, committed 166080K, reserved 1245184K
  class space    used 19240K, committed 20480K, reserved 1048576K
}

Dll operation events (20 events):
Event: 0.602 Loaded shared library /opt/liu/stm32cubeide/1.14.0/2/plugins/com.st.stm32cube.ide.jre.linux64_3.1.0.202310310920/jre/lib/libnet.so
Event: 2.180 Loaded shared library /opt/liu/stm32cubeide/1.14.0/2/plugins/com.st.stm32cube.ide.jre.linux64_3.1.0.202310310920/jre/lib/libverify.so
Event: 2.512 Loaded shared library /home/antpe029/.eclipse/com.st.stm32cube.ide.mcu.rcp.product_1.14.0_210461640_linux_gtk_x86_64/configuration/org.eclipse.osgi/360/0/.cp/libswt-gtk-4962r3.so
Event: 2.514 Loaded shared library /home/antpe029/.eclipse/com.st.stm32cube.ide.mcu.rcp.product_1.14.0_210461640_linux_gtk_x86_64/configuration/org.eclipse.osgi/360/0/.cp/libswt-pi3-gtk-4962r3.so
Event: 2.536 Loaded shared library /home/antpe029/.eclipse/com.st.stm32cube.ide.mcu.rcp.product_1.14.0_210461640_linux_gtk_x86_64/configuration/org.eclipse.osgi/360/0/.cp/libswt-cairo-gtk-4962r3.so
Event: 2.743 Loaded shared library /home/antpe029/.eclipse/com.st.stm32cube.ide.mcu.rcp.product_1.14.0_210461640_linux_gtk_x86_64/configuration/org.eclipse.osgi/360/0/.cp/libswt-atk-gtk-4962r3.so
Event: 5.639 Loaded shared library /home/antpe029/.eclipse/com.st.stm32cube.ide.mcu.rcp.product_1.14.0_210461640_linux_gtk_x86_64/configuration/org.eclipse.osgi/220/0/.cp/os/linux/x86_64/libunixfile_1_0_0.so
Event: 6.909 Loaded shared library /opt/liu/stm32cubeide/1.14.0/2/plugins/com.st.stm32cube.ide.jre.linux64_3.1.0.202310310920/jre/lib/libmanagement.so
Event: 6.910 Loaded shared library /opt/liu/stm32cubeide/1.14.0/2/plugins/com.st.stm32cube.ide.jre.linux64_3.1.0.202310310920/jre/lib/libmanagement_ext.so
Event: 11.698 Loaded shared library /opt/liu/stm32cubeide/1.14.0/2/plugins/com.st.stm32cube.ide.jre.linux64_3.1.0.202310310920/jre/lib/libprefs.so
Event: 12.084 Loaded shared library /opt/liu/stm32cubeide/1.14.0/2/plugins/com.st.stm32cube.ide.jre.linux64_3.1.0.202310310920/jre/lib/libawt.so
Event: 12.086 Loaded shared library /opt/liu/stm32cubeide/1.14.0/2/plugins/com.st.stm32cube.ide.jre.linux64_3.1.0.202310310920/jre/lib/libawt_xawt.so
Event: 12.205 Loaded shared library /opt/liu/stm32cubeide/1.14.0/2/plugins/com.st.stm32cube.ide.jre.linux64_3.1.0.202310310920/jre/lib/libfontmanager.so
Event: 12.648 Loaded shared library /opt/liu/stm32cubeide/1.14.0/2/plugins/com.st.stm32cube.ide.jre.linux64_3.1.0.202310310920/jre/lib/libextnet.so
Event: 14.174 Loaded shared library /opt/liu/stm32cubeide/1.14.0/2/plugins/com.st.stm32cube.ide.jre.linux64_3.1.0.202310310920/jre/lib/librmi.so
Event: 17.264 Loaded shared library /opt/liu/stm32cubeide/1.14.0/2/plugins/com.st.stm32cube.ide.jre.linux64_3.1.0.202310310920/jre/lib/libjavajpeg.so
Event: 17.267 Loaded shared library /opt/liu/stm32cubeide/1.14.0/2/plugins/com.st.stm32cube.ide.jre.linux64_3.1.0.202310310920/jre/lib/liblcms.so
Event: 18.109 Loaded shared library /home/antpe029/.stm32cubeide/.jxbrowser-7.35.1/Chromium/libtoolkit.so
Event: 18.496 Loaded shared library /home/antpe029/.stm32cubeide/.jxbrowser-7.35.1/Chromium/libipc.so
Event: 20.886 Loaded shared library /home/antpe029/.eclipse/com.st.stm32cube.ide.mcu.rcp.product_1.14.0_210461640_linux_gtk_x86_64/configuration/org.eclipse.osgi/205/0/.cp/os/linux/x86_64/libserial.so

Deoptimization events (20 events):
Event: 607.732 Thread 0x00007fecb40a2870 DEOPT PACKING pc=0x00007fedaaf728c7 sp=0x00007fec8c7754d0
Event: 607.732 Thread 0x00007fecb40a2870 DEOPT UNPACKING pc=0x00007fedb018264f sp=0x00007fec8c7749e0 mode 0
Event: 870.815 Thread 0x00007fedc0026eb0 DEOPT PACKING pc=0x00007fedaae6437f sp=0x00007fedc79d26f0
Event: 870.815 Thread 0x00007fedc0026eb0 DEOPT UNPACKING pc=0x00007fedb018264f sp=0x00007fedc79d1d90 mode 0
Event: 2081.707 Thread 0x00007fedc2e60780 Uncommon trap: trap_request=0xffffffbe fr.pc=0x00007fedb0e5b28c relative=0x000000000000026c
Event: 2081.707 Thread 0x00007fedc2e60780 Uncommon trap: reason=profile_predicate action=maybe_recompile pc=0x00007fedb0e5b28c method=java.util.HashMap.valuesToArray([Ljava/lang/Object;)[Ljava/lang/Object; @ 36 c2
Event: 2081.707 Thread 0x00007fedc2e60780 DEOPT PACKING pc=0x00007fedb0e5b28c sp=0x00007fed140fe4c0
Event: 2081.707 Thread 0x00007fedc2e60780 DEOPT UNPACKING pc=0x00007fedb0181b19 sp=0x00007fed140fe460 mode 2
Event: 2081.707 Thread 0x00007fedc2e60780 Uncommon trap: trap_request=0xffffffbe fr.pc=0x00007fedb0e5b28c relative=0x000000000000026c
Event: 2081.707 Thread 0x00007fedc2e60780 Uncommon trap: reason=profile_predicate action=maybe_recompile pc=0x00007fedb0e5b28c method=java.util.HashMap.valuesToArray([Ljava/lang/Object;)[Ljava/lang/Object; @ 36 c2
Event: 2081.707 Thread 0x00007fedc2e60780 DEOPT PACKING pc=0x00007fedb0e5b28c sp=0x00007fed140fe410
Event: 2081.707 Thread 0x00007fedc2e60780 DEOPT UNPACKING pc=0x00007fedb0181b19 sp=0x00007fed140fe3b0 mode 2
Event: 2081.707 Thread 0x00007fedc2e60780 Uncommon trap: trap_request=0xffffffbe fr.pc=0x00007fedb0e5b28c relative=0x000000000000026c
Event: 2081.707 Thread 0x00007fedc2e60780 Uncommon trap: reason=profile_predicate action=maybe_recompile pc=0x00007fedb0e5b28c method=java.util.HashMap.valuesToArray([Ljava/lang/Object;)[Ljava/lang/Object; @ 36 c2
Event: 2081.708 Thread 0x00007fedc2e60780 DEOPT PACKING pc=0x00007fedb0e5b28c sp=0x00007fed140fe360
Event: 2081.708 Thread 0x00007fedc2e60780 DEOPT UNPACKING pc=0x00007fedb0181b19 sp=0x00007fed140fe300 mode 2
Event: 2081.708 Thread 0x00007fedc2e60780 Uncommon trap: trap_request=0xffffffbe fr.pc=0x00007fedb0e5b28c relative=0x000000000000026c
Event: 2081.708 Thread 0x00007fedc2e60780 Uncommon trap: reason=profile_predicate action=maybe_recompile pc=0x00007fedb0e5b28c method=java.util.HashMap.valuesToArray([Ljava/lang/Object;)[Ljava/lang/Object; @ 36 c2
Event: 2081.708 Thread 0x00007fedc2e60780 DEOPT PACKING pc=0x00007fedb0e5b28c sp=0x00007fed140fe2b0
Event: 2081.708 Thread 0x00007fedc2e60780 DEOPT UNPACKING pc=0x00007fedb0181b19 sp=0x00007fed140fe250 mode 2

Classes unloaded (2 events):
Event: 17.439 Thread 0x00007fedc01dfd90 Unloading class 0x0000000100a8d400 'java/lang/invoke/LambdaForm$MH+0x0000000100a8d400'
Event: 17.439 Thread 0x00007fedc01dfd90 Unloading class 0x0000000100a8c400 'java/lang/invoke/LambdaForm$DMH+0x0000000100a8c400'

Classes redefined (0 events):
No events

Internal exceptions (20 events):
Event: 159.143 Thread 0x00007fedc0026eb0 Implicit null exception at 0x00007fedb14964a0 to 0x00007fedb14970cc
Event: 172.021 Thread 0x00007fedc0026eb0 Exception <a 'sun/nio/fs/UnixException'{0x00000000fe87b4d0}> (0x00000000fe87b4d0) 
thrown [src/hotspot/share/prims/jni.cpp, line 516]
Event: 172.036 Thread 0x00007fedc0026eb0 Exception <a 'sun/nio/fs/UnixException'{0x00000000fe88f378}> (0x00000000fe88f378) 
thrown [src/hotspot/share/prims/jni.cpp, line 516]
Event: 179.310 Thread 0x00007fedc0026eb0 Implicit null exception at 0x00007fedb114d255 to 0x00007fedb114d304
Event: 179.364 Thread 0x00007fedc0026eb0 Implicit null exception at 0x00007fedb15b1df5 to 0x00007fedb15b38c0
Event: 205.150 Thread 0x00007fedc0026eb0 Implicit null exception at 0x00007fedb0f8fde4 to 0x00007fedb0f8fe88
Event: 205.151 Thread 0x00007fedc0026eb0 Exception <a 'java/lang/NoSuchMethodError'{0x00000000ffbb29b8}: 'void java.lang.invoke.DirectMethodHandle$Holder.invokeSpecial(java.lang.Object, java.lang.Object, int, java.lang.Object)'> (0x00000000ffbb29b8) 
thrown [src/hotspot/share/interpreter/linkResolver.cpp, line 758]
Event: 205.153 Thread 0x00007fedc0026eb0 Exception <a 'java/lang/NoSuchMethodError'{0x00000000ffbc8d68}: 'java.lang.Object java.lang.invoke.DirectMethodHandle$Holder.newInvokeSpecial(java.lang.Object, java.lang.Object, int, int, int)'> (0x00000000ffbc8d68) 
thrown [src/hotspot/share/interpreter/linkResolver.cpp, line 758]
Event: 205.153 Thread 0x00007fedc0026eb0 Exception <a 'java/lang/NoSuchMethodError'{0x00000000ffbcd2a0}: 'java.lang.Object java.lang.invoke.DirectMethodHandle$Holder.invokeStatic(java.lang.Object, int, int, int, java.lang.Object)'> (0x00000000ffbcd2a0) 
thrown [src/hotspot/share/interpreter/linkResolver.cpp, line 758]
Event: 205.154 Thread 0x00007fedc0026eb0 Exception <a 'java/lang/NoSuchMethodError'{0x00000000ffbd3f38}: 'java.lang.Object java.lang.invoke.DirectMethodHandle$Holder.newInvokeSpecial(java.lang.Object, int, int, int)'> (0x00000000ffbd3f38) 
thrown [src/hotspot/share/interpreter/linkResolver.cpp, line 758]
Event: 205.158 Thread 0x00007fedc0026eb0 Exception <a 'java/lang/NoSuchMethodError'{0x00000000ffbdd7b8}: 'void java.lang.invoke.DirectMethodHandle$Holder.invokeInterface(java.lang.Object, java.lang.Object, int)'> (0x00000000ffbdd7b8) 
thrown [src/hotspot/share/interpreter/linkResolver.cpp, line 758]
Event: 205.158 Thread 0x00007fedc0026eb0 Exception <a 'java/lang/IncompatibleClassChangeError'{0x00000000ffbe1040}: Found class java.lang.Object, but interface was expected> (0x00000000ffbe1040) 
thrown [src/hotspot/share/interpreter/linkResolver.cpp, line 826]
Event: 274.233 Thread 0x00007fedc0026eb0 Implicit null exception at 0x00007fedb1670548 to 0x00007fedb1670a1c
Event: 274.233 Thread 0x00007fedc0026eb0 Implicit null exception at 0x00007fedb137cad4 to 0x00007fedb137d00c
Event: 312.933 Thread 0x00007fedc0026eb0 Implicit null exception at 0x00007fedb137f5d8 to 0x00007fedb137fcac
Event: 312.933 Thread 0x00007fedc0026eb0 Implicit null exception at 0x00007fedb166508a to 0x00007fedb1667e10
Event: 312.934 Thread 0x00007fedc0026eb0 Implicit null exception at 0x00007fedb17ad17d to 0x00007fedb17b48c0
Event: 312.975 Thread 0x00007fedc0026eb0 Implicit null exception at 0x00007fedb14febe3 to 0x00007fedb150075c
Event: 312.975 Thread 0x00007fedc0026eb0 Implicit null exception at 0x00007fedb15c84d8 to 0x00007fedb15c92c0
Event: 321.078 Thread 0x00007fedc0026eb0 Implicit null exception at 0x00007fedb17abf17 to 0x00007fedb17abfa0

VM Operations (20 events):
Event: 543.316 Executing VM operation: Cleanup
Event: 543.316 Executing VM operation: Cleanup done
Event: 608.322 Executing VM operation: Cleanup
Event: 608.322 Executing VM operation: Cleanup done
Event: 660.357 Executing VM operation: HandshakeAllThreads
Event: 660.357 Executing VM operation: HandshakeAllThreads done
Event: 812.763 Executing VM operation: HandshakeAllThreads
Event: 812.763 Executing VM operation: HandshakeAllThreads done
Event: 813.763 Executing VM operation: Cleanup
Event: 813.763 Executing VM operation: Cleanup done
Event: 874.768 Executing VM operation: Cleanup
Event: 874.768 Executing VM operation: Cleanup done
Event: 1260.595 Executing VM operation: HandshakeAllThreads
Event: 1260.595 Executing VM operation: HandshakeAllThreads done
Event: 1560.700 Executing VM operation: HandshakeAllThreads
Event: 1560.700 Executing VM operation: HandshakeAllThreads done
Event: 2031.743 Executing VM operation: Cleanup
Event: 2031.743 Executing VM operation: Cleanup done
Event: 2081.748 Executing VM operation: Cleanup
Event: 2081.748 Executing VM operation: Cleanup done

Events (20 events):
Event: 622.803 Thread 0x00007fed642009b0 Thread exited: 0x00007fed642009b0
Event: 622.989 Thread 0x00007fed641ff590 Thread exited: 0x00007fed641ff590
Event: 627.806 Thread 0x00007fed641fe1a0 Thread exited: 0x00007fed641fe1a0
Event: 812.771 Thread 0x00007fedc021ddb0 flushing nmethod 0x00007fedb0e53e90
Event: 812.781 Thread 0x00007fedc021ddb0 flushing nmethod 0x00007feda8db3710
Event: 812.782 Thread 0x00007fedc021ddb0 flushing nmethod 0x00007feda8e85390
Event: 812.784 Thread 0x00007fedc021ddb0 flushing nmethod 0x00007feda8fba510
Event: 812.785 Thread 0x00007fedc021ddb0 flushing nmethod 0x00007feda9012e10
Event: 812.785 Thread 0x00007fedc021ddb0 flushing nmethod 0x00007feda9051b90
Event: 812.787 Thread 0x00007fedc021ddb0 flushing nmethod 0x00007feda91a2e10
Event: 812.787 Thread 0x00007fedc021ddb0 flushing nmethod 0x00007feda91b7110
Event: 812.790 Thread 0x00007fedc021ddb0 flushing nmethod 0x00007feda93a6f90
Event: 812.794 Thread 0x00007fedc021ddb0 flushing nmethod 0x00007feda9775210
Event: 812.794 Thread 0x00007fedc021ddb0 flushing nmethod 0x00007feda9778210
Event: 812.794 Thread 0x00007fedc021ddb0 flushing nmethod 0x00007feda977b890
Event: 812.813 Thread 0x00007fedc021ddb0 flushing nmethod 0x00007fedaa8e1310
Event: 812.822 Thread 0x00007fedc021ddb0 flushing nmethod 0x00007fedab21bd10
Event: 812.822 Thread 0x00007fedc021ddb0 flushing nmethod 0x00007fedab230510
Event: 2476.284 loading class sun/awt/X11/XDestroyWindowEvent
Event: 2476.286 loading class sun/awt/X11/XDestroyWindowEvent done


Dynamic libraries:
c0000000-100000000 rw-p 00000000 00:00 0 
100000000-100040000 rw-p 00000000 00:00 0 
100040000-1000e0000 rw-p 00000000 00:00 0 
1000e0000-100140000 rw-p 00000000 00:00 0 
100140000-1001c0000 rw-p 00000000 00:00 0 
1001c0000-100200000 rw-p 00000000 00:00 0 
100200000-100440000 rw-p 00000000 00:00 0 
100440000-100480000 rw-p 00000000 00:00 0 
100480000-1005c0000 rw-p 00000000 00:00 0 
1005c0000-100ac0000 rw-p 00000000 00:00 0 
100ac0000-100b00000 rw-p 00000000 00:00 0 
100b00000-100b40000 rw-p 00000000 00:00 0 
100b40000-100bc0000 rw-p 00000000 00:00 0 
100bc0000-100c60000 rw-p 00000000 00:00 0 
100c60000-100cc0000 rw-p 00000000 00:00 0 
100cc0000-100d00000 rw-p 00000000 00:00 0 
100d00000-100d40000 rw-p 00000000 00:00 0 
100d40000-100f40000 rw-p 00000000 00:00 0 
100f40000-101040000 rw-p 00000000 00:00 0 
101040000-101070000 rw-p 00000000 00:00 0 
101070000-101080000 ---p 00000000 00:00 0 
101080000-101410000 rw-p 00000000 00:00 0 
101410000-140000000 ---p 00000000 00:00 0 
e7000000000-e7000201000 ---p 00000000 00:00 0 
e7000201000-e7000202000 rw-p 00000000 00:00 0 
e7000202000-e700020c000 ---p 00000000 00:00 0 
e700020c000-e7000228000 rw-p 00000000 00:00 0 
e7000228000-e7400000000 ---p 00000000 00:00 0 
fbffffff000-fc400000000 ---p 00000000 00:00 0 
555f31aac000-555f31aad000 r--p 00000000 08:02 13775630                   /opt/liu/stm32cubeide/1.14.0/2/plugins/com.st.stm32cube.ide.jre.linux64_3.1.0.202310310920/jre/bin/java
555f31aad000-555f31aae000 r-xp 00001000 08:02 13775630                   /opt/liu/stm32cubeide/1.14.0/2/plugins/com.st.stm32cube.ide.jre.linux64_3.1.0.202310310920/jre/bin/java
555f31aae000-555f31aaf000 r--p 00002000 08:02 13775630                   /opt/liu/stm32cubeide/1.14.0/2/plugins/com.st.stm32cube.ide.jre.linux64_3.1.0.202310310920/jre/bin/java
555f31aaf000-555f31ab0000 r--p 00002000 08:02 13775630                   /opt/liu/stm32cubeide/1.14.0/2/plugins/com.st.stm32cube.ide.jre.linux64_3.1.0.202310310920/jre/bin/java
555f31ab0000-555f31ab1000 rw-p 00003000 08:02 13775630                   /opt/liu/stm32cubeide/1.14.0/2/plugins/com.st.stm32cube.ide.jre.linux64_3.1.0.202310310920/jre/bin/java
555f355b4000-555f355fd000 rw-p 00000000 00:00 0                          [heap]
7febbe7fd000-7febbe7fe000 ---p 00000000 00:00 0 
7febbe7fe000-7febbeffe000 rw-p 00000000 00:00 0 
7febbf7ff000-7febbf800000 ---p 00000000 00:00 0 
7febbf800000-7febc0000000 rw-p 00000000 00:00 0 
7febc0000000-7febc002c000 rw-p 00000000 00:00 0 
7febc002c000-7febc4000000 ---p 00000000 00:00 0 
7febc4000000-7febc4ed3000 rw-p 00000000 00:00 0 
7febc4ed3000-7febc8000000 ---p 00000000 00:00 0 
7febc8000000-7febc8021000 rw-p 00000000 00:00 0 
7febc8021000-7febcc000000 ---p 00000000 00:00 0 
7febcc000000-7febcca41000 rw-p 00000000 00:00 0 
7febcca41000-7febd0000000 ---p 00000000 00:00 0 
7febd0000000-7febd0e1b000 rw-p 00000000 00:00 0 
7febd0e1b000-7febd4000000 ---p 00000000 00:00 0 
7febd4000000-7febd53af000 rw-p 00000000 00:00 0 
7febd53af000-7febd8000000 ---p 00000000 00:00 0 
7febd8000000-7febd967e000 rw-p 00000000 00:00 0 
7febd967e000-7febdc000000 ---p 00000000 00:00 0 
7febdc000000-7febdce74000 rw-p 00000000 00:00 0 
7febdce74000-7febe0000000 ---p 00000000 00:00 0 
7febe0000000-7febe0980000 rw-p 00000000 00:00 0 
7febe0980000-7febe0a00000 rw-p 00000000 00:00 0 
7febe0a00000-7febe0b00000 rw-p 00000000 00:00 0 
7febe0b00000-7febe0b80000 rw-p 00000000 00:00 0 
7febe0b80000-7febe0c00000 ---p 00000000 00:00 0 
7febe0c00000-7febe0f80000 rw-p 00000000 00:00 0 
7febe0f80000-7febe4000000 ---p 00000000 00:00 0 
7febe4000000-7febe4030000 rw-p 00000000 00:00 0 
7febe4030000-7febe8000000 ---p 00000000 00:00 0 
7febe8000000-7febe8021000 rw-p 00000000 00:00 0 
7febe8021000-7febec000000 ---p 00000000 00:00 0 
7febec000000-7febec021000 rw-p 00000000 00:00 0 
7febec021000-7febf0000000 ---p 00000000 00:00 0 
7febf0000000-7febf0021000 rw-p 00000000 00:00 0 
7febf0021000-7febf4000000 ---p 00000000 00:00 0 
7febf4000000-7febf4021000 rw-p 00000000 00:00 0 
7febf4021000-7febf8000000 ---p 00000000 00:00 0 
7febf8000000-7febf92a7000 rw-p 00000000 00:00 0 
7febf92a7000-7febfc000000 ---p 00000000 00:00 0 
7febfc000000-7febfe66c000 rw-p 00000000 00:00 0 
7febfe66c000-7fec00000000 ---p 00000000 00:00 0 
7fec00000000-7fec00021000 rw-p 00000000 00:00 0 
7fec00021000-7fec04000000 ---p 00000000 00:00 0 
7fec04000000-7fec05a29000 rw-p 00000000 00:00 0 
7fec05a29000-7fec08000000 ---p 00000000 00:00 0 
7fec08000000-7fec08021000 rw-p 00000000 00:00 0 
7fec08021000-7fec0c000000 ---p 00000000 00:00 0 
7fec0c000000-7fec0c021000 rw-p 00000000 00:00 0 
7fec0c021000-7fec10000000 ---p 00000000 00:00 0 
7fec10000000-7fec10021000 rw-p 00000000 00:00 0 
7fec10021000-7fec14000000 ---p 00000000 00:00 0 
7fec14000000-7fec14021000 rw-p 00000000 00:00 0 
7fec14021000-7fec18000000 ---p 00000000 00:00 0 
7fec18000000-7fec18021000 rw-p 00000000 00:00 0 
7fec18021000-7fec1c000000 ---p 00000000 00:00 0 
7fec1c000000-7fec1c021000 rw-p 00000000 00:00 0 
7fec1c021000-7fec20000000 ---p 00000000 00:00 0 
7fec20000000-7fec20021000 rw-p 00000000 00:00 0 
7fec20021000-7fec24000000 ---p 00000000 00:00 0 
7fec24000000-7fec24021000 rw-p 00000000 00:00 0 
7fec24021000-7fec28000000 ---p 00000000 00:00 0 
7fec28000000-7fec28021000 rw-p 00000000 00:00 0 
7fec28021000-7fec2c000000 ---p 00000000 00:00 0 
7fec2c3fe000-7fec2c3ff000 ---p 00000000 00:00 0 
7fec2c3ff000-7fec2cbff000 rw-p 00000000 00:00 0 
7fec2cbff000-7fec2cc00000 ---p 00000000 00:00 0 
7fec2cc00000-7fec2d400000 rw-p 00000000 00:00 0 
7fec2d400000-7fec2d402000 r-xp 00000000 00:3e 172324                     /home/antpe029/.eclipse/com.st.stm32cube.ide.mcu.rcp.product_1.14.0_210461640_linux_gtk_x86_64/configuration/org.eclipse.osgi/205/0/.cp/os/linux/x86_64/libserial.so
7fec2d402000-7fec2d601000 ---p 00002000 00:3e 172324                     /home/antpe029/.eclipse/com.st.stm32cube.ide.mcu.rcp.product_1.14.0_210461640_linux_gtk_x86_64/configuration/org.eclipse.osgi/205/0/.cp/os/linux/x86_64/libserial.so
7fec2d601000-7fec2d602000 r--p 00001000 00:3e 172324                     /home/antpe029/.eclipse/com.st.stm32cube.ide.mcu.rcp.product_1.14.0_210461640_linux_gtk_x86_64/configuration/org.eclipse.osgi/205/0/.cp/os/linux/x86_64/libserial.so
7fec2d602000-7fec2d603000 rw-p 00002000 00:3e 172324                     /home/antpe029/.eclipse/com.st.stm32cube.ide.mcu.rcp.product_1.14.0_210461640_linux_gtk_x86_64/configuration/org.eclipse.osgi/205/0/.cp/os/linux/x86_64/libserial.so
7fec2d70a000-7fec2d70e000 ---p 00000000 00:00 0 
7fec2d70e000-7fec2d80a000 rw-p 00000000 00:00 0 
7fec2d90a000-7fec2d90e000 ---p 00000000 00:00 0 
7fec2d90e000-7fec2da0a000 rw-p 00000000 00:00 0 
7fec2dc0a000-7fec2dc0e000 ---p 00000000 00:00 0 
7fec2dc0e000-7fec2dd0a000 rw-p 00000000 00:00 0 
7fec2de0a000-7fec2de0e000 ---p 00000000 00:00 0 
7fec2de0e000-7fec2df0a000 rw-p 00000000 00:00 0 
7fec2df0a000-7fec2df0b000 ---p 00000000 00:00 0 
7fec2df0b000-7fec2df0c000 rw-p 00000000 00:00 0 
7fec2df0c000-7fec2df10000 ---p 00000000 00:00 0 
7fec2df10000-7fec2e70b000 rw-p 00000000 00:00 0 
7fec2e70b000-7fec2e70c000 ---p 00000000 00:00 0 
7fec2e70c000-7fec2ef0c000 rw-p 00000000 00:00 0 
7fec2ef0c000-7fec2ef0d000 ---p 00000000 00:00 0 
7fec2ef0d000-7fec2ef0e000 rw-p 00000000 00:00 0 
7fec2ef0e000-7fec2ef12000 ---p 00000000 00:00 0 
7fec2ef12000-7fec2f70d000 rw-p 00000000 00:00 0 
7fec2f70d000-7fec2f75b000 r--p 00000000 00:3e 168774                     /home/antpe029/.stm32cubeide/.jxbrowser-7.35.1/Chromium/libipc.so
7fec2f75b000-7fec2f7e1000 r-xp 0004d000 00:3e 168774                     /home/antpe029/.stm32cubeide/.jxbrowser-7.35.1/Chromium/libipc.so
7fec2f7e1000-7fec2f7e7000 r--p 000d2000 00:3e 168774                     /home/antpe029/.stm32cubeide/.jxbrowser-7.35.1/Chromium/libipc.so
7fec2f7e7000-7fec2f7fb000 rw-p 000d7000 00:3e 168774                     /home/antpe029/.stm32cubeide/.jxbrowser-7.35.1/Chromium/libipc.so
7fec2f7fb000-7fec2f806000 rw-p 00000000 00:00 0 
7fec2f806000-7fec2f854000 r--p 00000000 00:3e 168776                     /home/antpe029/.stm32cubeide/.jxbrowser-7.35.1/Chromium/libtoolkit.so
7fec2f854000-7fec2f8d5000 r-xp 0004d000 00:3e 168776                     /home/antpe029/.stm32cubeide/.jxbrowser-7.35.1/Chromium/libtoolkit.so
7fec2f8d5000-7fec2f8db000 r--p 000cd000 00:3e 168776                     /home/antpe029/.stm32cubeide/.jxbrowser-7.35.1/Chromium/libtoolkit.so
7fec2f8db000-7fec2f8ef000 rw-p 000d2000 00:3e 168776                     /home/antpe029/.stm32cubeide/.jxbrowser-7.35.1/Chromium/libtoolkit.so
7fec2f8ef000-7fec2f8fa000 rw-p 00000000 00:00 0 
7fec2f8fa000-7fec2f8fe000 ---p 00000000 00:00 0 
7fec2f8fe000-7fec2f9fa000 rw-p 00000000 00:00 0 
7fec2fafa000-7fec2fafe000 ---p 00000000 00:00 0 
7fec2fafe000-7fec2fbfa000 rw-p 00000000 00:00 0 
7fec2fbfa000-7fec2fbfe000 ---p 00000000 00:00 0 
7fec2fbfe000-7fec2fcfa000 rw-p 00000000 00:00 0 
7fec2fcfa000-7fec2fcfb000 ---p 00000000 00:00 0 
7fec2fcfb000-7fec2fdfc000 rw-p 00000000 00:00 0 
7fec2fdfc000-7fec2fdfd000 ---p 00000000 00:00 0 
7fec2fdfd000-7fec2fefe000 rw-p 00000000 00:00 0 
7fec2fefe000-7fec2feff000 ---p 00000000 00:00 0 
7fec2feff000-7fec30000000 rw-p 00000000 00:00 0 
7fec30000000-7fec30b16000 rw-p 00000000 00:00 0 
7fec30b16000-7fec34000000 ---p 00000000 00:00 0 
7fec34000000-7fec34abe000 rw-p 00000000 00:00 0 
7fec34abe000-7fec38000000 ---p 00000000 00:00 0 
7fec38000000-7fec393dc000 rw-p 00000000 00:00 0 
7fec393dc000-7fec3c000000 ---p 00000000 00:00 0 
7fec3c000000-7fec3cd08000 rw-p 00000000 00:00 0 
7fec3cd08000-7fec40000000 ---p 00000000 00:00 0 
7fec40000000-7fec400c2000 rw-p 00000000 00:00 0 
7fec400c2000-7fec44000000 ---p 00000000 00:00 0 
7fec44000000-7fec44f62000 rw-p 00000000 00:00 0 
7fec44f62000-7fec48000000 ---p 00000000 00:00 0 
7fec48000000-7fec48021000 rw-p 00000000 00:00 0 
7fec48021000-7fec4c000000 ---p 00000000 00:00 0 
7fec4c000000-7fec4c021000 rw-p 00000000 00:00 0 
7fec4c021000-7fec50000000 ---p 00000000 00:00 0 
7fec50000000-7fec50021000 rw-p 00000000 00:00 0 
7fec50021000-7fec54000000 ---p 00000000 00:00 0 
7fec54000000-7fec54021000 rw-p 00000000 00:00 0 
7fec54021000-7fec58000000 ---p 00000000 00:00 0 
7fec58000000-7fec58051000 rw-p 00000000 00:00 0 
7fec58051000-7fec5c000000 ---p 00000000 00:00 0 
7fec5c000000-7fec5c033000 rw-p 00000000 00:00 0 
7fec5c033000-7fec60000000 ---p 00000000 00:00 0 
7fec60000000-7fec60c27000 rw-p 00000000 00:00 0 
7fec60c27000-7fec64000000 ---p 00000000 00:00 0 
7fec64000000-7fec64634000 rw-p 00000000 00:00 0 
7fec64634000-7fec68000000 ---p 00000000 00:00 0 
7fec68000000-7fec685d1000 rw-p 00000000 00:00 0 
7fec685d1000-7fec6c000000 ---p 00000000 00:00 0 
7fec6c000000-7fec6c891000 rw-p 00000000 00:00 0 
7fec6c891000-7fec70000000 ---p 00000000 00:00 0 
7fec70000000-7fec70bbe000 rw-p 00000000 00:00 0 
7fec70bbe000-7fec74000000 ---p 00000000 00:00 0 
7fec74000000-7fec7650e000 rw-p 00000000 00:00 0 
7fec7650e000-7fec78000000 ---p 00000000 00:00 0 
7fec78000000-7fec78023000 rw-p 00000000 00:00 0 
7fec78023000-7fec7c000000 ---p 00000000 00:00 0 
7fec7c000000-7fec7c95e000 rw-p 00000000 00:00 0 
7fec7c95e000-7fec80000000 ---p 00000000 00:00 0 
7fec80000000-7fec80700000 rw-p 00000000 00:00 0 
7fec80700000-7fec80800000 rw-p 00000000 00:00 0 
7fec80800000-7fec80be0000 rw-p 00000000 00:00 0 
7fec80be0000-7fec80c00000 rw-p 00000000 00:00 0 
7fec80c00000-7fec80d00000 rw-p 00000000 00:00 0 
7fec80d00000-7fec80e00000 rw-p 00000000 00:00 0 
7fec80e00000-7fec80f00000 rw-p 00000000 00:00 0 
7fec80f00000-7fec81100000 rw-p 00000000 00:00 0 
7fec81100000-7fec81280000 rw-p 00000000 00:00 0 
7fec81280000-7fec81300000 rw-p 00000000 00:00 0 
7fec81300000-7fec81500000 rw-p 00000000 00:00 0 
7fec81500000-7fec81700000 rw-p 00000000 00:00 0 
7fec81700000-7fec81800000 rw-p 00000000 00:00 0 
7fec81800000-7fec81900000 rw-p 00000000 00:00 0 
7fec81900000-7fec81a00000 rw-p 00000000 00:00 0 
7fec81a00000-7fec81d00000 rw-p 00000000 00:00 0 
7fec81d00000-7fec81f00000 rw-p 00000000 00:00 0 
7fec81f00000-7fec81f80000 rw-p 00000000 00:00 0 
7fec81f80000-7fec82100000 rw-p 00000000 00:00 0 
7fec82100000-7fec82200000 rw-p 00000000 00:00 0 
7fec82200000-7fec82c00000 rw-p 00000000 00:00 0 
7fec82c00000-7fec82d00000 rw-p 00000000 00:00 0 
7fec82d00000-7fec83100000 rw-p 00000000 00:00 0 
7fec83100000-7fec83140000 rw-p 00000000 00:00 0 
7fec83140000-7fec83180000 rw-p 00000000 00:00 0 
7fec83180000-7fec83300000 rw-p 00000000 00:00 0 
7fec83300000-7fec83400000 rw-p 00000000 00:00 0 
7fec83400000-7fec84000000 rw-p 00000000 00:00 0 
7fec84000000-7fec84335000 rw-p 00000000 00:00 0 
7fec84335000-7fec88000000 ---p 00000000 00:00 0 
7fec88000000-7fec897c3000 rw-p 00000000 00:00 0 
7fec897c3000-7fec8c000000 ---p 00000000 00:00 0 
7fec8c071000-7fec8c072000 ---p 00000000 00:00 0 
7fec8c072000-7fec8c173000 rw-p 00000000 00:00 0 
7fec8c173000-7fec8c174000 ---p 00000000 00:00 0 
7fec8c174000-7fec8c275000 rw-p 00000000 00:00 0 
7fec8c275000-7fec8c276000 ---p 00000000 00:00 0 
7fec8c276000-7fec8c377000 rw-p 00000000 00:00 0 
7fec8c377000-7fec8c37b000 ---p 00000000 00:00 0 
7fec8c37b000-7fec8c477000 rw-p 00000000 00:00 0 
7fec8c477000-7fec8c47b000 ---p 00000000 00:00 0 
7fec8c47b000-7fec8c577000 rw-p 00000000 00:00 0 
7fec8c577000-7fec8c57b000 ---p 00000000 00:00 0 
7fec8c57b000-7fec8c677000 rw-p 00000000 00:00 0 
7fec8c677000-7fec8c67b000 ---p 00000000 00:00 0 
7fec8c67b000-7fec8c777000 rw-p 00000000 00:00 0 
7fec8c877000-7fec8c87b000 ---p 00000000 00:00 0 
7fec8c87b000-7fec8c977000 rw-p 00000000 00:00 0 
7fec8c977000-7fec8c97b000 ---p 00000000 00:00 0 
7fec8c97b000-7fec8ca77000 rw-p 00000000 00:00 0 
7fec8ca77000-7fec8ca7b000 ---p 00000000 00:00 0 
7fec8ca7b000-7fec8cb77000 rw-p 00000000 00:00 0 
7fec8cb77000-7fec8cb7d000 r--p 00000000 08:02 13776006                   /opt/liu/stm32cubeide/1.14.0/2/plugins/com.st.stm32cube.ide.jre.linux64_3.1.0.202310310920/jre/lib/libfontmanager.so
7fec8cb7d000-7fec8cd2d000 r-xp 00006000 08:02 13776006                   /opt/liu/stm32cubeide/1.14.0/2/plugins/com.st.stm32cube.ide.jre.linux64_3.1.0.202310310920/jre/lib/libfontmanager.so
7fec8cd2d000-7fec8cd78000 r--p 001b6000 08:02 13776006                   /opt/liu/stm32cubeide/1.14.0/2/plugins/com.st.stm32cube.ide.jre.linux64_3.1.0.202310310920/jre/lib/libfontmanager.so
7fec8cd78000-7fec8cd79000 ---p 00201000 08:02 13776006                   /opt/liu/stm32cubeide/1.14.0/2/plugins/com.st.stm32cube.ide.jre.linux64_3.1.0.202310310920/jre/lib/libfontmanager.so
7fec8cd79000-7fec8cd7b000 r--p 00201000 08:02 13776006                   /opt/liu/stm32cubeide/1.14.0/2/plugins/com.st.stm32cube.ide.jre.linux64_3.1.0.202310310920/jre/lib/libfontmanager.so
7fec8cd7b000-7fec8cd7c000 rw-p 00203000 08:02 13776006                   /opt/liu/stm32cubeide/1.14.0/2/plugins/com.st.stm32cube.ide.jre.linux64_3.1.0.202310310920/jre/lib/libfontmanager.so
7fec8cd7c000-7fec8cd7d000 rw-p 00000000 00:00 0 
7fec8cd7d000-7fec8cd81000 ---p 00000000 00:00 0 
7fec8cd81000-7fec8ce7d000 rw-p 00000000 00:00 0 
7fec8ce7d000-7fec8ce8d000 r--p 00000000 08:02 13776002                   /opt/liu/stm32cubeide/1.14.0/2/plugins/com.st.stm32cube.ide.jre.linux64_3.1.0.202310310920/jre/lib/libawt_xawt.so
7fec8ce8d000-7fec8cecb000 r-xp 00010000 08:02 13776002                   /opt/liu/stm32cubeide/1.14.0/2/plugins/com.st.stm32cube.ide.jre.linux64_3.1.0.202310310920/jre/lib/libawt_xawt.so
7fec8cecb000-7fec8cedc000 r--p 0004e000 08:02 13776002                   /opt/liu/stm32cubeide/1.14.0/2/plugins/com.st.stm32cube.ide.jre.linux64_3.1.0.202310310920/jre/lib/libawt_xawt.so
7fec8cedc000-7fec8cedd000 ---p 0005f000 08:02 13776002                   /opt/liu/stm32cubeide/1.14.0/2/plugins/com.st.stm32cube.ide.jre.linux64_3.1.0.202310310920/jre/lib/libawt_xawt.so
7fec8cedd000-7fec8cede000 r--p 0005f000 08:02 13776002                   /opt/liu/stm32cubeide/1.14.0/2/plugins/com.st.stm32cube.ide.jre.linux64_3.1.0.202310310920/jre/lib/libawt_xawt.so
7fec8cede000-7fec8cee0000 rw-p 00060000 08:02 13776002                   /opt/liu/stm32cubeide/1.14.0/2/plugins/com.st.stm32cube.ide.jre.linux64_3.1.0.202310310920/jre/lib/libawt_xawt.so
7fec8cee0000-7fec8cee2000 rw-p 00000000 00:00 0 
7fec8cfe2000-7fec8cfe6000 ---p 00000000 00:00 0 
7fec8cfe6000-7fec8d0e2000 rw-p 00000000 00:00 0 
7fec8d1e2000-7fec8d1e6000 ---p 00000000 00:00 0 
7fec8d1e6000-7fec8d2e2000 rw-p 00000000 00:00 0 
7fec8d2e2000-7fec8d2e6000 ---p 00000000 00:00 0 
7fec8d2e6000-7fec8d3e2000 rw-p 00000000 00:00 0 
7fec8d3e2000-7fec8e3e2000 rw-s 00000000 00:01 3342412                    /SYSV00000000 (deleted)
7fec8e3e2000-7fec8e3e3000 r--p 00000000 08:02 9972651                    /usr/lib/x86_64-linux-gnu/libicudata.so.70.1
7fec8e3e3000-7fec8e3e4000 r-xp 00001000 08:02 9972651                    /usr/lib/x86_64-linux-gnu/libicudata.so.70.1
7fec8e3e4000-7fec8fffe000 r--p 00002000 08:02 9972651                    /usr/lib/x86_64-linux-gnu/libicudata.so.70.1
7fec8fffe000-7fec8ffff000 r--p 01c1b000 08:02 9972651                    /usr/lib/x86_64-linux-gnu/libicudata.so.70.1
7fec8ffff000-7fec90000000 rw-p 01c1c000 08:02 9972651                    /usr/lib/x86_64-linux-gnu/libicudata.so.70.1
7fec90000000-7fec90021000 rw-p 00000000 00:00 0 
7fec90021000-7fec94000000 ---p 00000000 00:00 0 
7fec94000000-7fec94021000 rw-p 00000000 00:00 0 
7fec94021000-7fec98000000 ---p 00000000 00:00 0 
7fec98000000-7fec98071000 rw-p 00000000 00:00 0 
7fec98071000-7fec9c000000 ---p 00000000 00:00 0 
7fec9c000000-7fec9c021000 rw-p 00000000 00:00 0 
7fec9c021000-7feca0000000 ---p 00000000 00:00 0 
7feca0000000-7feca009a000 rw-p 00000000 00:00 0 
7feca009a000-7feca4000000 ---p 00000000 00:00 0 
7feca4000000-7feca4021000 rw-p 00000000 00:00 0 
7feca4021000-7feca8000000 ---p 00000000 00:00 0 
7feca8000000-7feca8276000 rw-p 00000000 00:00 0 
7feca8276000-7fecac000000 ---p 00000000 00:00 0 
7fecac000000-7fecac099000 rw-p 00000000 00:00 0 
7fecac099000-7fecb0000000 ---p 00000000 00:00 0 
7fecb0000000-7fecb07e5000 rw-p 00000000 00:00 0 
7fecb07e5000-7fecb4000000 ---p 00000000 00:00 0 
7fecb4000000-7fecb5244000 rw-p 00000000 00:00 0 
7fecb5244000-7fecb8000000 ---p 00000000 00:00 0 
7fecb8000000-7fecb810c000 rw-p 00000000 00:00 0 
7fecb810c000-7fecbc000000 ---p 00000000 00:00 0 
7fecbc000000-7fecbc021000 rw-p 00000000 00:00 0 
7fecbc021000-7fecc0000000 ---p 00000000 00:00 0 
7fecc0000000-7fecc06d9000 rw-p 00000000 00:00 0 
7fecc06d9000-7fecc4000000 ---p 00000000 00:00 0 
7fecc4000000-7fecc4021000 rw-p 00000000 00:00 0 
7fecc4021000-7fecc8000000 ---p 00000000 00:00 0 
7fecc8000000-7fecc80ca000 rw-p 00000000 00:00 0 
7fecc80ca000-7feccc000000 ---p 00000000 00:00 0 
7feccc000000-7feccc021000 rw-p 00000000 00:00 0 
7feccc021000-7fecd0000000 ---p 00000000 00:00 0 
7fecd0000000-7fecd0021000 rw-p 00000000 00:00 0 
7fecd0021000-7fecd4000000 ---p 00000000 00:00 0 
7fecd4000000-7fecd4021000 rw-p 00000000 00:00 0 
7fecd4021000-7fecd8000000 ---p 00000000 00:00 0 
7fecd8000000-7fecd8021000 rw-p 00000000 00:00 0 
7fecd8021000-7fecdc000000 ---p 00000000 00:00 0 
7fecdc000000-7fecdccb9000 rw-p 00000000 00:00 0 
7fecdccb9000-7fece0000000 ---p 00000000 00:00 0 
7fece0000000-7fece0021000 rw-p 00000000 00:00 0 
7fece0021000-7fece4000000 ---p 00000000 00:00 0 
7fece4000000-7fece4021000 rw-p 00000000 00:00 0 
7fece4021000-7fece8000000 ---p 00000000 00:00 0 
7fece8000000-7fece8023000 rw-p 00000000 00:00 0 
7fece8023000-7fecec000000 ---p 00000000 00:00 0 
7fecec000000-7fecec021000 rw-p 00000000 00:00 0 
7fecec021000-7fecf0000000 ---p 00000000 00:00 0 
7fecf0000000-7fecf0021000 rw-p 00000000 00:00 0 
7fecf0021000-7fecf4000000 ---p 00000000 00:00 0 
7fecf4000000-7fecf4041000 rw-p 00000000 00:00 0 
7fecf4041000-7fecf8000000 ---p 00000000 00:00 0 
7fecf8000000-7fecf8021000 rw-p 00000000 00:00 0 
7fecf8021000-7fecfc000000 ---p 00000000 00:00 0 
7fecfc000000-7fecfc021000 rw-p 00000000 00:00 0 
7fecfc021000-7fed00000000 ---p 00000000 00:00 0 
7fed00000000-7fed00021000 rw-p 00000000 00:00 0 
7fed00021000-7fed04000000 ---p 00000000 00:00 0 
7fed04000000-7fed04024000 rw-p 00000000 00:00 0 
7fed04024000-7fed08000000 ---p 00000000 00:00 0 
7fed08000000-7fed08034000 rw-p 00000000 00:00 0 
7fed08034000-7fed0c000000 ---p 00000000 00:00 0 
7fed0c000000-7fed0c021000 rw-p 00000000 00:00 0 
7fed0c021000-7fed10000000 ---p 00000000 00:00 0 
7fed10000000-7fed10023000 rw-p 00000000 00:00 0 
7fed10023000-7fed14000000 ---p 00000000 00:00 0 
7fed14000000-7fed14004000 ---p 00000000 00:00 0 
7fed14004000-7fed14100000 rw-p 00000000 00:00 0 
7fed14200000-7fed14202000 r-xp 00000000 00:3e 160334                     /home/antpe029/.eclipse/com.st.stm32cube.ide.mcu.rcp.product_1.14.0_210461640_linux_gtk_x86_64/configuration/org.eclipse.osgi/220/0/.cp/os/linux/x86_64/libunixfile_1_0_0.so
7fed14202000-7fed14401000 ---p 00002000 00:3e 160334                     /home/antpe029/.eclipse/com.st.stm32cube.ide.mcu.rcp.product_1.14.0_210461640_linux_gtk_x86_64/configuration/org.eclipse.osgi/220/0/.cp/os/linux/x86_64/libunixfile_1_0_0.so
7fed14401000-7fed14402000 r--p 00001000 00:3e 160334                     /home/antpe029/.eclipse/com.st.stm32cube.ide.mcu.rcp.product_1.14.0_210461640_linux_gtk_x86_64/configuration/org.eclipse.osgi/220/0/.cp/os/linux/x86_64/libunixfile_1_0_0.so
7fed14402000-7fed14403000 rw-p 00002000 00:3e 160334                     /home/antpe029/.eclipse/com.st.stm32cube.ide.mcu.rcp.product_1.14.0_210461640_linux_gtk_x86_64/configuration/org.eclipse.osgi/220/0/.cp/os/linux/x86_64/libunixfile_1_0_0.so
7fed1442e000-7fed1446c000 r--p 00000000 08:02 10231651                   /usr/share/fonts/truetype/dejavu/DejaVuSansMono-BoldOblique.ttf
7fed1456c000-7fed14606000 r--p 00000000 08:02 9970457                    /usr/lib/x86_64-linux-gnu/libstdc++.so.6.0.30
7fed14606000-7fed14717000 r-xp 0009a000 08:02 9970457                    /usr/lib/x86_64-linux-gnu/libstdc++.so.6.0.30
7fed14717000-7fed14786000 r--p 001ab000 08:02 9970457                    /usr/lib/x86_64-linux-gnu/libstdc++.so.6.0.30
7fed14786000-7fed14787000 ---p 0021a000 08:02 9970457                    /usr/lib/x86_64-linux-gnu/libstdc++.so.6.0.30
7fed14787000-7fed14792000 r--p 0021a000 08:02 9970457                    /usr/lib/x86_64-linux-gnu/libstdc++.so.6.0.30
7fed14792000-7fed14795000 rw-p 00225000 08:02 9970457                    /usr/lib/x86_64-linux-gnu/libstdc++.so.6.0.30
7fed14795000-7fed14798000 rw-p 00000000 00:00 0 
7fed14798000-7fed148b6000 r--p 00000000 08:02 9989734                    /usr/lib/x86_64-linux-gnu/librsvg-2.so.2.48.0
7fed148b6000-7fed14e39000 r-xp 0011e000 08:02 9989734                    /usr/lib/x86_64-linux-gnu/librsvg-2.so.2.48.0
7fed14e39000-7fed1512f000 r--p 006a1000 08:02 9989734                    /usr/lib/x86_64-linux-gnu/librsvg-2.so.2.48.0
7fed1512f000-7fed151fe000 r--p 00996000 08:02 9989734                    /usr/lib/x86_64-linux-gnu/librsvg-2.so.2.48.0
7fed151fe000-7fed15200000 rw-p 00a65000 08:02 9989734                    /usr/lib/x86_64-linux-gnu/librsvg-2.so.2.48.0
7fed15200000-7fed15209000 r-xp 00000000 00:3e 164876                     /home/antpe029/.eclipse/com.st.stm32cube.ide.mcu.rcp.product_1.14.0_210461640_linux_gtk_x86_64/configuration/org.eclipse.osgi/360/0/.cp/libswt-cairo-gtk-4962r3.so
7fed15209000-7fed15409000 ---p 00009000 00:3e 164876                     /home/antpe029/.eclipse/com.st.stm32cube.ide.mcu.rcp.product_1.14.0_210461640_linux_gtk_x86_64/configuration/org.eclipse.osgi/360/0/.cp/libswt-cairo-gtk-4962r3.so
7fed15409000-7fed1540a000 r--p 00009000 00:3e 164876                     /home/antpe029/.eclipse/com.st.stm32cube.ide.mcu.rcp.product_1.14.0_210461640_linux_gtk_x86_64/configuration/org.eclipse.osgi/360/0/.cp/libswt-cairo-gtk-4962r3.so
7fed1540a000-7fed1540b000 rw-p 0000a000 00:3e 164876                     /home/antpe029/.eclipse/com.st.stm32cube.ide.mcu.rcp.product_1.14.0_210461640_linux_gtk_x86_64/configuration/org.eclipse.osgi/360/0/.cp/libswt-cairo-gtk-4962r3.so
7fed1541c000-7fed1545a000 r--p 00000000 08:02 10231652                   /usr/share/fonts/truetype/dejavu/DejaVuSansMono-Oblique.ttf
7fed1545a000-7fed154ac000 r--p 00000000 08:02 10231637                   /usr/share/fonts/truetype/dejavu/DejaVuSansMono-Bold.ttf
7fed154ac000-7fed15500000 r--p 00000000 08:02 10231638                   /usr/share/fonts/truetype/dejavu/DejaVuSansMono.ttf
7fed15600000-7fed1566c000 r-xp 00000000 00:3e 164872                     /home/antpe029/.eclipse/com.st.stm32cube.ide.mcu.rcp.product_1.14.0_210461640_linux_gtk_x86_64/configuration/org.eclipse.osgi/360/0/.cp/libswt-pi3-gtk-4962r3.so
7fed1566c000-7fed1586b000 ---p 0006c000 00:3e 164872                     /home/antpe029/.eclipse/com.st.stm32cube.ide.mcu.rcp.product_1.14.0_210461640_linux_gtk_x86_64/configuration/org.eclipse.osgi/360/0/.cp/libswt-pi3-gtk-4962r3.so
7fed1586b000-7fed1586c000 r--p 0006b000 00:3e 164872                     /home/antpe029/.eclipse/com.st.stm32cube.ide.mcu.rcp.product_1.14.0_210461640_linux_gtk_x86_64/configuration/org.eclipse.osgi/360/0/.cp/libswt-pi3-gtk-4962r3.so
7fed1586c000-7fed1586f000 rw-p 0006c000 00:3e 164872                     /home/antpe029/.eclipse/com.st.stm32cube.ide.mcu.rcp.product_1.14.0_210461640_linux_gtk_x86_64/configuration/org.eclipse.osgi/360/0/.cp/libswt-pi3-gtk-4962r3.so
7fed1586f000-7fed15870000 rw-p 00000000 00:00 0 
7fed15884000-7fed158c2000 r--p 00000000 08:02 10231651                   /usr/share/fonts/truetype/dejavu/DejaVuSansMono-BoldOblique.ttf
7fed158c2000-7fed15900000 r--p 00000000 08:02 10231652                   /usr/share/fonts/truetype/dejavu/DejaVuSansMono-Oblique.ttf
7fed15900000-7fed15904000 ---p 00000000 00:00 0 
7fed15904000-7fed15a00000 rw-p 00000000 00:00 0 
7fed15a00000-7fed15a8b000 r-xp 00000000 00:3e 164868                     /home/antpe029/.eclipse/com.st.stm32cube.ide.mcu.rcp.product_1.14.0_210461640_linux_gtk_x86_64/configuration/org.eclipse.osgi/360/0/.cp/libswt-gtk-4962r3.so
7fed15a8b000-7fed15c8a000 ---p 0008b000 00:3e 164868                     /home/antpe029/.eclipse/com.st.stm32cube.ide.mcu.rcp.product_1.14.0_210461640_linux_gtk_x86_64/configuration/org.eclipse.osgi/360/0/.cp/libswt-gtk-4962r3.so
7fed15c8a000-7fed15c8b000 r--p 0008a000 00:3e 164868                     /home/antpe029/.eclipse/com.st.stm32cube.ide.mcu.rcp.product_1.14.0_210461640_linux_gtk_x86_64/configuration/org.eclipse.osgi/360/0/.cp/libswt-gtk-4962r3.so
7fed15c8b000-7fed15c93000 rw-p 0008b000 00:3e 164868                     /home/antpe029/.eclipse/com.st.stm32cube.ide.mcu.rcp.product_1.14.0_210461640_linux_gtk_x86_64/configuration/org.eclipse.osgi/360/0/.cp/libswt-gtk-4962r3.so
7fed15c93000-7fed15c97000 rw-p 00000000 00:00 0 
7fed15ca0000-7fed15d3e000 r--p 00000000 08:02 10231644                   /usr/share/fonts/truetype/dejavu/DejaVuSans-BoldOblique.ttf
7fed15d3e000-7fed15dda000 r--p 00000000 08:02 10231646                   /usr/share/fonts/truetype/dejavu/DejaVuSans-Oblique.ttf
7fed15ddf000-7fed15e45000 r--p 00000000 08:02 9972656                    /usr/lib/x86_64-linux-gnu/libicuuc.so.70.1
7fed15e45000-7fed15f38000 r-xp 00066000 08:02 9972656                    /usr/lib/x86_64-linux-gnu/libicuuc.so.70.1
7fed15f38000-7fed15fc4000 r--p 00159000 08:02 9972656                    /usr/lib/x86_64-linux-gnu/libicuuc.so.70.1
7fed15fc4000-7fed15fd7000 r--p 001e4000 08:02 9972656                    /usr/lib/x86_64-linux-gnu/libicuuc.so.70.1
7fed15fd7000-7fed15fd8000 rw-p 001f7000 08:02 9972656                    /usr/lib/x86_64-linux-gnu/libicuuc.so.70.1
7fed15fd8000-7fed15fda000 rw-p 00000000 00:00 0 
7fed15fda000-7fed15fde000 ---p 00000000 00:00 0 
7fed15fde000-7fed160da000 rw-p 00000000 00:00 0 
7fed160da000-7fed160de000 ---p 00000000 00:00 0 
7fed160de000-7fed161da000 rw-p 00000000 00:00 0 
7fed161da000-7fed161de000 ---p 00000000 00:00 0 
7fed161de000-7fed162da000 rw-p 00000000 00:00 0 
7fed162da000-7fed162db000 ---p 00000000 00:00 0 
7fed162db000-7fed163dc000 rw-p 00000000 00:00 0 
7fed163dc000-7fed163dd000 ---p 00000000 00:00 0 
7fed163dd000-7fed164de000 rw-p 00000000 00:00 0 
7fed164de000-7fed164df000 ---p 00000000 00:00 0 
7fed164df000-7fed165e0000 rw-p 00000000 00:00 0 
7fed165e0000-7fed165e4000 ---p 00000000 00:00 0 
7fed165e4000-7fed166e0000 rw-p 00000000 00:00 0 
7fed166fe000-7fed1672d000 r--p 00000000 08:02 9962164                    /usr/lib/x86_64-linux-gnu/libxml2.so.2.9.13
7fed1672d000-7fed16880000 r-xp 0002f000 08:02 9962164                    /usr/lib/x86_64-linux-gnu/libxml2.so.2.9.13
7fed16880000-7fed168d4000 r--p 00182000 08:02 9962164                    /usr/lib/x86_64-linux-gnu/libxml2.so.2.9.13
7fed168d4000-7fed168d5000 ---p 001d6000 08:02 9962164                    /usr/lib/x86_64-linux-gnu/libxml2.so.2.9.13
7fed168d5000-7fed168de000 r--p 001d6000 08:02 9962164                    /usr/lib/x86_64-linux-gnu/libxml2.so.2.9.13
7fed168de000-7fed168df000 rw-p 001df000 08:02 9962164                    /usr/lib/x86_64-linux-gnu/libxml2.so.2.9.13
7fed168df000-7fed168e0000 rw-p 00000000 00:00 0 
7fed168e0000-7fed168e4000 ---p 00000000 00:00 0 
7fed168e4000-7fed169e0000 rw-p 00000000 00:00 0 
7fed169e0000-7fed169e4000 ---p 00000000 00:00 0 
7fed169e4000-7fed16ae0000 rw-p 00000000 00:00 0 
7fed16ae0000-7fed16ae4000 ---p 00000000 00:00 0 
7fed16ae4000-7fed16be0000 rw-p 00000000 00:00 0 
7fed16be0000-7fed16be4000 ---p 00000000 00:00 0 
7fed16be4000-7fed16ce0000 rw-p 00000000 00:00 0 
7fed16ce0000-7fed16ce4000 ---p 00000000 00:00 0 
7fed16ce4000-7fed16de0000 rw-p 00000000 00:00 0 
7fed16de0000-7fed16de4000 ---p 00000000 00:00 0 
7fed16de4000-7fed16ee0000 rw-p 00000000 00:00 0 
7fed16ee0000-7fed16ee1000 ---p 00000000 00:00 0 
7fed16ee1000-7fed16fe2000 rw-p 00000000 00:00 0 
7fed16fe2000-7fed16fe3000 ---p 00000000 00:00 0 
7fed16fe3000-7fed170e4000 rw-p 00000000 00:00 0 
7fed170e4000-7fed170e8000 ---p 00000000 00:00 0 
7fed170e8000-7fed171e4000 rw-p 00000000 00:00 0 
7fed171e4000-7fed171e5000 ---p 00000000 00:00 0 
7fed171e5000-7fed172e6000 rw-p 00000000 00:00 0 
7fed172e6000-7fed172e7000 ---p 00000000 00:00 0 
7fed172e7000-7fed173e8000 rw-p 00000000 00:00 0 
7fed173e8000-7fed173e9000 ---p 00000000 00:00 0 
7fed173e9000-7fed174ea000 rw-p 00000000 00:00 0 
7fed174ea000-7fed174eb000 ---p 00000000 00:00 0 
7fed174eb000-7fed175ec000 rw-p 00000000 00:00 0 
7fed175ec000-7fed175ed000 ---p 00000000 00:00 0 
7fed175ed000-7fed176ee000 rw-p 00000000 00:00 0 
7fed176ee000-7fed176ef000 ---p 00000000 00:00 0 
7fed176ef000-7fed177f0000 rw-p 00000000 00:00 0 
7fed177f0000-7fed177f1000 ---p 00000000 00:00 0 
7fed177f1000-7fed178f2000 rw-p 00000000 00:00 0 
7fed178f2000-7fed178f3000 ---p 00000000 00:00 0 
7fed178f3000-7fed179f4000 rw-p 00000000 00:00 0 
7fed179f4000-7fed179f5000 ---p 00000000 00:00 0 
7fed179f5000-7fed17af6000 rw-p 00000000 00:00 0 
7fed17af6000-7fed17af7000 ---p 00000000 00:00 0 
7fed17af7000-7fed17bf8000 rw-p 00000000 00:00 0 
7fed17bf8000-7fed17bf9000 ---p 00000000 00:00 0 
7fed17bf9000-7fed17cfa000 rw-p 00000000 00:00 0 
7fed17cfa000-7fed17cfb000 ---p 00000000 00:00 0 
7fed17cfb000-7fed17dfc000 rw-p 00000000 00:00 0 
7fed17dfc000-7fed17dfd000 ---p 00000000 00:00 0 
7fed17dfd000-7fed17efe000 rw-p 00000000 00:00 0 
7fed17efe000-7fed17eff000 ---p 00000000 00:00 0 
7fed17eff000-7fed18000000 rw-p 00000000 00:00 0 
7fed18000000-7fed1802b000 rw-p 00000000 00:00 0 
7fed1802b000-7fed1c000000 ---p 00000000 00:00 0 
7fed1c000000-7fed1c02d000 rw-p 00000000 00:00 0 
7fed1c02d000-7fed20000000 ---p 00000000 00:00 0 
7fed20000000-7fed206f1000 rw-p 00000000 00:00 0 
7fed206f1000-7fed24000000 ---p 00000000 00:00 0 
7fed24000000-7fed24033000 rw-p 00000000 00:00 0 
7fed24033000-7fed28000000 ---p 00000000 00:00 0 
7fed28000000-7fed28b4b000 rw-p 00000000 00:00 0 
7fed28b4b000-7fed2c000000 ---p 00000000 00:00 0 
7fed2c000000-7fed2c023000 rw-p 00000000 00:00 0 
7fed2c023000-7fed30000000 ---p 00000000 00:00 0 
7fed30000000-7fed30ae3000 rw-p 00000000 00:00 0 
7fed30ae3000-7fed34000000 ---p 00000000 00:00 0 
7fed34000000-7fed34022000 rw-p 00000000 00:00 0 
7fed34022000-7fed38000000 ---p 00000000 00:00 0 
7fed38026000-7fed38036000 r--p 00000000 08:02 10015037                   /usr/lib/x86_64-linux-gnu/libibus-1.0.so.5.0.526
7fed38036000-7fed3806c000 r-xp 00010000 08:02 10015037                   /usr/lib/x86_64-linux-gnu/libibus-1.0.so.5.0.526
7fed3806c000-7fed380a0000 r--p 00046000 08:02 10015037                   /usr/lib/x86_64-linux-gnu/libibus-1.0.so.5.0.526
7fed380a0000-7fed380a1000 ---p 0007a000 08:02 10015037                   /usr/lib/x86_64-linux-gnu/libibus-1.0.so.5.0.526
7fed380a1000-7fed380a3000 r--p 0007a000 08:02 10015037                   /usr/lib/x86_64-linux-gnu/libibus-1.0.so.5.0.526
7fed380a3000-7fed380a4000 rw-p 0007c000 08:02 10015037                   /usr/lib/x86_64-linux-gnu/libibus-1.0.so.5.0.526
7fed380a4000-7fed380a5000 ---p 00000000 00:00 0 
7fed380a5000-7fed381a6000 rw-p 00000000 00:00 0 
7fed381a6000-7fed381a7000 ---p 00000000 00:00 0 
7fed381a7000-7fed382a8000 rw-p 00000000 00:00 0 
7fed382a8000-7fed382a9000 ---p 00000000 00:00 0 
7fed382a9000-7fed383aa000 rw-p 00000000 00:00 0 
7fed383aa000-7fed383ab000 ---p 00000000 00:00 0 
7fed383ab000-7fed384ac000 rw-p 00000000 00:00 0 
7fed384c7000-7fed38519000 r--p 00000000 08:02 10231637                   /usr/share/fonts/truetype/dejavu/DejaVuSansMono-Bold.ttf
7fed38519000-7fed3856d000 r--p 00000000 08:02 10231638                   /usr/share/fonts/truetype/dejavu/DejaVuSansMono.ttf
7fed3866d000-7fed38670000 r--p 00000000 08:02 9970771                    /usr/lib/x86_64-linux-gnu/libgcc_s.so.1
7fed38670000-7fed38687000 r-xp 00003000 08:02 9970771                    /usr/lib/x86_64-linux-gnu/libgcc_s.so.1
7fed38687000-7fed3868b000 r--p 0001a000 08:02 9970771                    /usr/lib/x86_64-linux-gnu/libgcc_s.so.1
7fed3868b000-7fed3868c000 r--p 0001d000 08:02 9970771                    /usr/lib/x86_64-linux-gnu/libgcc_s.so.1
7fed3868c000-7fed3868d000 rw-p 0001e000 08:02 9970771                    /usr/lib/x86_64-linux-gnu/libgcc_s.so.1
7fed386b4000-7fed38752000 r--p 00000000 08:02 10231644                   /usr/share/fonts/truetype/dejavu/DejaVuSans-BoldOblique.ttf
7fed38752000-7fed387ff000 r--p 00000000 08:02 10231635                   /usr/share/fonts/truetype/dejavu/DejaVuSans-Bold.ttf
7fed387ff000-7fed38800000 ---p 00000000 00:00 0 
7fed38800000-7fed39000000 rw-p 00000000 00:00 0 
7fed39000000-7fed39009000 r-xp 00000000 00:3e 165026                     /home/antpe029/.eclipse/com.st.stm32cube.ide.mcu.rcp.product_1.14.0_210461640_linux_gtk_x86_64/configuration/org.eclipse.osgi/360/0/.cp/libswt-atk-gtk-4962r3.so
7fed39009000-7fed39208000 ---p 00009000 00:3e 165026                     /home/antpe029/.eclipse/com.st.stm32cube.ide.mcu.rcp.product_1.14.0_210461640_linux_gtk_x86_64/configuration/org.eclipse.osgi/360/0/.cp/libswt-atk-gtk-4962r3.so
7fed39208000-7fed39209000 r--p 00008000 00:3e 165026                     /home/antpe029/.eclipse/com.st.stm32cube.ide.mcu.rcp.product_1.14.0_210461640_linux_gtk_x86_64/configuration/org.eclipse.osgi/360/0/.cp/libswt-atk-gtk-4962r3.so
7fed39209000-7fed3920a000 rw-p 00009000 00:3e 165026                     /home/antpe029/.eclipse/com.st.stm32cube.ide.mcu.rcp.product_1.14.0_210461640_linux_gtk_x86_64/configuration/org.eclipse.osgi/360/0/.cp/libswt-atk-gtk-4962r3.so
7fed39210000-7fed392ac000 r--p 00000000 08:02 10231646                   /usr/share/fonts/truetype/dejavu/DejaVuSans-Oblique.ttf
7fed392e1000-7fed392f1000 rw-s 00000000 00:1c 46755                      /dev/shm/BC2-Main-42339-1429086_rb
7fed392f1000-7fed39301000 rw-s 00000000 00:1c 46758                      /dev/shm/BC2-Main-42339-1429086_wb
7fed39301000-7fed39311000 rw-s 00000000 00:1c 46725                      /dev/shm/BC1-GPU-42339-1429215_rb
7fed39311000-7fed39321000 rw-s 00000000 00:1c 46728                      /dev/shm/BC1-GPU-42339-1429215_wb
7fed39321000-7fed39325000 ---p 00000000 00:00 0 
7fed39325000-7fed39421000 rw-p 00000000 00:00 0 
7fed39421000-7fed39426000 r--p 00000000 08:02 13776032                   /opt/liu/stm32cubeide/1.14.0/2/plugins/com.st.stm32cube.ide.jre.linux64_3.1.0.202310310920/jre/lib/liblcms.so
7fed39426000-7fed39493000 r-xp 00005000 08:02 13776032                   /opt/liu/stm32cubeide/1.14.0/2/plugins/com.st.stm32cube.ide.jre.linux64_3.1.0.202310310920/jre/lib/liblcms.so
7fed39493000-7fed394a5000 r--p 00072000 08:02 13776032                   /opt/liu/stm32cubeide/1.14.0/2/plugins/com.st.stm32cube.ide.jre.linux64_3.1.0.202310310920/jre/lib/liblcms.so
7fed394a5000-7fed394a7000 r--p 00083000 08:02 13776032                   /opt/liu/stm32cubeide/1.14.0/2/plugins/com.st.stm32cube.ide.jre.linux64_3.1.0.202310310920/jre/lib/liblcms.so
7fed394a7000-7fed394aa000 rw-p 00085000 08:02 13776032                   /opt/liu/stm32cubeide/1.14.0/2/plugins/com.st.stm32cube.ide.jre.linux64_3.1.0.202310310920/jre/lib/liblcms.so
7fed394aa000-7fed394ac000 rw-p 00000000 00:00 0 
7fed394ac000-7fed394b0000 ---p 00000000 00:00 0 
7fed394b0000-7fed395ac000 rw-p 00000000 00:00 0 
7fed395ac000-7fed395b0000 ---p 00000000 00:00 0 
7fed395b0000-7fed396ac000 rw-p 00000000 00:00 0 
7fed396ac000-7fed396ad000 ---p 00000000 00:00 0 
7fed396ad000-7fed39ead000 rw-p 00000000 00:00 0 
7fed39ead000-7fed39f66000 r--p 00000000 08:02 10231636                   /usr/share/fonts/truetype/dejavu/DejaVuSans.ttf
7fed39f66000-7fed3a01f000 r--p 00000000 08:02 10231636                   /usr/share/fonts/truetype/dejavu/DejaVuSans.ttf
7fed3a028000-7fed3a02a000 r--p 00000000 08:02 10225951                   /usr/lib/x86_64-linux-gnu/gdk-pixbuf-2.0/2.10.0/loaders/libpixbufloader-gif.so
7fed3a02a000-7fed3a02e000 r-xp 00002000 08:02 10225951                   /usr/lib/x86_64-linux-gnu/gdk-pixbuf-2.0/2.10.0/loaders/libpixbufloader-gif.so
7fed3a02e000-7fed3a02f000 r--p 00006000 08:02 10225951                   /usr/lib/x86_64-linux-gnu/gdk-pixbuf-2.0/2.10.0/loaders/libpixbufloader-gif.so
7fed3a02f000-7fed3a030000 ---p 00007000 08:02 10225951                   /usr/lib/x86_64-linux-gnu/gdk-pixbuf-2.0/2.10.0/loaders/libpixbufloader-gif.so
7fed3a030000-7fed3a031000 r--p 00007000 08:02 10225951                   /usr/lib/x86_64-linux-gnu/gdk-pixbuf-2.0/2.10.0/loaders/libpixbufloader-gif.so
7fed3a031000-7fed3a032000 rw-p 00008000 08:02 10225951                   /usr/lib/x86_64-linux-gnu/gdk-pixbuf-2.0/2.10.0/loaders/libpixbufloader-gif.so
7fed3a032000-7fed3a034000 r--p 00000000 08:02 13776035                   /opt/liu/stm32cubeide/1.14.0/2/plugins/com.st.stm32cube.ide.jre.linux64_3.1.0.202310310920/jre/lib/libmanagement_ext.so
7fed3a034000-7fed3a037000 r-xp 00002000 08:02 13776035                   /opt/liu/stm32cubeide/1.14.0/2/plugins/com.st.stm32cube.ide.jre.linux64_3.1.0.202310310920/jre/lib/libmanagement_ext.so
7fed3a037000-7fed3a038000 r--p 00005000 08:02 13776035                   /opt/liu/stm32cubeide/1.14.0/2/plugins/com.st.stm32cube.ide.jre.linux64_3.1.0.202310310920/jre/lib/libmanagement_ext.so
7fed3a038000-7fed3a039000 ---p 00006000 08:02 13776035                   /opt/liu/stm32cubeide/1.14.0/2/plugins/com.st.stm32cube.ide.jre.linux64_3.1.0.202310310920/jre/lib/libmanagement_ext.so
7fed3a039000-7fed3a03a000 r--p 00006000 08:02 13776035                   /opt/liu/stm32cubeide/1.14.0/2/plugins/com.st.stm32cube.ide.jre.linux64_3.1.0.202310310920/jre/lib/libmanagement_ext.so
7fed3a03a000-7fed3a03b000 rw-p 00007000 08:02 13776035                   /opt/liu/stm32cubeide/1.14.0/2/plugins/com.st.stm32cube.ide.jre.linux64_3.1.0.202310310920/jre/lib/libmanagement_ext.so
7fed3a03b000-7fed3a051000 r--p 00000000 08:02 10402178                   /usr/share/icons/gnome/icon-theme.cache
7fed3a051000-7fed3a067000 r--p 00000000 08:02 10402178                   /usr/share/icons/gnome/icon-theme.cache
7fed3a067000-7fed3a077000 r--p 00000000 08:02 9962396                    /usr/share/icons/hicolor/icon-theme.cache
7fed3a077000-7fed3a078000 r--p 00000000 08:02 9968068                    /usr/lib/x86_64-linux-gnu/libgthread-2.0.so.0.7200.4
7fed3a078000-7fed3a079000 r-xp 00001000 08:02 9968068                    /usr/lib/x86_64-linux-gnu/libgthread-2.0.so.0.7200.4
7fed3a079000-7fed3a07a000 r--p 00002000 08:02 9968068                    /usr/lib/x86_64-linux-gnu/libgthread-2.0.so.0.7200.4
7fed3a07a000-7fed3a07b000 r--p 00002000 08:02 9968068                    /usr/lib/x86_64-linux-gnu/libgthread-2.0.so.0.7200.4
7fed3a07b000-7fed3a07c000 rw-p 00003000 08:02 9968068                    /usr/lib/x86_64-linux-gnu/libgthread-2.0.so.0.7200.4
7fed3a07c000-7fed3a07f000 r--p 00000000 08:02 13776033                   /opt/liu/stm32cubeide/1.14.0/2/plugins/com.st.stm32cube.ide.jre.linux64_3.1.0.202310310920/jre/lib/libmanagement.so
7fed3a07f000-7fed3a080000 r-xp 00003000 08:02 13776033                   /opt/liu/stm32cubeide/1.14.0/2/plugins/com.st.stm32cube.ide.jre.linux64_3.1.0.202310310920/jre/lib/libmanagement.so
7fed3a080000-7fed3a081000 r--p 00004000 08:02 13776033                   /opt/liu/stm32cubeide/1.14.0/2/plugins/com.st.stm32cube.ide.jre.linux64_3.1.0.202310310920/jre/lib/libmanagement.so
7fed3a081000-7fed3a082000 r--p 00004000 08:02 13776033                   /opt/liu/stm32cubeide/1.14.0/2/plugins/com.st.stm32cube.ide.jre.linux64_3.1.0.202310310920/jre/lib/libmanagement.so
7fed3a082000-7fed3a083000 rw-p 00005000 08:02 13776033                   /opt/liu/stm32cubeide/1.14.0/2/plugins/com.st.stm32cube.ide.jre.linux64_3.1.0.202310310920/jre/lib/libmanagement.so
7fed3a083000-7fed3a084000 r--p 00000000 08:02 10251242                   /usr/lib/x86_64-linux-gnu/gdk-pixbuf-2.0/2.10.0/loaders/libpixbufloader-svg.so
7fed3a084000-7fed3a085000 r-xp 00001000 08:02 10251242                   /usr/lib/x86_64-linux-gnu/gdk-pixbuf-2.0/2.10.0/loaders/libpixbufloader-svg.so
7fed3a085000-7fed3a086000 r--p 00002000 08:02 10251242                   /usr/lib/x86_64-linux-gnu/gdk-pixbuf-2.0/2.10.0/loaders/libpixbufloader-svg.so
7fed3a086000-7fed3a087000 r--p 00002000 08:02 10251242                   /usr/lib/x86_64-linux-gnu/gdk-pixbuf-2.0/2.10.0/loaders/libpixbufloader-svg.so
7fed3a087000-7fed3a088000 rw-p 00003000 08:02 10251242                   /usr/lib/x86_64-linux-gnu/gdk-pixbuf-2.0/2.10.0/loaders/libpixbufloader-svg.so
7fed3a088000-7fed3a098000 r--p 00000000 08:02 9962396                    /usr/share/icons/hicolor/icon-theme.cache
7fed3a098000-7fed3a09b000 r--p 00000000 08:02 10261408                   /usr/lib/x86_64-linux-gnu/gtk-3.0/3.0.0/immodules/im-ibus.so
7fed3a09b000-7fed3a09f000 r-xp 00003000 08:02 10261408                   /usr/lib/x86_64-linux-gnu/gtk-3.0/3.0.0/immodules/im-ibus.so
7fed3a09f000-7fed3a0a1000 r--p 00007000 08:02 10261408                   /usr/lib/x86_64-linux-gnu/gtk-3.0/3.0.0/immodules/im-ibus.so
7fed3a0a1000-7fed3a0a2000 r--p 00008000 08:02 10261408                   /usr/lib/x86_64-linux-gnu/gtk-3.0/3.0.0/immodules/im-ibus.so
7fed3a0a2000-7fed3a0a3000 rw-p 00009000 08:02 10261408                   /usr/lib/x86_64-linux-gnu/gtk-3.0/3.0.0/immodules/im-ibus.so
7fed3a0a3000-7fed3a0a7000 r--p 00000000 08:02 13776047                   /opt/liu/stm32cubeide/1.14.0/2/plugins/com.st.stm32cube.ide.jre.linux64_3.1.0.202310310920/jre/lib/libverify.so
7fed3a0a7000-7fed3a0ae000 r-xp 00004000 08:02 13776047                   /opt/liu/stm32cubeide/1.14.0/2/plugins/com.st.stm32cube.ide.jre.linux64_3.1.0.202310310920/jre/lib/libverify.so
7fed3a0ae000-7fed3a0b0000 r--p 0000b000 08:02 13776047                   /opt/liu/stm32cubeide/1.14.0/2/plugins/com.st.stm32cube.ide.jre.linux64_3.1.0.202310310920/jre/lib/libverify.so
7fed3a0b0000-7fed3a0b2000 r--p 0000c000 08:02 13776047                   /opt/liu/stm32cubeide/1.14.0/2/plugins/com.st.stm32cube.ide.jre.linux64_3.1.0.202310310920/jre/lib/libverify.so
7fed3a0b2000-7fed3a0b3000 rw-p 0000e000 08:02 13776047                   /opt/liu/stm32cubeide/1.14.0/2/plugins/com.st.stm32cube.ide.jre.linux64_3.1.0.202310310920/jre/lib/libverify.so
7fed3a0b5000-7fed3a0b6000 r--p 00000000 08:02 13776005                   /opt/liu/stm32cubeide/1.14.0/2/plugins/com.st.stm32cube.ide.jre.linux64_3.1.0.202310310920/jre/lib/libextnet.so
7fed3a0b6000-7fed3a0b7000 r-xp 00001000 08:02 13776005                   /opt/liu/stm32cubeide/1.14.0/2/plugins/com.st.stm32cube.ide.jre.linux64_3.1.0.202310310920/jre/lib/libextnet.so
7fed3a0b7000-7fed3a0b8000 r--p 00002000 08:02 13776005                   /opt/liu/stm32cubeide/1.14.0/2/plugins/com.st.stm32cube.ide.jre.linux64_3.1.0.202310310920/jre/lib/libextnet.so
7fed3a0b8000-7fed3a0b9000 r--p 00002000 08:02 13776005                   /opt/liu/stm32cubeide/1.14.0/2/plugins/com.st.stm32cube.ide.jre.linux64_3.1.0.202310310920/jre/lib/libextnet.so
7fed3a0b9000-7fed3a0ba000 rw-p 00003000 08:02 13776005                   /opt/liu/stm32cubeide/1.14.0/2/plugins/com.st.stm32cube.ide.jre.linux64_3.1.0.202310310920/jre/lib/libextnet.so
7fed3a0ba000-7fed3a0bc000 r--p 00000000 08:02 9984652                    /usr/lib/x86_64-linux-gnu/libXtst.so.6.1.0
7fed3a0bc000-7fed3a0bf000 r-xp 00002000 08:02 9984652                    /usr/lib/x86_64-linux-gnu/libXtst.so.6.1.0
7fed3a0bf000-7fed3a0c0000 r--p 00005000 08:02 9984652                    /usr/lib/x86_64-linux-gnu/libXtst.so.6.1.0
7fed3a0c0000-7fed3a0c1000 r--p 00005000 08:02 9984652                    /usr/lib/x86_64-linux-gnu/libXtst.so.6.1.0
7fed3a0c1000-7fed3a0c2000 rw-p 00006000 08:02 9984652                    /usr/lib/x86_64-linux-gnu/libXtst.so.6.1.0
7fed3a0c2000-7fed3a0ef000 r--p 00000000 08:02 13776000                   /opt/liu/stm32cubeide/1.14.0/2/plugins/com.st.stm32cube.ide.jre.linux64_3.1.0.202310310920/jre/lib/libawt.so
7fed3a0ef000-7fed3a171000 r-xp 0002d000 08:02 13776000                   /opt/liu/stm32cubeide/1.14.0/2/plugins/com.st.stm32cube.ide.jre.linux64_3.1.0.202310310920/jre/lib/libawt.so
7fed3a171000-7fed3a17e000 r--p 000af000 08:02 13776000                   /opt/liu/stm32cubeide/1.14.0/2/plugins/com.st.stm32cube.ide.jre.linux64_3.1.0.202310310920/jre/lib/libawt.so
7fed3a17e000-7fed3a17f000 r--p 000bb000 08:02 13776000                   /opt/liu/stm32cubeide/1.14.0/2/plugins/com.st.stm32cube.ide.jre.linux64_3.1.0.202310310920/jre/lib/libawt.so
7fed3a17f000-7fed3a18a000 rw-p 000bc000 08:02 13776000                   /opt/liu/stm32cubeide/1.14.0/2/plugins/com.st.stm32cube.ide.jre.linux64_3.1.0.202310310920/jre/lib/libawt.so
7fed3a18a000-7fed3a1af000 rw-p 00000000 00:00 0 
7fed3a4af000-7fed3a4b3000 ---p 00000000 00:00 0 
7fed3a4b3000-7fed3a5af000 rw-p 00000000 00:00 0 
7fed3a5af000-7fed3a5b3000 ---p 00000000 00:00 0 
7fed3a5b3000-7fed3a6af000 rw-p 00000000 00:00 0 
7fed3a6af000-7fed3a6b3000 ---p 00000000 00:00 0 
7fed3a6b3000-7fed3a7af000 rw-p 00000000 00:00 0 
7fed3a7af000-7fed3a7b3000 ---p 00000000 00:00 0 
7fed3a7b3000-7fed3a8af000 rw-p 00000000 00:00 0 
7fed3a8af000-7fed3a8b0000 r--p 00000000 08:02 13776039                   /opt/liu/stm32cubeide/1.14.0/2/plugins/com.st.stm32cube.ide.jre.linux64_3.1.0.202310310920/jre/lib/libprefs.so
7fed3a8b0000-7fed3a8b1000 r-xp 00001000 08:02 13776039                   /opt/liu/stm32cubeide/1.14.0/2/plugins/com.st.stm32cube.ide.jre.linux64_3.1.0.202310310920/jre/lib/libprefs.so
7fed3a8b1000-7fed3a8b2000 r--p 00002000 08:02 13776039                   /opt/liu/stm32cubeide/1.14.0/2/plugins/com.st.stm32cube.ide.jre.linux64_3.1.0.202310310920/jre/lib/libprefs.so
7fed3a8b2000-7fed3a8b3000 r--p 00002000 08:02 13776039                   /opt/liu/stm32cubeide/1.14.0/2/plugins/com.st.stm32cube.ide.jre.linux64_3.1.0.202310310920/jre/lib/libprefs.so
7fed3a8b3000-7fed3a8b4000 rw-p 00003000 08:02 13776039                   /opt/liu/stm32cubeide/1.14.0/2/plugins/com.st.stm32cube.ide.jre.linux64_3.1.0.202310310920/jre/lib/libprefs.so
7fed3a8b4000-7fed3a8b9000 r--s 00000000 08:02 9189349                    /var/cache/fontconfig/1e29e6cc-db10-4970-a9eb-c429970517c2-le64.cache-7
7fed3a8b9000-7fed3a8bd000 r--s 00000000 08:02 9189348                    /var/cache/fontconfig/cee6366e-4fc6-4644-aa30-8d24f045f1ad-le64.cache-7
7fed3a8bd000-7fed3a8bf000 r--s 00000000 08:02 9188203                    /var/cache/fontconfig/f92d8def-cda7-41a4-b8d1-8e1b037eadd6-le64.cache-7
7fed3a8bf000-7fed3a8c6000 r--s 00000000 08:02 9189345                    /var/cache/fontconfig/b75d387e-76a5-477f-b6e6-442d1f68ffee-le64.cache-7
7fed3a8c6000-7fed3a8d1000 r--s 00000000 08:02 9181099                    /var/cache/fontconfig/c9e9d6c5-1990-4cee-bb8f-0d3b7bc09c41-le64.cache-7
7fed3a8d1000-7fed3a8d5000 r--s 00000000 08:02 9189344                    /var/cache/fontconfig/33641a74-a230-43a1-8507-95d33dc34908-le64.cache-7
7fed3a8d5000-7fed3a8e1000 r--s 00000000 08:02 9188202                    /var/cache/fontconfig/9c99ce36-628e-4a2a-b0d8-e58d62c173e0-le64.cache-7
7fed3a8e1000-7fed3a8e8000 r--s 00000000 08:02 9189342                    /var/cache/fontconfig/71ab045f-bc9a-40b2-9dbf-3a8801237eae-le64.cache-7
7fed3a8e8000-7fed3a8f0000 r--s 00000000 08:02 9189341                    /var/cache/fontconfig/4e9532f8-88ce-4840-ad62-93fcc955a191-le64.cache-7
7fed3a8f0000-7fed3a8f6000 r--s 00000000 08:02 9188201                    /var/cache/fontconfig/9c898158-4685-427c-961d-45d99e381eed-le64.cache-7
7fed3a8f6000-7fed3a8f7000 r--s 00000000 08:02 9188200                    /var/cache/fontconfig/ec6c15b6-c92e-432a-a330-5d7d30f47f55-le64.cache-7
7fed3a8f7000-7fed3a90d000 r--s 00000000 08:02 9188199                    /var/cache/fontconfig/92e033ac-d100-4e48-a597-1af38b06a403-le64.cache-7
7fed3a90d000-7fed3a915000 r--s 00000000 08:02 9188198                    /var/cache/fontconfig/664e7ebc-b8c9-4a4d-ade7-1166e17c6e8b-le64.cache-7
7fed3a915000-7fed3a916000 r--s 00000000 08:02 9188197                    /var/cache/fontconfig/7ac906a3-6e62-4204-b371-0ef9781713d3-le64.cache-7
7fed3a916000-7fed3a91e000 r--s 00000000 08:02 9188196                    /var/cache/fontconfig/215a3075-1e93-4f5a-bd67-53e686d17ca6-le64.cache-7
7fed3a91e000-7fed3a91f000 r--s 00000000 08:02 9188195                    /var/cache/fontconfig/20bfb452-6663-4e14-90d3-18859dc5138f-le64.cache-7
7fed3a91f000-7fed3a921000 r--s 00000000 08:02 9188194                    /var/cache/fontconfig/972aa6c5-36ed-45e5-b9b0-02bea0b39306-le64.cache-7
7fed3a921000-7fed3a922000 r--s 00000000 08:02 9188193                    /var/cache/fontconfig/130dc654-93c6-491e-a7a8-15e32c182116-le64.cache-7
7fed3a922000-7fed3a924000 r--s 00000000 08:02 9188332                    /var/cache/fontconfig/2068a67e-eb8b-4b42-936e-607b018eb4ab-le64.cache-7
7fed3a924000-7fed3a926000 r--s 00000000 08:02 9188192                    /var/cache/fontconfig/d4b6af7f-7a2c-4063-a887-da40c2954df6-le64.cache-7
7fed3a926000-7fed3a928000 r--s 00000000 08:02 9188191                    /var/cache/fontconfig/c180d543-8a58-46bc-b96f-2befde2aa863-le64.cache-7
7fed3a928000-7fed3a92e000 r--s 00000000 08:02 9181190                    /var/cache/fontconfig/22de3afc-de4d-4ad9-be6c-db1085894163-le64.cache-7
7fed3a92e000-7fed3ac1e000 r--s 00000000 08:02 9188710                    /var/cache/fontconfig/71121575-6a0f-4535-b2f8-0aa008dabda2-le64.cache-7
7fed3ac1e000-7fed3ac59000 r--s 00000000 08:02 9196496                    /var/cache/fontconfig/f83ca44d-3baa-4b18-9ba1-6e06f118f94f-le64.cache-7
7fed3ac59000-7fed3ac5e000 r--s 00000000 08:02 9188189                    /var/cache/fontconfig/65a2747a-3d77-4d13-a422-da3c822c98c2-le64.cache-7
7fed3ac5e000-7fed3ac63000 r--s 00000000 08:02 9189739                    /var/cache/fontconfig/161918ae-162c-4ca5-8394-ebc6f50748ab-le64.cache-7
7fed3ac63000-7fed3ac64000 r--s 00000000 08:02 9188188                    /var/cache/fontconfig/43cbced7-48b2-4f00-bf7f-e63269f89b24-le64.cache-7
7fed3ac64000-7fed3ac65000 r--s 00000000 08:02 9188187                    /var/cache/fontconfig/0c53ad80-e1bd-4d24-90fb-bccf0f469992-le64.cache-7
7fed3ac65000-7fed3ac66000 r--s 00000000 08:02 9188186                    /var/cache/fontconfig/1a1bf163-6972-4134-b96f-2e6d57b6c64c-le64.cache-7
7fed3ac66000-7fed3ac67000 r--s 00000000 08:02 9188185                    /var/cache/fontconfig/8f76f696-e3dd-445c-8ad2-6f1128e57728-le64.cache-7
7fed3ac67000-7fed3ac68000 r--s 00000000 08:02 9188184                    /var/cache/fontconfig/72097ed2-436a-4af8-878c-0dd51e412e4d-le64.cache-7
7fed3ac68000-7fed3ac69000 r--s 00000000 08:02 9188183                    /var/cache/fontconfig/cd0d51cf-5b4a-486f-b0b7-1bbef2cbc15f-le64.cache-7
7fed3ac69000-7fed3ac6a000 r--s 00000000 08:02 9188182                    /var/cache/fontconfig/ed625551-7273-4a27-b1fa-c38ef0f9ecda-le64.cache-7
7fed3ac6a000-7fed3ac6b000 r--s 00000000 08:02 9188181                    /var/cache/fontconfig/c103b3d7-56e4-4df6-a23f-6583f7fe3995-le64.cache-7
7fed3ac6b000-7fed3ac6c000 r--s 00000000 08:02 9188180                    /var/cache/fontconfig/c825202c-3df8-4316-a92c-66006ffa86d9-le64.cache-7
7fed3ac6c000-7fed3ac6d000 r--s 00000000 08:02 9188179                    /var/cache/fontconfig/0ef19718-2baa-492d-a568-c396423405d7-le64.cache-7
7fed3ac6d000-7fed3ac6e000 r--s 00000000 08:02 9188178                    /var/cache/fontconfig/29a7573c-a64f-4d24-b5a5-b9116b9ce188-le64.cache-7
7fed3ac6e000-7fed3ac6f000 r--s 00000000 08:02 9186773                    /var/cache/fontconfig/745fb7de-4328-4e87-84f7-215bf0b8c8c9-le64.cache-7
7fed3ac6f000-7fed3ac75000 r--s 00000000 08:02 9188176                    /var/cache/fontconfig/bfe99194-2194-4b6d-a6f7-3430c3c05289-le64.cache-7
7fed3ac75000-7fed3ac7c000 r--s 00000000 08:02 9181187                    /var/cache/fontconfig/619543e1-ea71-4804-8512-4898d24e227d-le64.cache-7
7fed3ac7c000-7fed3ac84000 r--s 00000000 08:02 9181979                    /var/cache/fontconfig/8f9ed5bd-f4ef-4256-86c1-59f5e02ce0a0-le64.cache-7
7fed3ac84000-7fed3ac85000 r--s 00000000 08:02 9188175                    /var/cache/fontconfig/6cdb5a90-4225-477d-9d60-a9428f529dfc-le64.cache-7
7fed3ac85000-7fed3ac86000 r--s 00000000 08:02 9188174                    /var/cache/fontconfig/558a625f-94c7-4aa1-a2a7-d244c74a4707-le64.cache-7
7fed3ac86000-7fed3ac8c000 r--s 00000000 08:02 9188173                    /var/cache/fontconfig/287ca3bb-26bc-4b1d-8085-64010a5e506e-le64.cache-7
7fed3ac8c000-7fed3ac8f000 r--s 00000000 08:02 9189338                    /var/cache/fontconfig/d53d1d72-0dae-413a-a34a-9afcbe4e7327-le64.cache-7
7fed3ac8f000-7fed3ac90000 r--s 00000000 08:02 9199759                    /var/cache/fontconfig/91599d43-39f7-4796-8af9-c9868ce6b266-le64.cache-7
7fed3ac90000-7fed3ac92000 r--s 00000000 08:02 9189337                    /var/cache/fontconfig/21f743cf-35ef-4a8e-a83b-81736f4953c8-le64.cache-7
7fed3ac92000-7fed3ac96000 r--s 00000000 08:02 9189336                    /var/cache/fontconfig/fe753c3e-5735-410c-9292-5bdf7625d1da-le64.cache-7
7fed3ac96000-7fed3ac9a000 r--s 00000000 08:02 9188709                    /var/cache/fontconfig/a3678d74-ab32-4be9-9ae7-9c48a9162c02-le64.cache-7
7fed3ac9a000-7fed3ac9c000 r--s 00000000 08:02 9188708                    /var/cache/fontconfig/8cdaa140-4e96-47d0-a608-6954ebb5a11a-le64.cache-7
7fed3ac9c000-7fed3acaf000 r--s 00000000 08:02 9188172                    /var/cache/fontconfig/4e14bce3-2ca0-4555-9acf-9ce43f9be62e-le64.cache-7
7fed3acaf000-7fed3acb5000 r--s 00000000 08:02 9188171                    /var/cache/fontconfig/2a358ba5-acc5-4c5d-9264-4313e674381b-le64.cache-7
7fed3acb5000-7fed3acb6000 r--s 00000000 08:02 9188170                    /var/cache/fontconfig/63e8e01f-f5cd-41d1-be5a-751af387d60c-le64.cache-7
7fed3acb6000-7fed3acb7000 r--s 00000000 08:02 9188169                    /var/cache/fontconfig/b1e01e0c-3a32-4ef0-9157-4b92fd5781a1-le64.cache-7
7fed3acb7000-7fed3acb8000 r--s 00000000 08:02 9188168                    /var/cache/fontconfig/066070e4-9c3d-4e58-877f-a11ee67b0090-le64.cache-7
7fed3acb8000-7fed3acb9000 r--s 00000000 08:02 9188167                    /var/cache/fontconfig/6e6e731c-2bb9-47b6-b05a-bef0da1e3e63-le64.cache-7
7fed3acb9000-7fed3acbc000 r--s 00000000 08:02 9188166                    /var/cache/fontconfig/5ec8b5d7-9fa1-476b-804d-5c74130c4b62-le64.cache-7
7fed3acbc000-7fed3acbe000 r--s 00000000 08:02 9188164                    /var/cache/fontconfig/d683932c-9c23-446a-905e-50a945edaf19-le64.cache-7
7fed3acbe000-7fed3acc1000 r--s 00000000 08:02 9188163                    /var/cache/fontconfig/b3ea68d6-e71e-4151-a811-a17fa7cd6969-le64.cache-7
7fed3acc1000-7fed3acc2000 r--s 00000000 08:02 9189333                    /var/cache/fontconfig/5289ddf0-7a99-41f9-8a16-b5275f97f551-le64.cache-7
7fed3acc2000-7fed3acc9000 r--s 00000000 08:02 9189332                    /var/cache/fontconfig/cf9c71c8-783d-4c2c-99a5-f97db788f85d-le64.cache-7
7fed3acc9000-7fed3acca000 r--s 00000000 08:02 9181175                    /var/cache/fontconfig/3648992b-f5e0-4285-ad2f-79d2f5add581-le64.cache-7
7fed3acca000-7fed3acd6000 r--s 00000000 08:02 9181093                    /var/cache/fontconfig/d86a2560-53eb-4508-9d6f-38614070548e-le64.cache-7
7fed3acd6000-7fed3acda000 r--s 00000000 08:02 9188707                    /var/cache/fontconfig/5075262c-ea6d-4c70-ae68-d22050e95584-le64.cache-7
7fed3acda000-7fed3acdf000 r--s 00000000 08:02 9189330                    /var/cache/fontconfig/30f7b833-4f3e-4d5a-9bd9-9c4eabb5f684-le64.cache-7
7fed3acdf000-7fed3ace1000 r--s 00000000 08:02 9189329                    /var/cache/fontconfig/226c7705-3fc5-41ad-b243-b63155612294-le64.cache-7
7fed3ace1000-7fed3ace3000 r--s 00000000 08:02 9189328                    /var/cache/fontconfig/9ef9043a-9d93-4bff-bdf8-823f7e476592-le64.cache-7
7fed3ace3000-7fed3ace4000 r--s 00000000 08:02 9189326                    /var/cache/fontconfig/6bb788f3-ec81-4afa-bf27-7f7346be813d-le64.cache-7
7fed3ace4000-7fed3ace7000 r--s 00000000 08:02 9189325                    /var/cache/fontconfig/50a98deb-6154-4efa-a276-c6a7984ae468-le64.cache-7
7fed3ace7000-7fed3ace9000 r--s 00000000 08:02 9189324                    /var/cache/fontconfig/52f533a7-3820-4fe7-a88f-8593dc5e0993-le64.cache-7
7fed3ace9000-7fed3aceb000 r--s 00000000 08:02 9189321                    /var/cache/fontconfig/c3519fa8-1008-475d-8a5f-fef566972747-le64.cache-7
7fed3aceb000-7fed3aced000 r--s 00000000 08:02 9189320                    /var/cache/fontconfig/407af0e9-4b3e-47fb-8b93-5c58194684f9-le64.cache-7
7fed3aced000-7fed3acef000 r--s 00000000 08:02 9189318                    /var/cache/fontconfig/1c86985d-ced1-4e62-8209-1cbce058bef4-le64.cache-7
7fed3acef000-7fed3acf7000 r--s 00000000 08:02 9189316                    /var/cache/fontconfig/3c4cd4c9-42b0-41a9-903e-656d3d9ef298-le64.cache-7
7fed3acf7000-7fed3ad08000 r--s 00000000 08:02 9189314                    /var/cache/fontconfig/b4c62bf6-7782-4224-8798-788c01405b09-le64.cache-7
7fed3ad08000-7fed3ad09000 r--s 00000000 08:02 9188162                    /var/cache/fontconfig/c8ceada7-1c4f-4eba-ad85-c7f2f77fe7c6-le64.cache-7
7fed3ad09000-7fed3ad0a000 r--s 00000000 08:02 9188161                    /var/cache/fontconfig/578d3e53-8762-4058-adf2-218ffb67085f-le64.cache-7
7fed3ad0a000-7fed3ad0b000 r--s 00000000 08:02 9188160                    /var/cache/fontconfig/0ad93add-f3be-4328-8cff-48312679085c-le64.cache-7
7fed3ad0b000-7fed3ad0c000 r--s 00000000 08:02 9188158                    /var/cache/fontconfig/be59f0cc-27c6-4c93-b3b3-7e4d0c18c1c1-le64.cache-7
7fed3ad0c000-7fed3ad0d000 r--s 00000000 08:02 9188157                    /var/cache/fontconfig/22835f0f-f39e-43aa-8ff0-8f30d5d603df-le64.cache-7
7fed3ad0d000-7fed3ad0e000 r--s 00000000 08:02 9188156                    /var/cache/fontconfig/48d65b23-5b5b-45e4-b1fb-38a0ebc1a52e-le64.cache-7
7fed3ad0e000-7fed3ad0f000 r--s 00000000 08:02 9188155                    /var/cache/fontconfig/d0d7cd6f-b714-4ecb-85cb-4807eaf7d8fc-le64.cache-7
7fed3ad0f000-7fed3ad1d000 r--s 00000000 08:02 9181086                    /var/cache/fontconfig/ab7c4358-0167-466c-b00b-6dbf1d36cf9a-le64.cache-7
7fed3ad1d000-7fed3ad33000 r--s 00000000 08:02 9189313                    /var/cache/fontconfig/2ff390fb-1b8e-49e9-a340-b9d967662e5e-le64.cache-7
7fed3ad33000-7fed3ad34000 r--s 00000000 08:02 9189310                    /var/cache/fontconfig/025e33f6-3731-4def-946c-d112c2ffbfdb-le64.cache-7
7fed3ad34000-7fed3ad37000 r--s 00000000 08:02 9189309                    /var/cache/fontconfig/4d4e6533-28bb-4812-98f2-64f3b71dd17a-le64.cache-7
7fed3ad37000-7fed3ad43000 r--s 00000000 08:02 9189308                    /var/cache/fontconfig/a4002e11-c96e-44a7-a374-cd7e886ffcde-le64.cache-7
7fed3ad43000-7fed3ad44000 r--s 00000000 08:02 9189305                    /var/cache/fontconfig/3bd6f677-372b-4909-add3-29c48947d5fb-le64.cache-7
7fed3ad44000-7fed3ad45000 r--s 00000000 08:02 9189304                    /var/cache/fontconfig/a3fa7eda-bbfd-4a2e-a94d-b69f08722231-le64.cache-7
7fed3ad45000-7fed3ad49000 r--s 00000000 08:02 9188154                    /var/cache/fontconfig/64601bb8-405e-4db8-8f7c-e8d57052a60b-le64.cache-7
7fed3ad49000-7fed3ad4a000 r--s 00000000 08:02 9189302                    /var/cache/fontconfig/7b734afc-a6fa-4d4a-be83-60c5d2e5cb3e-le64.cache-7
7fed3ad4a000-7fed3ad5a000 r--s 00000000 08:02 9188153                    /var/cache/fontconfig/e2ad6adf-a51d-4c21-a633-444e2ebfe4ae-le64.cache-7
7fed3ad5a000-7fed3ad5d000 r--s 00000000 08:02 9189300                    /var/cache/fontconfig/a9459840-d9a1-4ec2-8fcb-9bc8db278bb6-le64.cache-7
7fed3ad5d000-7fed3ad67000 r--s 00000000 08:02 9188152                    /var/cache/fontconfig/0e6a17b2-e9ac-4592-ba46-9581cedf009f-le64.cache-7
7fed3ad67000-7fed3ad6a000 r--s 00000000 08:02 9188151                    /var/cache/fontconfig/f20628bf-5288-4546-956b-9d3207a5de9f-le64.cache-7
7fed3ad6a000-7fed3ad6c000 r--s 00000000 08:02 9189298                    /var/cache/fontconfig/cb5f5b2b-400c-4547-9d46-b43f6ecb3453-le64.cache-7
7fed3ad6c000-7fed3ad6d000 r--s 00000000 08:02 9189297                    /var/cache/fontconfig/6265c469-b48b-49db-9bab-00d019b865fe-le64.cache-7
7fed3ad6d000-7fed3ad74000 r--s 00000000 08:02 9188333                    /var/cache/fontconfig/7f58649c-01d2-4c50-b1fa-4c93f21c3732-le64.cache-7
7fed3ad74000-7fed3ad78000 r--s 00000000 08:02 9189293                    /var/cache/fontconfig/0e04df03-7b19-40db-814c-e625dfeb6fed-le64.cache-7
7fed3ad78000-7fed3ad7c000 r--s 00000000 08:02 9189292                    /var/cache/fontconfig/9cccd804-fb22-451f-b459-6173799fb36c-le64.cache-7
7fed3ad7c000-7fed3ad80000 r--s 00000000 08:02 9189289                    /var/cache/fontconfig/d4dffcc8-8ed6-4a56-b5e4-8def74fa0fb2-le64.cache-7
7fed3ad80000-7fed3ad84000 r--s 00000000 08:02 9189288                    /var/cache/fontconfig/1b304e12-d55c-4518-8cb9-151ecdd2c984-le64.cache-7
7fed3ad84000-7fed3ad85000 r--s 00000000 08:02 9189284                    /var/cache/fontconfig/90469861-33ea-4b7d-b222-8ddc72b9bea5-le64.cache-7
7fed3ad85000-7fed3ad98000 r--s 00000000 08:02 9189282                    /var/cache/fontconfig/522fb6a5-d8eb-4a60-8792-1fe896e73b4b-le64.cache-7
7fed3ad98000-7fed3ad9b000 r--s 00000000 08:02 9189281                    /var/cache/fontconfig/861b9029-5d5c-4369-a51e-ea356f219bf8-le64.cache-7
7fed3ad9b000-7fed3ad9c000 r--s 00000000 08:02 9189278                    /var/cache/fontconfig/868feee2-7ee4-4da1-b30e-aa96512ac634-le64.cache-7
7fed3ad9c000-7fed3ada3000 r--s 00000000 08:02 9189277                    /var/cache/fontconfig/8097f7df-ad3b-4343-b20d-dd1fd78c4756-le64.cache-7
7fed3ada3000-7fed3ada4000 r--s 00000000 08:02 9189276                    /var/cache/fontconfig/d2f24d67-1986-4e58-b063-deed9a17992d-le64.cache-7
7fed3ada4000-7fed3ada6000 r--s 00000000 08:02 9189273                    /var/cache/fontconfig/1999f524-961f-44d3-9180-1ecab2128e6c-le64.cache-7
7fed3ada6000-7fed3ada7000 r--s 00000000 08:02 9189272                    /var/cache/fontconfig/d31c349f-fee2-46e0-b955-817530b11a7c-le64.cache-7
7fed3ada7000-7fed3adaa000 r--s 00000000 08:02 9188150                    /var/cache/fontconfig/3d54dd14-4b8e-4719-9bb7-479a2ac0e77d-le64.cache-7
7fed3adaa000-7fed3adae000 r--s 00000000 08:02 9188149                    /var/cache/fontconfig/fb617e49-aed3-4e2e-a646-33ab563a78b5-le64.cache-7
7fed3adae000-7fed3adb0000 r--s 00000000 08:02 9188932                    /var/cache/fontconfig/d334a253-b257-4496-8478-e4f8ca3cbc69-le64.cache-7
7fed3adb0000-7fed3adc9000 r--s 00000000 08:02 9181980                    /var/cache/fontconfig/aecb3a44-3057-4a35-aa58-6cc37ffe3c8d-le64.cache-7
7fed3adc9000-7fed3adce000 r--s 00000000 08:02 9196271                    /var/cache/fontconfig/38ab238d-3f78-46f8-b290-f069945c2cc8-le64.cache-7
7fed3adce000-7fed3adf0000 r--s 00000000 08:02 9188930                    /var/cache/fontconfig/bdec3788-8046-44fc-8731-cd192a34cc44-le64.cache-7
7fed3adf0000-7fed3adf1000 ---p 00000000 00:00 0 
7fed3adf1000-7fed3b5f1000 rw-p 00000000 00:00 0 
7fed3b5f2000-7fed3b5ff000 r--p 00000000 08:02 10253276                   /usr/share/icons/Adwaita/icon-theme.cache
7fed3b5ff000-7fed3b60c000 r--p 00000000 08:02 10253276                   /usr/share/icons/Adwaita/icon-theme.cache
7fed3b60c000-7fed3b6b9000 r--p 00000000 08:02 10231635                   /usr/share/fonts/truetype/dejavu/DejaVuSans-Bold.ttf
7fed3b6b9000-7fed3b6ba000 ---p 00000000 00:00 0 
7fed3b6ba000-7fed3b6bb000 rw-p 00000000 00:00 0 
7fed3b6bb000-7fed3b6bf000 ---p 00000000 00:00 0 
7fed3b6bf000-7fed3beba000 rw-p 00000000 00:00 0 
7fed3bec3000-7fed3bed3000 rw-s 00000000 00:1c 46707                      /dev/shm/BC1-Main-42339-1429086_rb
7fed3bed3000-7fed3bed5000 r--p 00000000 08:02 13776022                   /opt/liu/stm32cubeide/1.14.0/2/plugins/com.st.stm32cube.ide.jre.linux64_3.1.0.202310310920/jre/lib/libjavajpeg.so
7fed3bed5000-7fed3bf02000 r-xp 00002000 08:02 13776022                   /opt/liu/stm32cubeide/1.14.0/2/plugins/com.st.stm32cube.ide.jre.linux64_3.1.0.202310310920/jre/lib/libjavajpeg.so
7fed3bf02000-7fed3bf09000 r--p 0002f000 08:02 13776022                   /opt/liu/stm32cubeide/1.14.0/2/plugins/com.st.stm32cube.ide.jre.linux64_3.1.0.202310310920/jre/lib/libjavajpeg.so
7fed3bf09000-7fed3bf0a000 r--p 00035000 08:02 13776022                   /opt/liu/stm32cubeide/1.14.0/2/plugins/com.st.stm32cube.ide.jre.linux64_3.1.0.202310310920/jre/lib/libjavajpeg.so
7fed3bf0a000-7fed3bf0b000 rw-p 00036000 08:02 13776022                   /opt/liu/stm32cubeide/1.14.0/2/plugins/com.st.stm32cube.ide.jre.linux64_3.1.0.202310310920/jre/lib/libjavajpeg.so
7fed3bf0b000-7fed3bf0c000 r--p 00000000 08:02 13776043                   /opt/liu/stm32cubeide/1.14.0/2/plugins/com.st.stm32cube.ide.jre.linux64_3.1.0.202310310920/jre/lib/librmi.so
7fed3bf0c000-7fed3bf0d000 r-xp 00001000 08:02 13776043                   /opt/liu/stm32cubeide/1.14.0/2/plugins/com.st.stm32cube.ide.jre.linux64_3.1.0.202310310920/jre/lib/librmi.so
7fed3bf0d000-7fed3bf0e000 r--p 00002000 08:02 13776043                   /opt/liu/stm32cubeide/1.14.0/2/plugins/com.st.stm32cube.ide.jre.linux64_3.1.0.202310310920/jre/lib/librmi.so
7fed3bf0e000-7fed3bf0f000 r--p 00002000 08:02 13776043                   /opt/liu/stm32cubeide/1.14.0/2/plugins/com.st.stm32cube.ide.jre.linux64_3.1.0.202310310920/jre/lib/librmi.so
7fed3bf0f000-7fed3bf10000 rw-p 00003000 08:02 13776043                   /opt/liu/stm32cubeide/1.14.0/2/plugins/com.st.stm32cube.ide.jre.linux64_3.1.0.202310310920/jre/lib/librmi.so
7fed3bf10000-7fed3bf11000 r--s 00000000 08:02 9189270                    /var/cache/fontconfig/064b3064-b8c9-455c-a608-133890a4262a-le64.cache-7
7fed3bf11000-7fed3bf16000 r--s 00000000 08:02 9189265                    /var/cache/fontconfig/a6bbee38-2653-4f2b-97ee-0a887c089dd2-le64.cache-7
7fed3bf16000-7fed3bf19000 r--s 00000000 08:02 9189262                    /var/cache/fontconfig/30b84818-50e9-4580-bec1-540d6e51665b-le64.cache-7
7fed3bf19000-7fed3bf27000 r--s 00000000 08:02 9189260                    /var/cache/fontconfig/3754df0e-b9b4-4dc2-96c1-adda1dd1a1a7-le64.cache-7
7fed3bf27000-7fed3bf28000 r--p 00000000 08:02 10224860                   /usr/lib/x86_64-linux-gnu/gdk-pixbuf-2.0/2.10.0/loaders/libpixbufloader-bmp.so
7fed3bf28000-7fed3bf2b000 r-xp 00001000 08:02 10224860                   /usr/lib/x86_64-linux-gnu/gdk-pixbuf-2.0/2.10.0/loaders/libpixbufloader-bmp.so
7fed3bf2b000-7fed3bf2c000 r--p 00004000 08:02 10224860                   /usr/lib/x86_64-linux-gnu/gdk-pixbuf-2.0/2.10.0/loaders/libpixbufloader-bmp.so
7fed3bf2c000-7fed3bf2d000 r--p 00004000 08:02 10224860                   /usr/lib/x86_64-linux-gnu/gdk-pixbuf-2.0/2.10.0/loaders/libpixbufloader-bmp.so
7fed3bf2d000-7fed3bf2e000 rw-p 00005000 08:02 10224860                   /usr/lib/x86_64-linux-gnu/gdk-pixbuf-2.0/2.10.0/loaders/libpixbufloader-bmp.so
7fed3bf2e000-7fed3bf55000 r--s 00000000 08:02 9987832                    /usr/share/mime/mime.cache
7fed3bf55000-7fed3bf7c000 r--s 00000000 08:02 9987832                    /usr/share/mime/mime.cache
7fed3bf7c000-7fed3bfbd000 rw-p 00000000 00:00 0 
7fed3bfbd000-7fed3bfcf000 r--p 00000000 08:02 10487077                   /usr/lib/x86_64-linux-gnu/gvfs/libgvfscommon.so
7fed3bfcf000-7fed3bfeb000 r-xp 00012000 08:02 10487077                   /usr/lib/x86_64-linux-gnu/gvfs/libgvfscommon.so
7fed3bfeb000-7fed3bff8000 r--p 0002e000 08:02 10487077                   /usr/lib/x86_64-linux-gnu/gvfs/libgvfscommon.so
7fed3bff8000-7fed3bff9000 ---p 0003b000 08:02 10487077                   /usr/lib/x86_64-linux-gnu/gvfs/libgvfscommon.so
7fed3bff9000-7fed3bfff000 r--p 0003b000 08:02 10487077                   /usr/lib/x86_64-linux-gnu/gvfs/libgvfscommon.so
7fed3bfff000-7fed3c000000 rw-p 00041000 08:02 10487077                   /usr/lib/x86_64-linux-gnu/gvfs/libgvfscommon.so
7fed3c000000-7fed3c021000 rw-p 00000000 00:00 0 
7fed3c021000-7fed40000000 ---p 00000000 00:00 0 
7fed40000000-7fed40021000 rw-p 00000000 00:00 0 
7fed40021000-7fed44000000 ---p 00000000 00:00 0 
7fed44000000-7fed442d2000 rw-p 00000000 00:00 0 
7fed442d2000-7fed48000000 ---p 00000000 00:00 0 
7fed48000000-7fed49371000 rw-p 00000000 00:00 0 
7fed49371000-7fed4c000000 ---p 00000000 00:00 0 
7fed4c000000-7fed4c021000 rw-p 00000000 00:00 0 
7fed4c021000-7fed50000000 ---p 00000000 00:00 0 
7fed50000000-7fed50f45000 rw-p 00000000 00:00 0 
7fed50f45000-7fed54000000 ---p 00000000 00:00 0 
7fed54000000-7fed54021000 rw-p 00000000 00:00 0 
7fed54021000-7fed58000000 ---p 00000000 00:00 0 
7fed58000000-7fed58021000 rw-p 00000000 00:00 0 
7fed58021000-7fed5c000000 ---p 00000000 00:00 0 
7fed5c000000-7fed5c231000 rw-p 00000000 00:00 0 
7fed5c231000-7fed60000000 ---p 00000000 00:00 0 
7fed60000000-7fed60e35000 rw-p 00000000 00:00 0 
7fed60e35000-7fed64000000 ---p 00000000 00:00 0 
7fed64000000-7fed64b0c000 rw-p 00000000 00:00 0 
7fed64b0c000-7fed68000000 ---p 00000000 00:00 0 
7fed68000000-7fed68001000 r--s 00000000 08:02 9189268                    /var/cache/fontconfig/839ce26c-72ca-4dcd-889c-ea19e8d2b989-le64.cache-7
7fed68001000-7fed6800b000 r--p 00000000 08:02 9979620                    /usr/lib/x86_64-linux-gnu/gio/modules/libgvfsdbus.so
7fed6800b000-7fed68029000 r-xp 0000a000 08:02 9979620                    /usr/lib/x86_64-linux-gnu/gio/modules/libgvfsdbus.so
7fed68029000-7fed68033000 r--p 00028000 08:02 9979620                    /usr/lib/x86_64-linux-gnu/gio/modules/libgvfsdbus.so
7fed68033000-7fed68035000 r--p 00031000 08:02 9979620                    /usr/lib/x86_64-linux-gnu/gio/modules/libgvfsdbus.so
7fed68035000-7fed68036000 rw-p 00033000 08:02 9979620                    /usr/lib/x86_64-linux-gnu/gio/modules/libgvfsdbus.so
7fed68094000-7fed68095000 ---p 00000000 00:00 0 
7fed68095000-7fed68895000 rw-p 00000000 00:00 0 
7fed68895000-7fed68896000 ---p 00000000 00:00 0 
7fed68896000-7fed69096000 rw-p 00000000 00:00 0 
7fed69096000-7fed69097000 ---p 00000000 00:00 0 
7fed69097000-7fed69897000 rw-p 00000000 00:00 0 
7fed69897000-7fed6989b000 r--p 00000000 08:02 9965920                    /usr/lib/x86_64-linux-gnu/gio/modules/libdconfsettings.so
7fed6989b000-7fed698a2000 r-xp 00004000 08:02 9965920                    /usr/lib/x86_64-linux-gnu/gio/modules/libdconfsettings.so
7fed698a2000-7fed698a5000 r--p 0000b000 08:02 9965920                    /usr/lib/x86_64-linux-gnu/gio/modules/libdconfsettings.so
7fed698a5000-7fed698a6000 r--p 0000d000 08:02 9965920                    /usr/lib/x86_64-linux-gnu/gio/modules/libdconfsettings.so
7fed698a6000-7fed698a7000 rw-p 0000e000 08:02 9965920                    /usr/lib/x86_64-linux-gnu/gio/modules/libdconfsettings.so
7fed698a7000-7fed698ef000 r--p 00000000 08:02 9961564                    /usr/share/glib-2.0/schemas/gschemas.compiled
7fed698ef000-7fed69937000 r--p 00000000 08:02 9961564                    /usr/share/glib-2.0/schemas/gschemas.compiled
7fed69937000-7fed6993b000 r--p 00000000 08:02 9972634                    /usr/lib/x86_64-linux-gnu/libgpg-error.so.0.32.1
7fed6993b000-7fed69951000 r-xp 00004000 08:02 9972634                    /usr/lib/x86_64-linux-gnu/libgpg-error.so.0.32.1
7fed69951000-7fed6995b000 r--p 0001a000 08:02 9972634                    /usr/lib/x86_64-linux-gnu/libgpg-error.so.0.32.1
7fed6995b000-7fed6995c000 r--p 00023000 08:02 9972634                    /usr/lib/x86_64-linux-gnu/libgpg-error.so.0.32.1
7fed6995c000-7fed6995d000 rw-p 00024000 08:02 9972634                    /usr/lib/x86_64-linux-gnu/libgpg-error.so.0.32.1
7fed6995d000-7fed6996c000 r--p 00000000 08:02 9972624                    /usr/lib/x86_64-linux-gnu/libgcrypt.so.20.3.4
7fed6996c000-7fed69a52000 r-xp 0000f000 08:02 9972624                    /usr/lib/x86_64-linux-gnu/libgcrypt.so.20.3.4
7fed69a52000-7fed69a90000 r--p 000f5000 08:02 9972624                    /usr/lib/x86_64-linux-gnu/libgcrypt.so.20.3.4
7fed69a90000-7fed69a91000 ---p 00133000 08:02 9972624                    /usr/lib/x86_64-linux-gnu/libgcrypt.so.20.3.4
7fed69a91000-7fed69a94000 r--p 00133000 08:02 9972624                    /usr/lib/x86_64-linux-gnu/libgcrypt.so.20.3.4
7fed69a94000-7fed69a9a000 rw-p 00136000 08:02 9972624                    /usr/lib/x86_64-linux-gnu/libgcrypt.so.20.3.4
7fed69a9a000-7fed69a9b000 rw-p 00000000 00:00 0 
7fed69a9b000-7fed69a9e000 r--p 00000000 08:02 9962311                    /usr/lib/x86_64-linux-gnu/libcap.so.2.44
7fed69a9e000-7fed69aa2000 r-xp 00003000 08:02 9962311                    /usr/lib/x86_64-linux-gnu/libcap.so.2.44
7fed69aa2000-7fed69aa4000 r--p 00007000 08:02 9962311                    /usr/lib/x86_64-linux-gnu/libcap.so.2.44
7fed69aa4000-7fed69aa5000 r--p 00008000 08:02 9962311                    /usr/lib/x86_64-linux-gnu/libcap.so.2.44
7fed69aa5000-7fed69aa6000 rw-p 00009000 08:02 9962311                    /usr/lib/x86_64-linux-gnu/libcap.so.2.44
7fed69aa6000-7fed69aa8000 r--p 00000000 08:02 9972681                    /usr/lib/x86_64-linux-gnu/liblz4.so.1.9.3
7fed69aa8000-7fed69ac1000 r-xp 00002000 08:02 9972681                    /usr/lib/x86_64-linux-gnu/liblz4.so.1.9.3
7fed69ac1000-7fed69ac3000 r--p 0001b000 08:02 9972681                    /usr/lib/x86_64-linux-gnu/liblz4.so.1.9.3
7fed69ac3000-7fed69ac4000 ---p 0001d000 08:02 9972681                    /usr/lib/x86_64-linux-gnu/liblz4.so.1.9.3
7fed69ac4000-7fed69ac5000 r--p 0001d000 08:02 9972681                    /usr/lib/x86_64-linux-gnu/liblz4.so.1.9.3
7fed69ac5000-7fed69ac6000 rw-p 0001e000 08:02 9972681                    /usr/lib/x86_64-linux-gnu/liblz4.so.1.9.3
7fed69ac6000-7fed69ad0000 r--p 00000000 08:02 9972832                    /usr/lib/x86_64-linux-gnu/libzstd.so.1.4.8
7fed69ad0000-7fed69b82000 r-xp 0000a000 08:02 9972832                    /usr/lib/x86_64-linux-gnu/libzstd.so.1.4.8
7fed69b82000-7fed69b93000 r--p 000bc000 08:02 9972832                    /usr/lib/x86_64-linux-gnu/libzstd.so.1.4.8
7fed69b93000-7fed69b94000 r--p 000cc000 08:02 9972832                    /usr/lib/x86_64-linux-gnu/libzstd.so.1.4.8
7fed69b94000-7fed69b95000 rw-p 000cd000 08:02 9972832                    /usr/lib/x86_64-linux-gnu/libzstd.so.1.4.8
7fed69b95000-7fed69b98000 r--p 00000000 08:02 9972682                    /usr/lib/x86_64-linux-gnu/liblzma.so.5.2.5
7fed69b98000-7fed69bb3000 r-xp 00003000 08:02 9972682                    /usr/lib/x86_64-linux-gnu/liblzma.so.5.2.5
7fed69bb3000-7fed69bbe000 r--p 0001e000 08:02 9972682                    /usr/lib/x86_64-linux-gnu/liblzma.so.5.2.5
7fed69bbe000-7fed69bbf000 r--p 00028000 08:02 9972682                    /usr/lib/x86_64-linux-gnu/liblzma.so.5.2.5
7fed69bbf000-7fed69bc0000 rw-p 00029000 08:02 9972682                    /usr/lib/x86_64-linux-gnu/liblzma.so.5.2.5
7fed69bc0000-7fed69bd3000 r--p 00000000 08:02 9963281                    /usr/lib/x86_64-linux-gnu/libsystemd.so.0.32.0
7fed69bd3000-7fed69c52000 r-xp 00013000 08:02 9963281                    /usr/lib/x86_64-linux-gnu/libsystemd.so.0.32.0
7fed69c52000-7fed69c7d000 r--p 00092000 08:02 9963281                    /usr/lib/x86_64-linux-gnu/libsystemd.so.0.32.0
7fed69c7d000-7fed69c7e000 ---p 000bd000 08:02 9963281                    /usr/lib/x86_64-linux-gnu/libsystemd.so.0.32.0
7fed69c7e000-7fed69c85000 r--p 000bd000 08:02 9963281                    /usr/lib/x86_64-linux-gnu/libsystemd.so.0.32.0
7fed69c85000-7fed69c86000 rw-p 000c4000 08:02 9963281                    /usr/lib/x86_64-linux-gnu/libsystemd.so.0.32.0
7fed69c86000-7fed69c87000 rw-p 00000000 00:00 0 
7fed69c87000-7fed69c96000 r--p 00000000 08:02 9984641                    /usr/lib/x86_64-linux-gnu/libatspi.so.0.0.1
7fed69c96000-7fed69caf000 r-xp 0000f000 08:02 9984641                    /usr/lib/x86_64-linux-gnu/libatspi.so.0.0.1
7fed69caf000-7fed69cbd000 r--p 00028000 08:02 9984641                    /usr/lib/x86_64-linux-gnu/libatspi.so.0.0.1
7fed69cbd000-7fed69cc0000 r--p 00035000 08:02 9984641                    /usr/lib/x86_64-linux-gnu/libatspi.so.0.0.1
7fed69cc0000-7fed69cc1000 rw-p 00038000 08:02 9984641                    /usr/lib/x86_64-linux-gnu/libatspi.so.0.0.1
7fed69cc1000-7fed69ccc000 r--p 00000000 08:02 9972588                    /usr/lib/x86_64-linux-gnu/libdbus-1.so.3.19.13
7fed69ccc000-7fed69cfa000 r-xp 0000b000 08:02 9972588                    /usr/lib/x86_64-linux-gnu/libdbus-1.so.3.19.13
7fed69cfa000-7fed69d0c000 r--p 00039000 08:02 9972588                    /usr/lib/x86_64-linux-gnu/libdbus-1.so.3.19.13
7fed69d0c000-7fed69d0d000 ---p 0004b000 08:02 9972588                    /usr/lib/x86_64-linux-gnu/libdbus-1.so.3.19.13
7fed69d0d000-7fed69d0e000 r--p 0004b000 08:02 9972588                    /usr/lib/x86_64-linux-gnu/libdbus-1.so.3.19.13
7fed69d0e000-7fed69d0f000 rw-p 0004c000 08:02 9972588                    /usr/lib/x86_64-linux-gnu/libdbus-1.so.3.19.13
7fed69d0f000-7fed69d1b000 r--p 00000000 08:02 9984863                    /usr/lib/x86_64-linux-gnu/libatk-bridge-2.0.so.0.0.0
7fed69d1b000-7fed69d34000 r-xp 0000c000 08:02 9984863                    /usr/lib/x86_64-linux-gnu/libatk-bridge-2.0.so.0.0.0
7fed69d34000-7fed69d43000 r--p 00025000 08:02 9984863                    /usr/lib/x86_64-linux-gnu/libatk-bridge-2.0.so.0.0.0
7fed69d43000-7fed69d44000 ---p 00034000 08:02 9984863                    /usr/lib/x86_64-linux-gnu/libatk-bridge-2.0.so.0.0.0
7fed69d44000-7fed69d45000 r--p 00034000 08:02 9984863                    /usr/lib/x86_64-linux-gnu/libatk-bridge-2.0.so.0.0.0
7fed69d45000-7fed69d47000 rw-p 00035000 08:02 9984863                    /usr/lib/x86_64-linux-gnu/libatk-bridge-2.0.so.0.0.0
7fed69d47000-7fed69d52000 r--p 00000000 08:02 9984859                    /usr/lib/x86_64-linux-gnu/libatk-1.0.so.0.23609.1
7fed69d52000-7fed69d61000 r-xp 0000b000 08:02 9984859                    /usr/lib/x86_64-linux-gnu/libatk-1.0.so.0.23609.1
7fed69d61000-7fed69d6d000 r--p 0001a000 08:02 9984859                    /usr/lib/x86_64-linux-gnu/libatk-1.0.so.0.23609.1
7fed69d6d000-7fed69d70000 r--p 00025000 08:02 9984859                    /usr/lib/x86_64-linux-gnu/libatk-1.0.so.0.23609.1
7fed69d70000-7fed69d71000 rw-p 00028000 08:02 9984859                    /usr/lib/x86_64-linux-gnu/libatk-1.0.so.0.23609.1
7fed69d71000-7fed69df5000 r--p 00000000 08:02 9989718                    /usr/lib/x86_64-linux-gnu/libgtk-3.so.0.2404.29
7fed69df5000-7fed6a178000 r-xp 00084000 08:02 9989718                    /usr/lib/x86_64-linux-gnu/libgtk-3.so.0.2404.29
7fed6a178000-7fed6a583000 r--p 00407000 08:02 9989718                    /usr/lib/x86_64-linux-gnu/libgtk-3.so.0.2404.29
7fed6a583000-7fed6a593000 r--p 00811000 08:02 9989718                    /usr/lib/x86_64-linux-gnu/libgtk-3.so.0.2404.29
7fed6a593000-7fed6a595000 rw-p 00821000 08:02 9989718                    /usr/lib/x86_64-linux-gnu/libgtk-3.so.0.2404.29
7fed6a595000-7fed6a59a000 rw-p 00000000 00:00 0 
7fed6a59a000-7fed6a59c000 r--p 00000000 08:02 9972688                    /usr/lib/x86_64-linux-gnu/libmd.so.0.0.5
7fed6a59c000-7fed6a5a3000 r-xp 00002000 08:02 9972688                    /usr/lib/x86_64-linux-gnu/libmd.so.0.0.5
7fed6a5a3000-7fed6a5a5000 r--p 00009000 08:02 9972688                    /usr/lib/x86_64-linux-gnu/libmd.so.0.0.5
7fed6a5a5000-7fed6a5a6000 r--p 0000a000 08:02 9972688                    /usr/lib/x86_64-linux-gnu/libmd.so.0.0.5
7fed6a5a6000-7fed6a5a7000 rw-p 0000b000 08:02 9972688                    /usr/lib/x86_64-linux-gnu/libmd.so.0.0.5
7fed6a5a7000-7fed6a5ab000 r--p 00000000 08:02 9972572                    /usr/lib/x86_64-linux-gnu/libbsd.so.0.11.5
7fed6a5ab000-7fed6a5b8000 r-xp 00004000 08:02 9972572                    /usr/lib/x86_64-linux-gnu/libbsd.so.0.11.5
7fed6a5b8000-7fed6a5bb000 r--p 00011000 08:02 9972572                    /usr/lib/x86_64-linux-gnu/libbsd.so.0.11.5
7fed6a5bb000-7fed6a5bc000 ---p 00014000 08:02 9972572                    /usr/lib/x86_64-linux-gnu/libbsd.so.0.11.5
7fed6a5bc000-7fed6a5bd000 r--p 00014000 08:02 9972572                    /usr/lib/x86_64-linux-gnu/libbsd.so.0.11.5
7fed6a5bd000-7fed6a5be000 rw-p 00015000 08:02 9972572                    /usr/lib/x86_64-linux-gnu/libbsd.so.0.11.5
7fed6a5be000-7fed6a5bf000 rw-p 00000000 00:00 0 
7fed6a5bf000-7fed6a5c0000 r--p 00000000 08:02 9972569                    /usr/lib/x86_64-linux-gnu/libbrotlicommon.so.1.0.9
7fed6a5c0000-7fed6a5c1000 r-xp 00001000 08:02 9972569                    /usr/lib/x86_64-linux-gnu/libbrotlicommon.so.1.0.9
7fed6a5c1000-7fed6a5e0000 r--p 00002000 08:02 9972569                    /usr/lib/x86_64-linux-gnu/libbrotlicommon.so.1.0.9
7fed6a5e0000-7fed6a5e1000 r--p 00020000 08:02 9972569                    /usr/lib/x86_64-linux-gnu/libbrotlicommon.so.1.0.9
7fed6a5e1000-7fed6a5e2000 rw-p 00021000 08:02 9972569                    /usr/lib/x86_64-linux-gnu/libbrotlicommon.so.1.0.9
7fed6a5e2000-7fed6a5e4000 r--p 00000000 08:02 9972540                    /usr/lib/x86_64-linux-gnu/libXdmcp.so.6.0.0
7fed6a5e4000-7fed6a5e6000 r-xp 00002000 08:02 9972540                    /usr/lib/x86_64-linux-gnu/libXdmcp.so.6.0.0
7fed6a5e6000-7fed6a5e8000 r--p 00004000 08:02 9972540                    /usr/lib/x86_64-linux-gnu/libXdmcp.so.6.0.0
7fed6a5e8000-7fed6a5e9000 r--p 00005000 08:02 9972540                    /usr/lib/x86_64-linux-gnu/libXdmcp.so.6.0.0
7fed6a5e9000-7fed6a5ea000 rw-p 00006000 08:02 9972540                    /usr/lib/x86_64-linux-gnu/libXdmcp.so.6.0.0
7fed6a5ea000-7fed6a5eb000 r--p 00000000 08:02 9972539                    /usr/lib/x86_64-linux-gnu/libXau.so.6.0.0
7fed6a5eb000-7fed6a5ed000 r-xp 00001000 08:02 9972539                    /usr/lib/x86_64-linux-gnu/libXau.so.6.0.0
7fed6a5ed000-7fed6a5ee000 r--p 00003000 08:02 9972539                    /usr/lib/x86_64-linux-gnu/libXau.so.6.0.0
7fed6a5ee000-7fed6a5ef000 r--p 00003000 08:02 9972539                    /usr/lib/x86_64-linux-gnu/libXau.so.6.0.0
7fed6a5ef000-7fed6a5f0000 rw-p 00004000 08:02 9972539                    /usr/lib/x86_64-linux-gnu/libXau.so.6.0.0
7fed6a5f0000-7fed6a5f1000 r--p 00000000 08:02 9972570                    /usr/lib/x86_64-linux-gnu/libbrotlidec.so.1.0.9
7fed6a5f1000-7fed6a5f9000 r-xp 00001000 08:02 9972570                    /usr/lib/x86_64-linux-gnu/libbrotlidec.so.1.0.9
7fed6a5f9000-7fed6a5fc000 r--p 00009000 08:02 9972570                    /usr/lib/x86_64-linux-gnu/libbrotlidec.so.1.0.9
7fed6a5fc000-7fed6a5fd000 r--p 0000b000 08:02 9972570                    /usr/lib/x86_64-linux-gnu/libbrotlidec.so.1.0.9
7fed6a5fd000-7fed6a5fe000 rw-p 0000c000 08:02 9972570                    /usr/lib/x86_64-linux-gnu/libbrotlidec.so.1.0.9
7fed6a5fe000-7fed6a600000 r--p 00000000 08:02 9972741                    /usr/lib/x86_64-linux-gnu/libpcre2-8.so.0.10.4
7fed6a600000-7fed6a66b000 r-xp 00002000 08:02 9972741                    /usr/lib/x86_64-linux-gnu/libpcre2-8.so.0.10.4
7fed6a66b000-7fed6a693000 r--p 0006d000 08:02 9972741                    /usr/lib/x86_64-linux-gnu/libpcre2-8.so.0.10.4
7fed6a693000-7fed6a694000 r--p 00094000 08:02 9972741                    /usr/lib/x86_64-linux-gnu/libpcre2-8.so.0.10.4
7fed6a694000-7fed6a695000 rw-p 00095000 08:02 9972741                    /usr/lib/x86_64-linux-gnu/libpcre2-8.so.0.10.4
7fed6a695000-7fed6a69c000 r--p 00000000 08:02 9967920                    /usr/lib/x86_64-linux-gnu/libblkid.so.1.1.0
7fed6a69c000-7fed6a6bc000 r-xp 00007000 08:02 9967920                    /usr/lib/x86_64-linux-gnu/libblkid.so.1.1.0
7fed6a6bc000-7fed6a6c5000 r--p 00027000 08:02 9967920                    /usr/lib/x86_64-linux-gnu/libblkid.so.1.1.0
7fed6a6c5000-7fed6a6c6000 ---p 00030000 08:02 9967920                    /usr/lib/x86_64-linux-gnu/libblkid.so.1.1.0
7fed6a6c6000-7fed6a6cb000 r--p 00030000 08:02 9967920                    /usr/lib/x86_64-linux-gnu/libblkid.so.1.1.0
7fed6a6cb000-7fed6a6cc000 rw-p 00035000 08:02 9967920                    /usr/lib/x86_64-linux-gnu/libblkid.so.1.1.0
7fed6a6cc000-7fed6a6ce000 r--p 00000000 08:02 9989368                    /usr/lib/x86_64-linux-gnu/libdatrie.so.1.4.0
7fed6a6ce000-7fed6a6d2000 r-xp 00002000 08:02 9989368                    /usr/lib/x86_64-linux-gnu/libdatrie.so.1.4.0
7fed6a6d2000-7fed6a6d3000 r--p 00006000 08:02 9989368                    /usr/lib/x86_64-linux-gnu/libdatrie.so.1.4.0
7fed6a6d3000-7fed6a6d4000 r--p 00007000 08:02 9989368                    /usr/lib/x86_64-linux-gnu/libdatrie.so.1.4.0
7fed6a6d4000-7fed6a6d5000 rw-p 00008000 08:02 9989368                    /usr/lib/x86_64-linux-gnu/libdatrie.so.1.4.0
7fed6a6d5000-7fed6a6d8000 r--p 00000000 08:02 9984844                    /usr/lib/x86_64-linux-gnu/libgraphite2.so.3.2.1
7fed6a6d8000-7fed6a6f5000 r-xp 00003000 08:02 9984844                    /usr/lib/x86_64-linux-gnu/libgraphite2.so.3.2.1
7fed6a6f5000-7fed6a6f9000 r--p 00020000 08:02 9984844                    /usr/lib/x86_64-linux-gnu/libgraphite2.so.3.2.1
7fed6a6f9000-7fed6a6fb000 r--p 00023000 08:02 9984844                    /usr/lib/x86_64-linux-gnu/libgraphite2.so.3.2.1
7fed6a6fb000-7fed6a6fc000 rw-p 00025000 08:02 9984844                    /usr/lib/x86_64-linux-gnu/libgraphite2.so.3.2.1
7fed6a6fc000-7fed6a701000 r--p 00000000 08:02 9989349                    /usr/lib/x86_64-linux-gnu/libxcb-render.so.0.0.0
7fed6a701000-7fed6a706000 r-xp 00005000 08:02 9989349                    /usr/lib/x86_64-linux-gnu/libxcb-render.so.0.0.0
7fed6a706000-7fed6a708000 r--p 0000a000 08:02 9989349                    /usr/lib/x86_64-linux-gnu/libxcb-render.so.0.0.0
7fed6a708000-7fed6a709000 ---p 0000c000 08:02 9989349                    /usr/lib/x86_64-linux-gnu/libxcb-render.so.0.0.0
7fed6a709000-7fed6a70a000 r--p 0000c000 08:02 9989349                    /usr/lib/x86_64-linux-gnu/libxcb-render.so.0.0.0
7fed6a70a000-7fed6a70b000 rw-p 0000d000 08:02 9989349                    /usr/lib/x86_64-linux-gnu/libxcb-render.so.0.0.0
7fed6a70b000-7fed6a70c000 r--p 00000000 08:02 9985083                    /usr/lib/x86_64-linux-gnu/libxcb-shm.so.0.0.0
7fed6a70c000-7fed6a70d000 r-xp 00001000 08:02 9985083                    /usr/lib/x86_64-linux-gnu/libxcb-shm.so.0.0.0
7fed6a70d000-7fed6a70e000 r--p 00002000 08:02 9985083                    /usr/lib/x86_64-linux-gnu/libxcb-shm.so.0.0.0
7fed6a70e000-7fed6a70f000 r--p 00002000 08:02 9985083                    /usr/lib/x86_64-linux-gnu/libxcb-shm.so.0.0.0
7fed6a70f000-7fed6a710000 rw-p 00003000 08:02 9985083                    /usr/lib/x86_64-linux-gnu/libxcb-shm.so.0.0.0
7fed6a710000-7fed6a71a000 r--p 00000000 08:02 9989346                    /usr/lib/x86_64-linux-gnu/libpixman-1.so.0.40.0
7fed6a71a000-7fed6a7a0000 r-xp 0000a000 08:02 9989346                    /usr/lib/x86_64-linux-gnu/libpixman-1.so.0.40.0
7fed6a7a0000-7fed6a7b2000 r--p 00090000 08:02 9989346                    /usr/lib/x86_64-linux-gnu/libpixman-1.so.0.40.0
7fed6a7b2000-7fed6a7ba000 r--p 000a1000 08:02 9989346                    /usr/lib/x86_64-linux-gnu/libpixman-1.so.0.40.0
7fed6a7ba000-7fed6a7bb000 rw-p 000a9000 08:02 9989346                    /usr/lib/x86_64-linux-gnu/libpixman-1.so.0.40.0
7fed6a7bb000-7fed6a7c6000 r--p 00000000 08:02 9972822                    /usr/lib/x86_64-linux-gnu/libxcb.so.1.1.0
7fed6a7c6000-7fed6a7da000 r-xp 0000b000 08:02 9972822                    /usr/lib/x86_64-linux-gnu/libxcb.so.1.1.0
7fed6a7da000-7fed6a7e3000 r--p 0001f000 08:02 9972822                    /usr/lib/x86_64-linux-gnu/libxcb.so.1.1.0
7fed6a7e3000-7fed6a7e4000 r--p 00027000 08:02 9972822                    /usr/lib/x86_64-linux-gnu/libxcb.so.1.1.0
7fed6a7e4000-7fed6a7e5000 rw-p 00028000 08:02 9972822                    /usr/lib/x86_64-linux-gnu/libxcb.so.1.1.0
7fed6a7e5000-7fed6a7e7000 r--p 00000000 08:02 9985259                    /usr/lib/x86_64-linux-gnu/libXrender.so.1.3.0
7fed6a7e7000-7fed6a7ee000 r-xp 00002000 08:02 9985259                    /usr/lib/x86_64-linux-gnu/libXrender.so.1.3.0
7fed6a7ee000-7fed6a7f0000 r--p 00009000 08:02 9985259                    /usr/lib/x86_64-linux-gnu/libXrender.so.1.3.0
7fed6a7f0000-7fed6a7f1000 r--p 0000a000 08:02 9985259                    /usr/lib/x86_64-linux-gnu/libXrender.so.1.3.0
7fed6a7f1000-7fed6a7f2000 rw-p 0000b000 08:02 9985259                    /usr/lib/x86_64-linux-gnu/libXrender.so.1.3.0
7fed6a7f2000-7fed6a7f4000 r--p 00000000 08:02 9965857                    /usr/lib/x86_64-linux-gnu/libuuid.so.1.3.0
7fed6a7f4000-7fed6a7f8000 r-xp 00002000 08:02 9965857                    /usr/lib/x86_64-linux-gnu/libuuid.so.1.3.0
7fed6a7f8000-7fed6a7f9000 r--p 00006000 08:02 9965857                    /usr/lib/x86_64-linux-gnu/libuuid.so.1.3.0
7fed6a7f9000-7fed6a7fa000 r--p 00006000 08:02 9965857                    /usr/lib/x86_64-linux-gnu/libuuid.so.1.3.0
7fed6a7fa000-7fed6a7fb000 rw-p 00007000 08:02 9965857                    /usr/lib/x86_64-linux-gnu/libuuid.so.1.3.0
7fed6a7fb000-7fed6a7ff000 r--p 00000000 08:02 9962258                    /usr/lib/x86_64-linux-gnu/libexpat.so.1.8.7
7fed6a7ff000-7fed6a81e000 r-xp 00004000 08:02 9962258                    /usr/lib/x86_64-linux-gnu/libexpat.so.1.8.7
7fed6a81e000-7fed6a828000 r--p 00023000 08:02 9962258                    /usr/lib/x86_64-linux-gnu/libexpat.so.1.8.7
7fed6a828000-7fed6a829000 ---p 0002d000 08:02 9962258                    /usr/lib/x86_64-linux-gnu/libexpat.so.1.8.7
7fed6a829000-7fed6a82b000 r--p 0002d000 08:02 9962258                    /usr/lib/x86_64-linux-gnu/libexpat.so.1.8.7
7fed6a82b000-7fed6a82c000 rw-p 0002f000 08:02 9962258                    /usr/lib/x86_64-linux-gnu/libexpat.so.1.8.7
7fed6a82c000-7fed6a839000 r--p 00000000 08:02 9996254                    /usr/lib/x86_64-linux-gnu/libfreetype.so.6.18.1
7fed6a839000-7fed6a8c2000 r-xp 0000d000 08:02 9996254                    /usr/lib/x86_64-linux-gnu/libfreetype.so.6.18.1
7fed6a8c2000-7fed6a8eb000 r--p 00096000 08:02 9996254                    /usr/lib/x86_64-linux-gnu/libfreetype.so.6.18.1
7fed6a8eb000-7fed6a8ec000 ---p 000bf000 08:02 9996254                    /usr/lib/x86_64-linux-gnu/libfreetype.so.6.18.1
7fed6a8ec000-7fed6a8f3000 r--p 000bf000 08:02 9996254                    /usr/lib/x86_64-linux-gnu/libfreetype.so.6.18.1
7fed6a8f3000-7fed6a8f4000 rw-p 000c6000 08:02 9996254                    /usr/lib/x86_64-linux-gnu/libfreetype.so.6.18.1
7fed6a8f4000-7fed6a8f6000 r--p 00000000 08:02 9972740                    /usr/lib/x86_64-linux-gnu/libpcre.so.3.13.3
7fed6a8f6000-7fed6a94b000 r-xp 00002000 08:02 9972740                    /usr/lib/x86_64-linux-gnu/libpcre.so.3.13.3
7fed6a94b000-7fed6a968000 r--p 00057000 08:02 9972740                    /usr/lib/x86_64-linux-gnu/libpcre.so.3.13.3
7fed6a968000-7fed6a969000 r--p 00073000 08:02 9972740                    /usr/lib/x86_64-linux-gnu/libpcre.so.3.13.3
7fed6a969000-7fed6a96a000 rw-p 00074000 08:02 9972740                    /usr/lib/x86_64-linux-gnu/libpcre.so.3.13.3
7fed6a96a000-7fed6a96c000 r--p 00000000 08:02 9972612                    /usr/lib/x86_64-linux-gnu/libffi.so.8.1.0
7fed6a96c000-7fed6a973000 r-xp 00002000 08:02 9972612                    /usr/lib/x86_64-linux-gnu/libffi.so.8.1.0
7fed6a973000-7fed6a974000 r--p 00009000 08:02 9972612                    /usr/lib/x86_64-linux-gnu/libffi.so.8.1.0
7fed6a974000-7fed6a975000 ---p 0000a000 08:02 9972612                    /usr/lib/x86_64-linux-gnu/libffi.so.8.1.0
7fed6a975000-7fed6a976000 r--p 0000a000 08:02 9972612                    /usr/lib/x86_64-linux-gnu/libffi.so.8.1.0
7fed6a976000-7fed6a977000 rw-p 0000b000 08:02 9972612                    /usr/lib/x86_64-linux-gnu/libffi.so.8.1.0
7fed6a977000-7fed6a97d000 r--p 00000000 08:02 9972766                    /usr/lib/x86_64-linux-gnu/libselinux.so.1
7fed6a97d000-7fed6a997000 r-xp 00006000 08:02 9972766                    /usr/lib/x86_64-linux-gnu/libselinux.so.1
7fed6a997000-7fed6a99e000 r--p 00020000 08:02 9972766                    /usr/lib/x86_64-linux-gnu/libselinux.so.1
7fed6a99e000-7fed6a99f000 ---p 00027000 08:02 9972766                    /usr/lib/x86_64-linux-gnu/libselinux.so.1
7fed6a99f000-7fed6a9a0000 r--p 00027000 08:02 9972766                    /usr/lib/x86_64-linux-gnu/libselinux.so.1
7fed6a9a0000-7fed6a9a1000 rw-p 00028000 08:02 9972766                    /usr/lib/x86_64-linux-gnu/libselinux.so.1
7fed6a9a1000-7fed6a9a3000 rw-p 00000000 00:00 0 
7fed6a9a3000-7fed6a9ab000 r--p 00000000 08:02 9967930                    /usr/lib/x86_64-linux-gnu/libmount.so.1.1.0
7fed6a9ab000-7fed6a9d7000 r-xp 00008000 08:02 9967930                    /usr/lib/x86_64-linux-gnu/libmount.so.1.1.0
7fed6a9d7000-7fed6a9e4000 r--p 00034000 08:02 9967930                    /usr/lib/x86_64-linux-gnu/libmount.so.1.1.0
7fed6a9e4000-7fed6a9e5000 ---p 00041000 08:02 9967930                    /usr/lib/x86_64-linux-gnu/libmount.so.1.1.0
7fed6a9e5000-7fed6a9e6000 r--p 00041000 08:02 9967930                    /usr/lib/x86_64-linux-gnu/libmount.so.1.1.0
7fed6a9e6000-7fed6a9e7000 rw-p 00042000 08:02 9967930                    /usr/lib/x86_64-linux-gnu/libmount.so.1.1.0
7fed6a9e7000-7fed6a9eb000 r--p 00000000 08:02 9983111                    /usr/lib/x86_64-linux-gnu/libjpeg.so.8.2.2
7fed6a9eb000-7fed6aa34000 r-xp 00004000 08:02 9983111                    /usr/lib/x86_64-linux-gnu/libjpeg.so.8.2.2
7fed6aa34000-7fed6aa66000 r--p 0004d000 08:02 9983111                    /usr/lib/x86_64-linux-gnu/libjpeg.so.8.2.2
7fed6aa66000-7fed6aa67000 r--p 0007e000 08:02 9983111                    /usr/lib/x86_64-linux-gnu/libjpeg.so.8.2.2
7fed6aa67000-7fed6aa68000 rw-p 0007f000 08:02 9983111                    /usr/lib/x86_64-linux-gnu/libjpeg.so.8.2.2
7fed6aa68000-7fed6aa6d000 r--p 00000000 08:02 9962699                    /usr/lib/x86_64-linux-gnu/libpng16.so.16.37.0
7fed6aa6d000-7fed6aa96000 r-xp 00005000 08:02 9962699                    /usr/lib/x86_64-linux-gnu/libpng16.so.16.37.0
7fed6aa96000-7fed6aaa1000 r--p 0002e000 08:02 9962699                    /usr/lib/x86_64-linux-gnu/libpng16.so.16.37.0
7fed6aaa1000-7fed6aaa2000 r--p 00038000 08:02 9962699                    /usr/lib/x86_64-linux-gnu/libpng16.so.16.37.0
7fed6aaa2000-7fed6aaa3000 rw-p 00039000 08:02 9962699                    /usr/lib/x86_64-linux-gnu/libpng16.so.16.37.0
7fed6aaa3000-7fed6aaa5000 r--p 00000000 08:02 9968058                    /usr/lib/x86_64-linux-gnu/libgmodule-2.0.so.0.7200.4
7fed6aaa5000-7fed6aaa7000 r-xp 00002000 08:02 9968058                    /usr/lib/x86_64-linux-gnu/libgmodule-2.0.so.0.7200.4
7fed6aaa7000-7fed6aaa8000 r--p 00004000 08:02 9968058                    /usr/lib/x86_64-linux-gnu/libgmodule-2.0.so.0.7200.4
7fed6aaa8000-7fed6aaa9000 r--p 00004000 08:02 9968058                    /usr/lib/x86_64-linux-gnu/libgmodule-2.0.so.0.7200.4
7fed6aaa9000-7fed6aaaa000 rw-p 00005000 08:02 9968058                    /usr/lib/x86_64-linux-gnu/libgmodule-2.0.so.0.7200.4
7fed6aaaa000-7fed6aaac000 r--p 00000000 08:02 9989370                    /usr/lib/x86_64-linux-gnu/libthai.so.0.3.1
7fed6aaac000-7fed6aab0000 r-xp 00002000 08:02 9989370                    /usr/lib/x86_64-linux-gnu/libthai.so.0.3.1
7fed6aab0000-7fed6aab3000 r--p 00006000 08:02 9989370                    /usr/lib/x86_64-linux-gnu/libthai.so.0.3.1
7fed6aab3000-7fed6aab4000 r--p 00008000 08:02 9989370                    /usr/lib/x86_64-linux-gnu/libthai.so.0.3.1
7fed6aab4000-7fed6aab5000 rw-p 00009000 08:02 9989370                    /usr/lib/x86_64-linux-gnu/libthai.so.0.3.1
7fed6aab5000-7fed6aabe000 r--p 00000000 08:02 9984852                    /usr/lib/x86_64-linux-gnu/libharfbuzz.so.0.20704.0
7fed6aabe000-7fed6ab4f000 r-xp 00009000 08:02 9984852                    /usr/lib/x86_64-linux-gnu/libharfbuzz.so.0.20704.0
7fed6ab4f000-7fed6ab81000 r--p 0009a000 08:02 9984852                    /usr/lib/x86_64-linux-gnu/libharfbuzz.so.0.20704.0
7fed6ab81000-7fed6ab82000 ---p 000cc000 08:02 9984852                    /usr/lib/x86_64-linux-gnu/libharfbuzz.so.0.20704.0
7fed6ab82000-7fed6ab83000 r--p 000cc000 08:02 9984852                    /usr/lib/x86_64-linux-gnu/libharfbuzz.so.0.20704.0
7fed6ab83000-7fed6ab84000 rw-p 000cd000 08:02 9984852                    /usr/lib/x86_64-linux-gnu/libharfbuzz.so.0.20704.0
7fed6ab84000-7fed6ab8b000 r--p 00000000 08:02 9989374                    /usr/lib/x86_64-linux-gnu/libpangoft2-1.0.so.0.5000.6
7fed6ab8b000-7fed6ab98000 r-xp 00007000 08:02 9989374                    /usr/lib/x86_64-linux-gnu/libpangoft2-1.0.so.0.5000.6
7fed6ab98000-7fed6ab9c000 r--p 00014000 08:02 9989374                    /usr/lib/x86_64-linux-gnu/libpangoft2-1.0.so.0.5000.6
7fed6ab9c000-7fed6ab9d000 ---p 00018000 08:02 9989374                    /usr/lib/x86_64-linux-gnu/libpangoft2-1.0.so.0.5000.6
7fed6ab9d000-7fed6ab9e000 r--p 00018000 08:02 9989374                    /usr/lib/x86_64-linux-gnu/libpangoft2-1.0.so.0.5000.6
7fed6ab9e000-7fed6ab9f000 rw-p 00019000 08:02 9989374                    /usr/lib/x86_64-linux-gnu/libpangoft2-1.0.so.0.5000.6
7fed6ab9f000-7fed6aba1000 r--p 00000000 08:02 9972617                    /usr/lib/x86_64-linux-gnu/libfribidi.so.0.4.0
7fed6aba1000-7fed6aba4000 r-xp 00002000 08:02 9972617                    /usr/lib/x86_64-linux-gnu/libfribidi.so.0.4.0
7fed6aba4000-7fed6abb9000 r--p 00005000 08:02 9972617                    /usr/lib/x86_64-linux-gnu/libfribidi.so.0.4.0
7fed6abb9000-7fed6abba000 r--p 00019000 08:02 9972617                    /usr/lib/x86_64-linux-gnu/libfribidi.so.0.4.0
7fed6abba000-7fed6abbb000 rw-p 0001a000 08:02 9972617                    /usr/lib/x86_64-linux-gnu/libfribidi.so.0.4.0
7fed6abbb000-7fed6ac1b000 r--p 00000000 08:02 9989647                    /usr/lib/x86_64-linux-gnu/libepoxy.so.0.0.0
7fed6ac1b000-7fed6ac84000 r-xp 00060000 08:02 9989647                    /usr/lib/x86_64-linux-gnu/libepoxy.so.0.0.0
7fed6ac84000-7fed6ace1000 r--p 000c9000 08:02 9989647                    /usr/lib/x86_64-linux-gnu/libepoxy.so.0.0.0
7fed6ace1000-7fed6ace9000 r--p 00125000 08:02 9989647                    /usr/lib/x86_64-linux-gnu/libepoxy.so.0.0.0
7fed6ace9000-7fed6acf0000 rw-p 0012d000 08:02 9989647                    /usr/lib/x86_64-linux-gnu/libepoxy.so.0.0.0
7fed6acf0000-7fed6ad02000 r--p 00000000 08:02 9970627                    /usr/lib/x86_64-linux-gnu/libcairo.so.2.11600.0
7fed6ad02000-7fed6add5000 r-xp 00012000 08:02 9970627                    /usr/lib/x86_64-linux-gnu/libcairo.so.2.11600.0
7fed6add5000-7fed6ae12000 r--p 000e5000 08:02 9970627                    /usr/lib/x86_64-linux-gnu/libcairo.so.2.11600.0
7fed6ae12000-7fed6ae16000 r--p 00121000 08:02 9970627                    /usr/lib/x86_64-linux-gnu/libcairo.so.2.11600.0
7fed6ae16000-7fed6ae17000 rw-p 00125000 08:02 9970627                    /usr/lib/x86_64-linux-gnu/libcairo.so.2.11600.0
7fed6ae17000-7fed6ae18000 rw-p 00000000 00:00 0 
7fed6ae18000-7fed6ae1c000 r--p 00000000 08:02 9972541                    /usr/lib/x86_64-linux-gnu/libXext.so.6.4.0
7fed6ae1c000-7fed6ae27000 r-xp 00004000 08:02 9972541                    /usr/lib/x86_64-linux-gnu/libXext.so.6.4.0
7fed6ae27000-7fed6ae2b000 r--p 0000f000 08:02 9972541                    /usr/lib/x86_64-linux-gnu/libXext.so.6.4.0
7fed6ae2b000-7fed6ae2c000 r--p 00012000 08:02 9972541                    /usr/lib/x86_64-linux-gnu/libXext.so.6.4.0
7fed6ae2c000-7fed6ae2d000 rw-p 00013000 08:02 9972541                    /usr/lib/x86_64-linux-gnu/libXext.so.6.4.0
7fed6ae2d000-7fed6ae46000 r--p 00000000 08:02 9962877                    /usr/lib/x86_64-linux-gnu/libX11.so.6.4.0
7fed6ae46000-7fed6aed2000 r-xp 00019000 08:02 9962877                    /usr/lib/x86_64-linux-gnu/libX11.so.6.4.0
7fed6aed2000-7fed6af67000 r--p 000a5000 08:02 9962877                    /usr/lib/x86_64-linux-gnu/libX11.so.6.4.0
7fed6af67000-7fed6af68000 ---p 0013a000 08:02 9962877                    /usr/lib/x86_64-linux-gnu/libX11.so.6.4.0
7fed6af68000-7fed6af69000 r--p 0013a000 08:02 9962877                    /usr/lib/x86_64-linux-gnu/libX11.so.6.4.0
7fed6af69000-7fed6af6d000 rw-p 0013b000 08:02 9962877                    /usr/lib/x86_64-linux-gnu/libX11.so.6.4.0
7fed6af6d000-7fed6af72000 r--p 00000000 08:02 9989701                    /usr/lib/x86_64-linux-gnu/libwayland-client.so.0.20.0
7fed6af72000-7fed6af78000 r-xp 00005000 08:02 9989701                    /usr/lib/x86_64-linux-gnu/libwayland-client.so.0.20.0
7fed6af78000-7fed6af7a000 r--p 0000b000 08:02 9989701                    /usr/lib/x86_64-linux-gnu/libwayland-client.so.0.20.0
7fed6af7a000-7fed6af7b000 ---p 0000d000 08:02 9989701                    /usr/lib/x86_64-linux-gnu/libwayland-client.so.0.20.0
7fed6af7b000-7fed6af7d000 r--p 0000d000 08:02 9989701                    /usr/lib/x86_64-linux-gnu/libwayland-client.so.0.20.0
7fed6af7d000-7fed6af7e000 rw-p 0000f000 08:02 9989701                    /usr/lib/x86_64-linux-gnu/libwayland-client.so.0.20.0
7fed6af7e000-7fed6af80000 r--p 00000000 08:02 9989703                    /usr/lib/x86_64-linux-gnu/libwayland-cursor.so.0.20.0
7fed6af80000-7fed6af82000 r-xp 00002000 08:02 9989703                    /usr/lib/x86_64-linux-gnu/libwayland-cursor.so.0.20.0
7fed6af82000-7fed6af83000 r--p 00004000 08:02 9989703                    /usr/lib/x86_64-linux-gnu/libwayland-cursor.so.0.20.0
7fed6af83000-7fed6af84000 r--p 00004000 08:02 9989703                    /usr/lib/x86_64-linux-gnu/libwayland-cursor.so.0.20.0
7fed6af84000-7fed6af88000 rw-p 00005000 08:02 9989703                    /usr/lib/x86_64-linux-gnu/libwayland-cursor.so.0.20.0
7fed6af88000-7fed6af8c000 r--p 00000000 08:02 9989711                    /usr/lib/x86_64-linux-gnu/libxkbcommon.so.0.0.0
7fed6af8c000-7fed6afab000 r-xp 00004000 08:02 9989711                    /usr/lib/x86_64-linux-gnu/libxkbcommon.so.0.0.0
7fed6afab000-7fed6afcc000 r--p 00023000 08:02 9989711                    /usr/lib/x86_64-linux-gnu/libxkbcommon.so.0.0.0
7fed6afcc000-7fed6afce000 r--p 00043000 08:02 9989711                    /usr/lib/x86_64-linux-gnu/libxkbcommon.so.0.0.0
7fed6afce000-7fed6afcf000 rw-p 00045000 08:02 9989711                    /usr/lib/x86_64-linux-gnu/libxkbcommon.so.0.0.0
7fed6afcf000-7fed6afd1000 r--p 00000000 08:02 9985098                    /usr/lib/x86_64-linux-gnu/libXfixes.so.3.1.0
7fed6afd1000-7fed6afd4000 r-xp 00002000 08:02 9985098                    /usr/lib/x86_64-linux-gnu/libXfixes.so.3.1.0
7fed6afd4000-7fed6afd5000 r--p 00005000 08:02 9985098                    /usr/lib/x86_64-linux-gnu/libXfixes.so.3.1.0
7fed6afd5000-7fed6afd6000 r--p 00006000 08:02 9985098                    /usr/lib/x86_64-linux-gnu/libXfixes.so.3.1.0
7fed6afd6000-7fed6afd7000 rw-p 00007000 08:02 9985098                    /usr/lib/x86_64-linux-gnu/libXfixes.so.3.1.0
7fed6afd7000-7fed6afd9000 r--p 00000000 08:02 9989707                    /usr/lib/x86_64-linux-gnu/libXcursor.so.1.0.2
7fed6afd9000-7fed6afdf000 r-xp 00002000 08:02 9989707                    /usr/lib/x86_64-linux-gnu/libXcursor.so.1.0.2
7fed6afdf000-7fed6afe1000 r--p 00008000 08:02 9989707                    /usr/lib/x86_64-linux-gnu/libXcursor.so.1.0.2
7fed6afe1000-7fed6afe2000 r--p 00009000 08:02 9989707                    /usr/lib/x86_64-linux-gnu/libXcursor.so.1.0.2
7fed6afe2000-7fed6afe3000 rw-p 0000a000 08:02 9989707                    /usr/lib/x86_64-linux-gnu/libXcursor.so.1.0.2
7fed6afe3000-7fed6b000000 r--p 00000000 08:02 9968055                    /usr/lib/x86_64-linux-gnu/libglib-2.0.so.0.7200.4
7fed6b000000-7fed6b090000 r-xp 0001d000 08:02 9968055                    /usr/lib/x86_64-linux-gnu/libglib-2.0.so.0.7200.4
7fed6b090000-7fed6b11a000 r--p 000ad000 08:02 9968055                    /usr/lib/x86_64-linux-gnu/libglib-2.0.so.0.7200.4
7fed6b11a000-7fed6b11b000 ---p 00137000 08:02 9968055                    /usr/lib/x86_64-linux-gnu/libglib-2.0.so.0.7200.4
7fed6b11b000-7fed6b11c000 r--p 00137000 08:02 9968055                    /usr/lib/x86_64-linux-gnu/libglib-2.0.so.0.7200.4
7fed6b11c000-7fed6b11d000 rw-p 00138000 08:02 9968055                    /usr/lib/x86_64-linux-gnu/libglib-2.0.so.0.7200.4
7fed6b11d000-7fed6b11e000 rw-p 00000000 00:00 0 
7fed6b11e000-7fed6b156000 r--p 00000000 08:02 9968053                    /usr/lib/x86_64-linux-gnu/libgio-2.0.so.0.7200.4
7fed6b156000-7fed6b268000 r-xp 00038000 08:02 9968053                    /usr/lib/x86_64-linux-gnu/libgio-2.0.so.0.7200.4
7fed6b268000-7fed6b2ee000 r--p 0014a000 08:02 9968053                    /usr/lib/x86_64-linux-gnu/libgio-2.0.so.0.7200.4
7fed6b2ee000-7fed6b2f6000 r--p 001cf000 08:02 9968053                    /usr/lib/x86_64-linux-gnu/libgio-2.0.so.0.7200.4
7fed6b2f6000-7fed6b2f7000 rw-p 001d7000 08:02 9968053                    /usr/lib/x86_64-linux-gnu/libgio-2.0.so.0.7200.4
7fed6b2f7000-7fed6b2f9000 rw-p 00000000 00:00 0 
7fed6b2f9000-7fed6b324000 r--p 00000000 08:02 9989717                    /usr/lib/x86_64-linux-gnu/libgdk-3.so.0.2404.29
7fed6b324000-7fed6b3a7000 r-xp 0002b000 08:02 9989717                    /usr/lib/x86_64-linux-gnu/libgdk-3.so.0.2404.29
7fed6b3a7000-7fed6b3f4000 r--p 000ae000 08:02 9989717                    /usr/lib/x86_64-linux-gnu/libgdk-3.so.0.2404.29
7fed6b3f4000-7fed6b3fd000 r--p 000fa000 08:02 9989717                    /usr/lib/x86_64-linux-gnu/libgdk-3.so.0.2404.29
7fed6b3fd000-7fed6b3ff000 rw-p 00103000 08:02 9989717                    /usr/lib/x86_64-linux-gnu/libgdk-3.so.0.2404.29
7fed6b3ff000-7fed6b400000 rw-p 00000000 00:00 0 
7fed6b400000-7fed6b410000 r-xp 00000000 08:02 13784935                   /opt/liu/stm32cubeide/1.14.0/2/plugins/org.eclipse.equinox.launcher.gtk.linux.x86_64_1.2.700.v20221108-1024/eclipse_11801.so
7fed6b410000-7fed6b60f000 ---p 00010000 08:02 13784935                   /opt/liu/stm32cubeide/1.14.0/2/plugins/org.eclipse.equinox.launcher.gtk.linux.x86_64_1.2.700.v20221108-1024/eclipse_11801.so
7fed6b60f000-7fed6b610000 r--p 0000f000 08:02 13784935                   /opt/liu/stm32cubeide/1.14.0/2/plugins/org.eclipse.equinox.launcher.gtk.linux.x86_64_1.2.700.v20221108-1024/eclipse_11801.so
7fed6b610000-7fed6b611000 rw-p 00010000 08:02 13784935                   /opt/liu/stm32cubeide/1.14.0/2/plugins/org.eclipse.equinox.launcher.gtk.linux.x86_64_1.2.700.v20221108-1024/eclipse_11801.so
7fed6b611000-7fed6b612000 rw-p 00000000 00:00 0 
7fed6b612000-7fed6b613000 r--p 00000000 08:02 9989705                    /usr/lib/x86_64-linux-gnu/libwayland-egl.so.1.20.0
7fed6b613000-7fed6b614000 r-xp 00001000 08:02 9989705                    /usr/lib/x86_64-linux-gnu/libwayland-egl.so.1.20.0
7fed6b614000-7fed6b615000 r--p 00002000 08:02 9989705                    /usr/lib/x86_64-linux-gnu/libwayland-egl.so.1.20.0
7fed6b615000-7fed6b616000 r--p 00002000 08:02 9989705                    /usr/lib/x86_64-linux-gnu/libwayland-egl.so.1.20.0
7fed6b616000-7fed6b617000 rw-p 00003000 08:02 9989705                    /usr/lib/x86_64-linux-gnu/libwayland-egl.so.1.20.0
7fed6b617000-7fed6b619000 r--p 00000000 08:02 9985281                    /usr/lib/x86_64-linux-gnu/libXrandr.so.2.2.0
7fed6b619000-7fed6b620000 r-xp 00002000 08:02 9985281                    /usr/lib/x86_64-linux-gnu/libXrandr.so.2.2.0
7fed6b620000-7fed6b622000 r--p 00009000 08:02 9985281                    /usr/lib/x86_64-linux-gnu/libXrandr.so.2.2.0
7fed6b622000-7fed6b623000 r--p 0000a000 08:02 9985281                    /usr/lib/x86_64-linux-gnu/libXrandr.so.2.2.0
7fed6b623000-7fed6b624000 rw-p 0000b000 08:02 9985281                    /usr/lib/x86_64-linux-gnu/libXrandr.so.2.2.0
7fed6b624000-7fed6b62b000 r--p 00000000 08:02 9983090                    /usr/lib/x86_64-linux-gnu/libfontconfig.so.1.12.0
7fed6b62b000-7fed6b654000 r-xp 00007000 08:02 9983090                    /usr/lib/x86_64-linux-gnu/libfontconfig.so.1.12.0
7fed6b654000-7fed6b66a000 r--p 00030000 08:02 9983090                    /usr/lib/x86_64-linux-gnu/libfontconfig.so.1.12.0
7fed6b66a000-7fed6b66b000 ---p 00046000 08:02 9983090                    /usr/lib/x86_64-linux-gnu/libfontconfig.so.1.12.0
7fed6b66b000-7fed6b66d000 r--p 00046000 08:02 9983090                    /usr/lib/x86_64-linux-gnu/libfontconfig.so.1.12.0
7fed6b66d000-7fed6b66e000 rw-p 00048000 08:02 9983090                    /usr/lib/x86_64-linux-gnu/libfontconfig.so.1.12.0
7fed6b66e000-7fed6b67d000 r--p 00000000 08:02 9968066                    /usr/lib/x86_64-linux-gnu/libgobject-2.0.so.0.7200.4
7fed6b67d000-7fed6b6b0000 r-xp 0000f000 08:02 9968066                    /usr/lib/x86_64-linux-gnu/libgobject-2.0.so.0.7200.4
7fed6b6b0000-7fed6b6ca000 r--p 00042000 08:02 9968066                    /usr/lib/x86_64-linux-gnu/libgobject-2.0.so.0.7200.4
7fed6b6ca000-7fed6b6cd000 r--p 0005b000 08:02 9968066                    /usr/lib/x86_64-linux-gnu/libgobject-2.0.so.0.7200.4
7fed6b6cd000-7fed6b6ce000 rw-p 0005e000 08:02 9968066                    /usr/lib/x86_64-linux-gnu/libgobject-2.0.so.0.7200.4
7fed6b6ce000-7fed6b6d6000 r--p 00000000 08:02 9961648                    /usr/lib/x86_64-linux-gnu/libgdk_pixbuf-2.0.so.0.4200.8
7fed6b6d6000-7fed6b6f1000 r-xp 00008000 08:02 9961648                    /usr/lib/x86_64-linux-gnu/libgdk_pixbuf-2.0.so.0.4200.8
7fed6b6f1000-7fed6b6fb000 r--p 00023000 08:02 9961648                    /usr/lib/x86_64-linux-gnu/libgdk_pixbuf-2.0.so.0.4200.8
7fed6b6fb000-7fed6b6fc000 ---p 0002d000 08:02 9961648                    /usr/lib/x86_64-linux-gnu/libgdk_pixbuf-2.0.so.0.4200.8
7fed6b6fc000-7fed6b6fd000 r--p 0002d000 08:02 9961648                    /usr/lib/x86_64-linux-gnu/libgdk_pixbuf-2.0.so.0.4200.8
7fed6b6fd000-7fed6b6fe000 rw-p 0002e000 08:02 9961648                    /usr/lib/x86_64-linux-gnu/libgdk_pixbuf-2.0.so.0.4200.8
7fed6b6fe000-7fed6b702000 ---p 00000000 00:00 0 
7fed6b702000-7fed6b7fe000 rw-p 00000000 00:00 0 
7fed6b7fe000-7fed6b802000 ---p 00000000 00:00 0 
7fed6b802000-7fed6b8fe000 rw-p 00000000 00:00 0 
7fed6b8fe000-7fed6b902000 ---p 00000000 00:00 0 
7fed6b902000-7fed6b9fe000 rw-p 00000000 00:00 0 
7fed6b9fe000-7fed6ba02000 ---p 00000000 00:00 0 
7fed6ba02000-7fed6bafe000 rw-p 00000000 00:00 0 
7fed6bafe000-7fed6baff000 ---p 00000000 00:00 0 
7fed6baff000-7fed6bc00000 rw-p 00000000 00:00 0 
7fed6bc00000-7fed6bc04000 ---p 00000000 00:00 0 
7fed6bc04000-7fed6bd00000 rw-p 00000000 00:00 0 
7fed6bdf9000-7fed6be00000 r--s 00000000 08:02 10016670                   /usr/lib/x86_64-linux-gnu/gconv/gconv-modules.cache
7fed6be00000-7fed6be04000 ---p 00000000 00:00 0 
7fed6be04000-7fed6bf00000 rw-p 00000000 00:00 0 
7fed6bf00000-7fed6bf04000 ---p 00000000 00:00 0 
7fed6bf04000-7fed6c000000 rw-p 00000000 00:00 0 
7fed6c000000-7fed6c021000 rw-p 00000000 00:00 0 
7fed6c021000-7fed70000000 ---p 00000000 00:00 0 
7fed70000000-7fed72ab5000 rw-p 00000000 00:00 0 
7fed72ab5000-7fed74000000 ---p 00000000 00:00 0 
7fed74000000-7fed74021000 rw-p 00000000 00:00 0 
7fed74021000-7fed78000000 ---p 00000000 00:00 0 
7fed78000000-7fed78330000 rw-p 00000000 00:00 0 
7fed78330000-7fed7c000000 ---p 00000000 00:00 0 
7fed7c000000-7fed7c021000 rw-p 00000000 00:00 0 
7fed7c021000-7fed80000000 ---p 00000000 00:00 0 
7fed80000000-7fed80021000 rw-p 00000000 00:00 0 
7fed80021000-7fed84000000 ---p 00000000 00:00 0 
7fed84000000-7fed84b1b000 rw-p 00000000 00:00 0 
7fed84b1b000-7fed88000000 ---p 00000000 00:00 0 
7fed88000000-7fed88228000 rw-p 00000000 00:00 0 
7fed88228000-7fed8c000000 ---p 00000000 00:00 0 
7fed8c000000-7fed8c500000 rw-p 00000000 00:00 0 
7fed8c500000-7fed8c520000 rw-p 00000000 00:00 0 
7fed8c520000-7fed8c540000 rw-p 00000000 00:00 0 
7fed8c540000-7fed8c580000 rw-p 00000000 00:00 0 
7fed8c580000-7fed8c800000 rw-p 00000000 00:00 0 
7fed8c800000-7fed8c840000 rw-p 00000000 00:00 0 
7fed8c840000-7fed8c880000 rw-p 00000000 00:00 0 
7fed8c880000-7fed8c900000 rw-p 00000000 00:00 0 
7fed8c900000-7fed8cb00000 rw-p 00000000 00:00 0 
7fed8cb00000-7fed8cd00000 rw-p 00000000 00:00 0 
7fed8cd00000-7fed8ce00000 rw-p 00000000 00:00 0 
7fed8ce00000-7fed8cf40000 rw-p 00000000 00:00 0 
7fed8cf40000-7fed8cf80000 rw-p 00000000 00:00 0 
7fed8cf80000-7fed8d100000 rw-p 00000000 00:00 0 
7fed8d100000-7fed8d200000 rw-p 00000000 00:00 0 
7fed8d200000-7fed8d3e0000 rw-p 00000000 00:00 0 
7fed8d3e0000-7fed8d500000 rw-p 00000000 00:00 0 
7fed8d500000-7fed8d600000 rw-p 00000000 00:00 0 
7fed8d600000-7fed8db00000 rw-p 00000000 00:00 0 
7fed8db00000-7fed8db60000 rw-p 00000000 00:00 0 
7fed8db60000-7fed8dc00000 ---p 00000000 00:00 0 
7fed8dc00000-7fed8e100000 rw-p 00000000 00:00 0 
7fed8e100000-7fed8e200000 rw-p 00000000 00:00 0 
7fed8e200000-7fed8e700000 rw-p 00000000 00:00 0 
7fed8e700000-7fed8eb00000 rw-p 00000000 00:00 0 
7fed8eb00000-7fed8ec00000 rw-p 00000000 00:00 0 
7fed8ec00000-7fed8ef80000 rw-p 00000000 00:00 0 
7fed8ef80000-7fed8f000000 rw-p 00000000 00:00 0 
7fed8f000000-7fed8f7c0000 rw-p 00000000 00:00 0 
7fed8f7c0000-7fed8f800000 rw-p 00000000 00:00 0 
7fed8f800000-7fed8fb80000 rw-p 00000000 00:00 0 
7fed8fb80000-7fed8fc00000 rw-p 00000000 00:00 0 
7fed8fc00000-7fed90000000 rw-p 00000000 00:00 0 
7fed90000000-7fed90021000 rw-p 00000000 00:00 0 
7fed90021000-7fed94000000 ---p 00000000 00:00 0 
7fed94000000-7fed94021000 rw-p 00000000 00:00 0 
7fed94021000-7fed98000000 ---p 00000000 00:00 0 
7fed98000000-7fed98021000 rw-p 00000000 00:00 0 
7fed98021000-7fed9c000000 ---p 00000000 00:00 0 
7fed9c000000-7fed9c097000 rw-p 00000000 00:00 0 
7fed9c097000-7feda0000000 ---p 00000000 00:00 0 
7feda0000000-7feda002e000 rw-p 00000000 00:00 0 
7feda002e000-7feda4000000 ---p 00000000 00:00 0 
7feda4000000-7feda4003000 r--p 00000000 08:02 9984636                    /usr/lib/x86_64-linux-gnu/libXi.so.6.1.0
7feda4003000-7feda400f000 r-xp 00003000 08:02 9984636                    /usr/lib/x86_64-linux-gnu/libXi.so.6.1.0
7feda400f000-7feda4012000 r--p 0000f000 08:02 9984636                    /usr/lib/x86_64-linux-gnu/libXi.so.6.1.0
7feda4012000-7feda4013000 r--p 00011000 08:02 9984636                    /usr/lib/x86_64-linux-gnu/libXi.so.6.1.0
7feda4013000-7feda4014000 rw-p 00012000 08:02 9984636                    /usr/lib/x86_64-linux-gnu/libXi.so.6.1.0
7feda4014000-7feda4018000 r--p 00000000 08:02 9967888                    /usr/lib/x86_64-linux-gnu/libcairo-gobject.so.2.11600.0
7feda4018000-7feda401a000 r-xp 00004000 08:02 9967888                    /usr/lib/x86_64-linux-gnu/libcairo-gobject.so.2.11600.0
7feda401a000-7feda401c000 r--p 00006000 08:02 9967888                    /usr/lib/x86_64-linux-gnu/libcairo-gobject.so.2.11600.0
7feda401c000-7feda401d000 ---p 00008000 08:02 9967888                    /usr/lib/x86_64-linux-gnu/libcairo-gobject.so.2.11600.0
7feda401d000-7feda401f000 r--p 00008000 08:02 9967888                    /usr/lib/x86_64-linux-gnu/libcairo-gobject.so.2.11600.0
7feda401f000-7feda4020000 rw-p 0000a000 08:02 9967888                    /usr/lib/x86_64-linux-gnu/libcairo-gobject.so.2.11600.0
7feda4020000-7feda4032000 r--p 00000000 08:02 9989372                    /usr/lib/x86_64-linux-gnu/libpango-1.0.so.0.5000.6
7feda4032000-7feda4067000 r-xp 00012000 08:02 9989372                    /usr/lib/x86_64-linux-gnu/libpango-1.0.so.0.5000.6
7feda4067000-7feda4082000 r--p 00047000 08:02 9989372                    /usr/lib/x86_64-linux-gnu/libpango-1.0.so.0.5000.6
7feda4082000-7feda4086000 r--p 00061000 08:02 9989372                    /usr/lib/x86_64-linux-gnu/libpango-1.0.so.0.5000.6
7feda4086000-7feda4087000 rw-p 00065000 08:02 9989372                    /usr/lib/x86_64-linux-gnu/libpango-1.0.so.0.5000.6
7feda4087000-7feda408c000 r--p 00000000 08:02 9989376                    /usr/lib/x86_64-linux-gnu/libpangocairo-1.0.so.0.5000.6
7feda408c000-7feda4094000 r-xp 00005000 08:02 9989376                    /usr/lib/x86_64-linux-gnu/libpangocairo-1.0.so.0.5000.6
7feda4094000-7feda4096000 r--p 0000d000 08:02 9989376                    /usr/lib/x86_64-linux-gnu/libpangocairo-1.0.so.0.5000.6
7feda4096000-7feda4097000 ---p 0000f000 08:02 9989376                    /usr/lib/x86_64-linux-gnu/libpangocairo-1.0.so.0.5000.6
7feda4097000-7feda4098000 r--p 0000f000 08:02 9989376                    /usr/lib/x86_64-linux-gnu/libpangocairo-1.0.so.0.5000.6
7feda4098000-7feda4099000 rw-p 00010000 08:02 9989376                    /usr/lib/x86_64-linux-gnu/libpangocairo-1.0.so.0.5000.6
7feda4099000-7feda409a000 r--s 00000000 08:02 9188931                    /var/cache/fontconfig/887dfea9-27e1-45dc-a2e0-016080f379ee-le64.cache-7
7feda409a000-7feda409e000 r--p 00000000 08:02 6553606                    /etc/dconf/db/site
7feda40a0000-7feda40a4000 r--p 00000000 08:02 10002155                   /usr/lib/x86_64-linux-gnu/libappmenu-gtk3-parser.so.0.7
7feda40a4000-7feda40ae000 r-xp 00004000 08:02 10002155                   /usr/lib/x86_64-linux-gnu/libappmenu-gtk3-parser.so.0.7
7feda40ae000-7feda40b2000 r--p 0000e000 08:02 10002155                   /usr/lib/x86_64-linux-gnu/libappmenu-gtk3-parser.so.0.7
7feda40b2000-7feda40b3000 ---p 00012000 08:02 10002155                   /usr/lib/x86_64-linux-gnu/libappmenu-gtk3-parser.so.0.7
7feda40b3000-7feda40b4000 r--p 00012000 08:02 10002155                   /usr/lib/x86_64-linux-gnu/libappmenu-gtk3-parser.so.0.7
7feda40b4000-7feda40b5000 rw-p 00013000 08:02 10002155                   /usr/lib/x86_64-linux-gnu/libappmenu-gtk3-parser.so.0.7
7feda40b5000-7feda40b8000 r--p 00000000 08:02 10360913                   /usr/lib/x86_64-linux-gnu/gtk-3.0/modules/libappmenu-gtk-module.so
7feda40b8000-7feda40bc000 r-xp 00003000 08:02 10360913                   /usr/lib/x86_64-linux-gnu/gtk-3.0/modules/libappmenu-gtk-module.so
7feda40bc000-7feda40be000 r--p 00007000 08:02 10360913                   /usr/lib/x86_64-linux-gnu/gtk-3.0/modules/libappmenu-gtk-module.so
7feda40be000-7feda40bf000 r--p 00008000 08:02 10360913                   /usr/lib/x86_64-linux-gnu/gtk-3.0/modules/libappmenu-gtk-module.so
7feda40bf000-7feda40c0000 rw-p 00009000 08:02 10360913                   /usr/lib/x86_64-linux-gnu/gtk-3.0/modules/libappmenu-gtk-module.so
7feda40c0000-7feda40c4000 ---p 00000000 00:00 0 
7feda40c4000-7feda41c0000 rw-p 00000000 00:00 0 
7feda41c0000-7feda41c4000 ---p 00000000 00:00 0 
7feda41c4000-7feda42c0000 rw-p 00000000 00:00 0 
7feda42c0000-7feda42c4000 ---p 00000000 00:00 0 
7feda42c4000-7feda43c0000 rw-p 00000000 00:00 0 
7feda43c0000-7feda43c4000 ---p 00000000 00:00 0 
7feda43c4000-7feda44c0000 rw-p 00000000 00:00 0 
7feda44c0000-7feda4ac9000 r--p 00000000 08:02 9961604                    /usr/lib/locale/locale-archive
7feda4ac9000-7feda4acd000 ---p 00000000 00:00 0 
7feda4acd000-7feda4bc9000 rw-p 00000000 00:00 0 
7feda4bc9000-7feda4bcd000 ---p 00000000 00:00 0 
7feda4bcd000-7feda4cc9000 rw-p 00000000 00:00 0 
7feda4cc9000-7feda4cca000 ---p 00000000 00:00 0 
7feda4cca000-7feda4dcb000 rw-p 00000000 00:00 0 
7feda4dcb000-7feda4dd0000 r--p 00000000 08:02 13776031                   /opt/liu/stm32cubeide/1.14.0/2/plugins/com.st.stm32cube.ide.jre.linux64_3.1.0.202310310920/jre/lib/libjsvml.so
7feda4dd0000-7feda4e11000 r-xp 00005000 08:02 13776031                   /opt/liu/stm32cubeide/1.14.0/2/plugins/com.st.stm32cube.ide.jre.linux64_3.1.0.202310310920/jre/lib/libjsvml.so
7feda4e11000-7feda4e9a000 r--p 00046000 08:02 13776031                   /opt/liu/stm32cubeide/1.14.0/2/plugins/com.st.stm32cube.ide.jre.linux64_3.1.0.202310310920/jre/lib/libjsvml.so
7feda4e9a000-7feda4e9b000 r--p 000ce000 08:02 13776031                   /opt/liu/stm32cubeide/1.14.0/2/plugins/com.st.stm32cube.ide.jre.linux64_3.1.0.202310310920/jre/lib/libjsvml.so
7feda4e9b000-7feda4e9c000 rw-p 000cf000 08:02 13776031                   /opt/liu/stm32cubeide/1.14.0/2/plugins/com.st.stm32cube.ide.jre.linux64_3.1.0.202310310920/jre/lib/libjsvml.so
7feda4e9c000-7feda4e9d000 ---p 00000000 00:00 0 
7feda4e9d000-7feda4f9e000 rw-p 00000000 00:00 0 
7feda4fa4000-7feda4fab000 r--p 00000000 08:02 9979619                    /usr/lib/x86_64-linux-gnu/gio/modules/libgioremote-volume-monitor.so
7feda4fab000-7feda4fb7000 r-xp 00007000 08:02 9979619                    /usr/lib/x86_64-linux-gnu/gio/modules/libgioremote-volume-monitor.so
7feda4fb7000-7feda4fbc000 r--p 00013000 08:02 9979619                    /usr/lib/x86_64-linux-gnu/gio/modules/libgioremote-volume-monitor.so
7feda4fbc000-7feda4fc0000 r--p 00017000 08:02 9979619                    /usr/lib/x86_64-linux-gnu/gio/modules/libgioremote-volume-monitor.so
7feda4fc0000-7feda4fc1000 rw-p 0001b000 08:02 9979619                    /usr/lib/x86_64-linux-gnu/gio/modules/libgioremote-volume-monitor.so
7feda4fc1000-7feda501f000 r--p 00000000 08:02 10885795                   /usr/share/themes/Arc-Dark/gtk-3.0/gtk.gresource
7feda501f000-7feda507a000 rw-p 00000000 00:00 0 
7feda507b000-7feda507d000 r--p 00000000 00:3e 162554                     /home/antpe029/.config/dconf/user
7feda5081000-7feda5082000 rw-s 00000000 00:1c 46727                      /dev/shm/BC1-GPU-42339-1429215_rb_wc
7feda5082000-7feda5083000 rw-s 00000000 00:1c 46726                      /dev/shm/BC1-GPU-42339-1429215_rb_rc
7feda5083000-7feda5084000 rw-s 00000000 00:1c 46730                      /dev/shm/BC1-GPU-42339-1429215_wb_wc
7feda5084000-7feda5085000 rw-s 00000000 00:1c 46729                      /dev/shm/BC1-GPU-42339-1429215_wb_rc
7feda5085000-7feda5086000 rw-s 00000000 00:1c 46709                      /dev/shm/BC1-Main-42339-1429086_rb_wc
7feda5086000-7feda5087000 rw-s 00000000 00:1c 46708                      /dev/shm/BC1-Main-42339-1429086_rb_rc
7feda5087000-7feda5088000 rw-s 00000000 00:1c 46712                      /dev/shm/BC1-Main-42339-1429086_wb_wc
7feda5088000-7feda5089000 rw-s 00000000 00:1c 46711                      /dev/shm/BC1-Main-42339-1429086_wb_rc
7feda5089000-7feda5099000 rw-s 00000000 00:1c 46710                      /dev/shm/BC1-Main-42339-1429086_wb
7feda5099000-7feda509d000 ---p 00000000 00:00 0 
7feda509d000-7feda50bb000 rw-p 00000000 00:00 0 
7feda50bb000-7feda50bc000 ---p 00000000 00:00 0 
7feda50bc000-7feda51bd000 rw-p 00000000 00:00 0 
7feda51bd000-7feda51be000 ---p 00000000 00:00 0 
7feda51be000-7feda8cc9000 rw-p 00000000 00:00 0 
7feda8cc9000-7fedab269000 rwxp 00000000 00:00 0 
7fedab269000-7fedb0128000 ---p 00000000 00:00 0 
7fedb0128000-7fedb0498000 rwxp 00000000 00:00 0 
7fedb0498000-7fedb0869000 ---p 00000000 00:00 0 
7fedb0869000-7fedb18b9000 rwxp 00000000 00:00 0 
7fedb18b9000-7fedb7cc9000 ---p 00000000 00:00 0 
7fedb7cc9000-7fedc0000000 r--s 00000000 08:02 13776049                   /opt/liu/stm32cubeide/1.14.0/2/plugins/com.st.stm32cube.ide.jre.linux64_3.1.0.202310310920/jre/lib/modules
7fedc0000000-7fedc38f9000 rw-p 00000000 00:00 0 
7fedc38f9000-7fedc4000000 ---p 00000000 00:00 0 
7fedc4000000-7fedc4001000 r--s 00000000 00:3e 160836                     /home/antpe029/.local/share/mime/mime.cache
7fedc4001000-7fedc4002000 r--p 00000000 08:02 9989709                    /usr/lib/x86_64-linux-gnu/libXdamage.so.1.1.0
7fedc4002000-7fedc4003000 r-xp 00001000 08:02 9989709                    /usr/lib/x86_64-linux-gnu/libXdamage.so.1.1.0
7fedc4003000-7fedc4004000 r--p 00002000 08:02 9989709                    /usr/lib/x86_64-linux-gnu/libXdamage.so.1.1.0
7fedc4004000-7fedc4005000 r--p 00002000 08:02 9989709                    /usr/lib/x86_64-linux-gnu/libXdamage.so.1.1.0
7fedc4005000-7fedc4006000 rw-p 00003000 08:02 9989709                    /usr/lib/x86_64-linux-gnu/libXdamage.so.1.1.0
7fedc4006000-7fedc400a000 r--p 00000000 08:02 13776037                   /opt/liu/stm32cubeide/1.14.0/2/plugins/com.st.stm32cube.ide.jre.linux64_3.1.0.202310310920/jre/lib/libnet.so
7fedc400a000-7fedc4018000 r-xp 00004000 08:02 13776037                   /opt/liu/stm32cubeide/1.14.0/2/plugins/com.st.stm32cube.ide.jre.linux64_3.1.0.202310310920/jre/lib/libnet.so
7fedc4018000-7fedc401c000 r--p 00012000 08:02 13776037                   /opt/liu/stm32cubeide/1.14.0/2/plugins/com.st.stm32cube.ide.jre.linux64_3.1.0.202310310920/jre/lib/libnet.so
7fedc401c000-7fedc401d000 r--p 00015000 08:02 13776037                   /opt/liu/stm32cubeide/1.14.0/2/plugins/com.st.stm32cube.ide.jre.linux64_3.1.0.202310310920/jre/lib/libnet.so
7fedc401d000-7fedc401e000 rw-p 00016000 08:02 13776037                   /opt/liu/stm32cubeide/1.14.0/2/plugins/com.st.stm32cube.ide.jre.linux64_3.1.0.202310310920/jre/lib/libnet.so
7fedc401e000-7fedc4025000 r--p 00000000 08:02 13776038                   /opt/liu/stm32cubeide/1.14.0/2/plugins/com.st.stm32cube.ide.jre.linux64_3.1.0.202310310920/jre/lib/libnio.so
7fedc4025000-7fedc402e000 r-xp 00007000 08:02 13776038                   /opt/liu/stm32cubeide/1.14.0/2/plugins/com.st.stm32cube.ide.jre.linux64_3.1.0.202310310920/jre/lib/libnio.so
7fedc402e000-7fedc4032000 r--p 00010000 08:02 13776038                   /opt/liu/stm32cubeide/1.14.0/2/plugins/com.st.stm32cube.ide.jre.linux64_3.1.0.202310310920/jre/lib/libnio.so
7fedc4032000-7fedc4033000 ---p 00014000 08:02 13776038                   /opt/liu/stm32cubeide/1.14.0/2/plugins/com.st.stm32cube.ide.jre.linux64_3.1.0.202310310920/jre/lib/libnio.so
7fedc4033000-7fedc4034000 r--p 00014000 08:02 13776038                   /opt/liu/stm32cubeide/1.14.0/2/plugins/com.st.stm32cube.ide.jre.linux64_3.1.0.202310310920/jre/lib/libnio.so
7fedc4034000-7fedc4035000 rw-p 00015000 08:02 13776038                   /opt/liu/stm32cubeide/1.14.0/2/plugins/com.st.stm32cube.ide.jre.linux64_3.1.0.202310310920/jre/lib/libnio.so
7fedc4035000-7fedc453a000 rw-p 00000000 00:00 0 
7fedc453a000-7fedc453b000 ---p 00000000 00:00 0 
7fedc453b000-7fedc463c000 rw-p 00000000 00:00 0 
7fedc463c000-7fedc463d000 ---p 00000000 00:00 0 
7fedc463d000-7fedc473e000 rw-p 00000000 00:00 0 
7fedc473e000-7fedc473f000 ---p 00000000 00:00 0 
7fedc473f000-7fedc58c3000 rw-p 00000000 00:00 0 
7fedc58c3000-7fedc5ac3000 rw-p 00000000 00:00 0 
7fedc5ac3000-7fedc5cc3000 rw-p 00000000 00:00 0 
7fedc5cc3000-7fedc5ec3000 rw-p 00000000 00:00 0 
7fedc5ec3000-7fedc6df3000 rw-p 00000000 00:00 0 
7fedc6df3000-7fedc6ebb000 ---p 00000000 00:00 0 
7fedc6ebb000-7fedc6f07000 rw-p 00000000 00:00 0 
7fedc6f07000-7fedc6fa4000 ---p 00000000 00:00 0 
7fedc6fa4000-7fedc6fb1000 r--p 00000000 08:02 13776017                   /opt/liu/stm32cubeide/1.14.0/2/plugins/com.st.stm32cube.ide.jre.linux64_3.1.0.202310310920/jre/lib/libjava.so
7fedc6fb1000-7fedc6fc3000 r-xp 0000d000 08:02 13776017                   /opt/liu/stm32cubeide/1.14.0/2/plugins/com.st.stm32cube.ide.jre.linux64_3.1.0.202310310920/jre/lib/libjava.so
7fedc6fc3000-7fedc6fc9000 r--p 0001f000 08:02 13776017                   /opt/liu/stm32cubeide/1.14.0/2/plugins/com.st.stm32cube.ide.jre.linux64_3.1.0.202310310920/jre/lib/libjava.so
7fedc6fc9000-7fedc6fca000 ---p 00025000 08:02 13776017                   /opt/liu/stm32cubeide/1.14.0/2/plugins/com.st.stm32cube.ide.jre.linux64_3.1.0.202310310920/jre/lib/libjava.so
7fedc6fca000-7fedc6fcb000 r--p 00025000 08:02 13776017                   /opt/liu/stm32cubeide/1.14.0/2/plugins/com.st.stm32cube.ide.jre.linux64_3.1.0.202310310920/jre/lib/libjava.so
7fedc6fcb000-7fedc6fcc000 rw-p 00026000 08:02 13776017                   /opt/liu/stm32cubeide/1.14.0/2/plugins/com.st.stm32cube.ide.jre.linux64_3.1.0.202310310920/jre/lib/libjava.so
7fedc6fcc000-7fedc6fcd000 rw-p 00000000 00:00 0 
7fedc6fcd000-7fedc78a1000 r--s 00000000 08:02 9175778                    /var/lib/sss/mc/passwd
7fedc78a1000-7fedc78a3000 r--p 00000000 08:02 9963986                    /usr/lib/x86_64-linux-gnu/libnss_sss.so.2
7fedc78a3000-7fedc78aa000 r-xp 00002000 08:02 9963986                    /usr/lib/x86_64-linux-gnu/libnss_sss.so.2
7fedc78aa000-7fedc78ac000 r--p 00009000 08:02 9963986                    /usr/lib/x86_64-linux-gnu/libnss_sss.so.2
7fedc78ac000-7fedc78ad000 r--p 0000a000 08:02 9963986                    /usr/lib/x86_64-linux-gnu/libnss_sss.so.2
7fedc78ad000-7fedc78ae000 rw-p 0000b000 08:02 9963986                    /usr/lib/x86_64-linux-gnu/libnss_sss.so.2
7fedc78ae000-7fedc78af000 r--s 00000000 00:39 161                        /run/user/1500151897/dconf/user
7fedc78af000-7fedc78b0000 r--p 00000000 08:02 9985252                    /usr/lib/x86_64-linux-gnu/libXcomposite.so.1.0.0
7fedc78b0000-7fedc78b1000 r-xp 00001000 08:02 9985252                    /usr/lib/x86_64-linux-gnu/libXcomposite.so.1.0.0
7fedc78b1000-7fedc78b2000 r--p 00002000 08:02 9985252                    /usr/lib/x86_64-linux-gnu/libXcomposite.so.1.0.0
7fedc78b2000-7fedc78b3000 r--p 00002000 08:02 9985252                    /usr/lib/x86_64-linux-gnu/libXcomposite.so.1.0.0
7fedc78b3000-7fedc78b4000 rw-p 00003000 08:02 9985252                    /usr/lib/x86_64-linux-gnu/libXcomposite.so.1.0.0
7fedc78b4000-7fedc78b6000 r--p 00000000 08:02 13776048                   /opt/liu/stm32cubeide/1.14.0/2/plugins/com.st.stm32cube.ide.jre.linux64_3.1.0.202310310920/jre/lib/libzip.so
7fedc78b6000-7fedc78ba000 r-xp 00002000 08:02 13776048                   /opt/liu/stm32cubeide/1.14.0/2/plugins/com.st.stm32cube.ide.jre.linux64_3.1.0.202310310920/jre/lib/libzip.so
7fedc78ba000-7fedc78bc000 r--p 00006000 08:02 13776048                   /opt/liu/stm32cubeide/1.14.0/2/plugins/com.st.stm32cube.ide.jre.linux64_3.1.0.202310310920/jre/lib/libzip.so
7fedc78bc000-7fedc78bd000 r--p 00007000 08:02 13776048                   /opt/liu/stm32cubeide/1.14.0/2/plugins/com.st.stm32cube.ide.jre.linux64_3.1.0.202310310920/jre/lib/libzip.so
7fedc78bd000-7fedc78be000 rw-p 00008000 08:02 13776048                   /opt/liu/stm32cubeide/1.14.0/2/plugins/com.st.stm32cube.ide.jre.linux64_3.1.0.202310310920/jre/lib/libzip.so
7fedc78be000-7fedc78c5000 rw-p 00000000 00:00 0 
7fedc78c5000-7fedc78cd000 ---p 00000000 00:00 0 
7fedc78cd000-7fedc78d5000 rw-s 00000000 08:02 11319875                   /tmp/hsperfdata_antpe029/1428147
7fedc78d5000-7fedc78d9000 ---p 00000000 00:00 0 
7fedc78d9000-7fedc79d5000 rw-p 00000000 00:00 0 
7fedc79d5000-7fedc79e3000 r--p 00000000 08:02 9974214                    /usr/lib/x86_64-linux-gnu/libm.so.6
7fedc79e3000-7fedc7a5f000 r-xp 0000e000 08:02 9974214                    /usr/lib/x86_64-linux-gnu/libm.so.6
7fedc7a5f000-7fedc7aba000 r--p 0008a000 08:02 9974214                    /usr/lib/x86_64-linux-gnu/libm.so.6
7fedc7aba000-7fedc7abb000 r--p 000e4000 08:02 9974214                    /usr/lib/x86_64-linux-gnu/libm.so.6
7fedc7abb000-7fedc7abc000 rw-p 000e5000 08:02 9974214                    /usr/lib/x86_64-linux-gnu/libm.so.6
7fedc7abc000-7fedc7abd000 r--p 00000000 08:02 9974225                    /usr/lib/x86_64-linux-gnu/librt.so.1
7fedc7abd000-7fedc7abe000 r-xp 00001000 08:02 9974225                    /usr/lib/x86_64-linux-gnu/librt.so.1
7fedc7abe000-7fedc7abf000 r--p 00002000 08:02 9974225                    /usr/lib/x86_64-linux-gnu/librt.so.1
7fedc7abf000-7fedc7ac0000 r--p 00002000 08:02 9974225                    /usr/lib/x86_64-linux-gnu/librt.so.1
7fedc7ac0000-7fedc7ac1000 rw-p 00003000 08:02 9974225                    /usr/lib/x86_64-linux-gnu/librt.so.1
7fedc7ac1000-7fedc7d14000 r--p 00000000 08:02 13776059                   /opt/liu/stm32cubeide/1.14.0/2/plugins/com.st.stm32cube.ide.jre.linux64_3.1.0.202310310920/jre/lib/server/libjvm.so
7fedc7d14000-7fedc8a36000 r-xp 00253000 08:02 13776059                   /opt/liu/stm32cubeide/1.14.0/2/plugins/com.st.stm32cube.ide.jre.linux64_3.1.0.202310310920/jre/lib/server/libjvm.so
7fedc8a36000-7fedc8cc3000 r--p 00f75000 08:02 13776059                   /opt/liu/stm32cubeide/1.14.0/2/plugins/com.st.stm32cube.ide.jre.linux64_3.1.0.202310310920/jre/lib/server/libjvm.so
7fedc8cc3000-7fedc8d7c000 r--p 01201000 08:02 13776059                   /opt/liu/stm32cubeide/1.14.0/2/plugins/com.st.stm32cube.ide.jre.linux64_3.1.0.202310310920/jre/lib/server/libjvm.so
7fedc8d7c000-7fedc8db1000 rw-p 012ba000 08:02 13776059                   /opt/liu/stm32cubeide/1.14.0/2/plugins/com.st.stm32cube.ide.jre.linux64_3.1.0.202310310920/jre/lib/server/libjvm.so
7fedc8db1000-7fedc8e0e000 rw-p 00000000 00:00 0 
7fedc8e0e000-7fedc8e36000 r--p 00000000 08:02 9974211                    /usr/lib/x86_64-linux-gnu/libc.so.6
7fedc8e36000-7fedc8fcb000 r-xp 00028000 08:02 9974211                    /usr/lib/x86_64-linux-gnu/libc.so.6
7fedc8fcb000-7fedc9023000 r--p 001bd000 08:02 9974211                    /usr/lib/x86_64-linux-gnu/libc.so.6
7fedc9023000-7fedc9024000 ---p 00215000 08:02 9974211                    /usr/lib/x86_64-linux-gnu/libc.so.6
7fedc9024000-7fedc9028000 r--p 00215000 08:02 9974211                    /usr/lib/x86_64-linux-gnu/libc.so.6
7fedc9028000-7fedc902a000 rw-p 00219000 08:02 9974211                    /usr/lib/x86_64-linux-gnu/libc.so.6
7fedc902a000-7fedc9039000 rw-p 00000000 00:00 0 
7fedc9039000-7fedc903a000 r--p 00000000 08:02 9974213                    /usr/lib/x86_64-linux-gnu/libdl.so.2
7fedc903a000-7fedc903b000 r-xp 00001000 08:02 9974213                    /usr/lib/x86_64-linux-gnu/libdl.so.2
7fedc903b000-7fedc903c000 r--p 00002000 08:02 9974213                    /usr/lib/x86_64-linux-gnu/libdl.so.2
7fedc903c000-7fedc903d000 r--p 00002000 08:02 9974213                    /usr/lib/x86_64-linux-gnu/libdl.so.2
7fedc903d000-7fedc903e000 rw-p 00003000 08:02 9974213                    /usr/lib/x86_64-linux-gnu/libdl.so.2
7fedc903e000-7fedc903f000 r--p 00000000 08:02 9974223                    /usr/lib/x86_64-linux-gnu/libpthread.so.0
7fedc903f000-7fedc9040000 r-xp 00001000 08:02 9974223                    /usr/lib/x86_64-linux-gnu/libpthread.so.0
7fedc9040000-7fedc9041000 r--p 00002000 08:02 9974223                    /usr/lib/x86_64-linux-gnu/libpthread.so.0
7fedc9041000-7fedc9042000 r--p 00002000 08:02 9974223                    /usr/lib/x86_64-linux-gnu/libpthread.so.0
7fedc9042000-7fedc9043000 rw-p 00003000 08:02 9974223                    /usr/lib/x86_64-linux-gnu/libpthread.so.0
7fedc9043000-7fedc9046000 r--p 00000000 08:02 13776028                   /opt/liu/stm32cubeide/1.14.0/2/plugins/com.st.stm32cube.ide.jre.linux64_3.1.0.202310310920/jre/lib/libjli.so
7fedc9046000-7fedc9050000 r-xp 00003000 08:02 13776028                   /opt/liu/stm32cubeide/1.14.0/2/plugins/com.st.stm32cube.ide.jre.linux64_3.1.0.202310310920/jre/lib/libjli.so
7fedc9050000-7fedc9053000 r--p 0000d000 08:02 13776028                   /opt/liu/stm32cubeide/1.14.0/2/plugins/com.st.stm32cube.ide.jre.linux64_3.1.0.202310310920/jre/lib/libjli.so
7fedc9053000-7fedc9054000 ---p 00010000 08:02 13776028                   /opt/liu/stm32cubeide/1.14.0/2/plugins/com.st.stm32cube.ide.jre.linux64_3.1.0.202310310920/jre/lib/libjli.so
7fedc9054000-7fedc9055000 r--p 00010000 08:02 13776028                   /opt/liu/stm32cubeide/1.14.0/2/plugins/com.st.stm32cube.ide.jre.linux64_3.1.0.202310310920/jre/lib/libjli.so
7fedc9055000-7fedc9056000 rw-p 00011000 08:02 13776028                   /opt/liu/stm32cubeide/1.14.0/2/plugins/com.st.stm32cube.ide.jre.linux64_3.1.0.202310310920/jre/lib/libjli.so
7fedc9056000-7fedc9058000 r--p 00000000 08:02 9972831                    /usr/lib/x86_64-linux-gnu/libz.so.1.2.11
7fedc9058000-7fedc9069000 r-xp 00002000 08:02 9972831                    /usr/lib/x86_64-linux-gnu/libz.so.1.2.11
7fedc9069000-7fedc906f000 r--p 00013000 08:02 9972831                    /usr/lib/x86_64-linux-gnu/libz.so.1.2.11
7fedc906f000-7fedc9070000 ---p 00019000 08:02 9972831                    /usr/lib/x86_64-linux-gnu/libz.so.1.2.11
7fedc9070000-7fedc9071000 r--p 00019000 08:02 9972831                    /usr/lib/x86_64-linux-gnu/libz.so.1.2.11
7fedc9071000-7fedc9072000 rw-p 0001a000 08:02 9972831                    /usr/lib/x86_64-linux-gnu/libz.so.1.2.11
7fedc9072000-7fedc9073000 r--p 00000000 08:02 9985275                    /usr/lib/x86_64-linux-gnu/libXinerama.so.1.0.0
7fedc9073000-7fedc9074000 r-xp 00001000 08:02 9985275                    /usr/lib/x86_64-linux-gnu/libXinerama.so.1.0.0
7fedc9074000-7fedc9075000 r--p 00002000 08:02 9985275                    /usr/lib/x86_64-linux-gnu/libXinerama.so.1.0.0
7fedc9075000-7fedc9076000 r--p 00003000 08:02 9985275                    /usr/lib/x86_64-linux-gnu/libXinerama.so.1.0.0
7fedc9076000-7fedc9077000 rw-p 00004000 08:02 9985275                    /usr/lib/x86_64-linux-gnu/libXinerama.so.1.0.0
7fedc9077000-7fedc9078000 ---p 00000000 00:00 0 
7fedc9078000-7fedc9079000 r--p 00000000 00:00 0 
7fedc9079000-7fedc907d000 r--p 00000000 08:02 13776027                   /opt/liu/stm32cubeide/1.14.0/2/plugins/com.st.stm32cube.ide.jre.linux64_3.1.0.202310310920/jre/lib/libjimage.so
7fedc907d000-7fedc9090000 r-xp 00004000 08:02 13776027                   /opt/liu/stm32cubeide/1.14.0/2/plugins/com.st.stm32cube.ide.jre.linux64_3.1.0.202310310920/jre/lib/libjimage.so
7fedc9090000-7fedc9096000 r--p 00017000 08:02 13776027                   /opt/liu/stm32cubeide/1.14.0/2/plugins/com.st.stm32cube.ide.jre.linux64_3.1.0.202310310920/jre/lib/libjimage.so
7fedc9096000-7fedc9098000 r--p 0001c000 08:02 13776027                   /opt/liu/stm32cubeide/1.14.0/2/plugins/com.st.stm32cube.ide.jre.linux64_3.1.0.202310310920/jre/lib/libjimage.so
7fedc9098000-7fedc9099000 rw-p 0001e000 08:02 13776027                   /opt/liu/stm32cubeide/1.14.0/2/plugins/com.st.stm32cube.ide.jre.linux64_3.1.0.202310310920/jre/lib/libjimage.so
7fedc9099000-7fedc909b000 rw-p 00000000 00:00 0 
7fedc909b000-7fedc909d000 r--p 00000000 08:02 9973495                    /usr/lib/x86_64-linux-gnu/ld-linux-x86-64.so.2
7fedc909d000-7fedc90c7000 r-xp 00002000 08:02 9973495                    /usr/lib/x86_64-linux-gnu/ld-linux-x86-64.so.2
7fedc90c7000-7fedc90d2000 r--p 0002c000 08:02 9973495                    /usr/lib/x86_64-linux-gnu/ld-linux-x86-64.so.2
7fedc90d2000-7fedc90d3000 ---p 00000000 00:00 0 
7fedc90d3000-7fedc90d5000 r--p 00037000 08:02 9973495                    /usr/lib/x86_64-linux-gnu/ld-linux-x86-64.so.2
7fedc90d5000-7fedc90d7000 rw-p 00039000 08:02 9973495                    /usr/lib/x86_64-linux-gnu/ld-linux-x86-64.so.2
7fff8ab3d000-7fff8ab5f000 rw-p 00000000 00:00 0                          [stack]
7fff8abf4000-7fff8abf8000 r--p 00000000 00:00 0                          [vvar]
7fff8abf8000-7fff8abfa000 r-xp 00000000 00:00 0                          [vdso]
ffffffffff600000-ffffffffff601000 --xp 00000000 00:00 0                  [vsyscall]


VM Arguments:
jvm_args: -Dosgi.requiredJavaVersion=1.8 -Dosgi.instance.area.default=@user.home/STM32CubeIDE/workspace_1.14.0 -Declipse.buildId=Version 1.14.0 -DproductMaturityGrade=mm -Djdk.http.auth.tunneling.disabledSchemes= -XX:+UseG1GC -XX:+UseStringDeduplication -Xms256m -Xmx1024m 
java_command: /opt/liu/stm32cubeide/1.14.0/2//plugins/org.eclipse.equinox.launcher_1.6.500.v20230717-2134.jar -os linux -ws gtk -arch x86_64 -showsplash -launcher /opt/liu/stm32cubeide/1.14.0/2/stm32cubeide -name Stm32cubeide --launcher.library /opt/liu/stm32cubeide/1.14.0/2//plugins/org.eclipse.equinox.launcher.gtk.linux.x86_64_1.2.700.v20221108-1024/eclipse_11801.so -startup /opt/liu/stm32cubeide/1.14.0/2//plugins/org.eclipse.equinox.launcher_1.6.500.v20230717-2134.jar --launcher.overrideVmargs -exitdata 2f0046 -vm /opt/liu/stm32cubeide/1.14.0/2//plugins/com.st.stm32cube.ide.jre.linux64_3.1.0.202310310920/jre/bin/java -vmargs -Dosgi.requiredJavaVersion=1.8 -Dosgi.instance.area.default=@user.home/STM32CubeIDE/workspace_1.14.0 -Declipse.buildId=Version 1.14.0 -DproductMaturityGrade=mm -Djdk.http.auth.tunneling.disabledSchemes= -XX:+UseG1GC -XX:+UseStringDeduplication -Xms256m -Xmx1024m -jar /opt/liu/stm32cubeide/1.14.0/2//plugins/org.eclipse.equinox.launcher_1.6.500.v20230717-2134.jar
java_class_path (initial): /opt/liu/stm32cubeide/1.14.0/2//plugins/org.eclipse.equinox.launcher_1.6.500.v20230717-2134.jar
Launcher Type: SUN_STANDARD

[Global flags]
     intx CICompilerCount                          = 12                                        {product} {ergonomic}
     uint ConcGCThreads                            = 4                                         {product} {ergonomic}
     uint G1ConcRefinementThreads                  = 15                                        {product} {ergonomic}
   size_t G1HeapRegionSize                         = 1048576                                   {product} {ergonomic}
    uintx GCDrainStackTargetSize                   = 64                                        {product} {ergonomic}
   size_t InitialHeapSize                          = 268435456                                 {product} {command line}
   size_t MarkStackSize                            = 4194304                                   {product} {ergonomic}
   size_t MaxHeapSize                              = 1073741824                                {product} {command line}
   size_t MaxNewSize                               = 643825664                                 {product} {ergonomic}
   size_t MinHeapDeltaBytes                        = 1048576                                   {product} {ergonomic}
   size_t MinHeapSize                              = 268435456                                 {product} {command line}
    uintx NonNMethodCodeHeapSize                   = 7602480                                {pd product} {ergonomic}
    uintx NonProfiledCodeHeapSize                  = 122027880                              {pd product} {ergonomic}
    uintx ProfiledCodeHeapSize                     = 122027880                              {pd product} {ergonomic}
    uintx ReservedCodeCacheSize                    = 251658240                              {pd product} {ergonomic}
     bool SegmentedCodeCache                       = true                                      {product} {ergonomic}
   size_t SoftMaxHeapSize                          = 1073741824                             {manageable} {ergonomic}
     bool UseCompressedClassPointers               = true                           {product lp64_product} {ergonomic}
     bool UseCompressedOops                        = true                           {product lp64_product} {ergonomic}
     bool UseG1GC                                  = true                                      {product} {command line}
     bool UseStringDeduplication                   = true                                      {product} {command line}

Logging:
Log output configuration:
 #0: stdout all=warning uptime,level,tags
 #1: stderr all=off uptime,level,tags

Environment Variables:
PATH=/opt/liu/stm32cubeide/1.14.0/2:/opt/liu/ada-mode/8.1.0/ada-mode/bin:/opt/liu/vscode/1.115.0/2/bin:/bin:/usr/bin:/opt/thinlinc/bin:/usr/local/bin:/usr/bin/X11:/sbin:/usr/sbin:/usr/local/sbin:/snap/bin:/opt/puppetlabs/bin:/opt/thinlinc/sbin:/home/antpe029/tdiu16-labs/utils:/home/antpe029/tdiu16-labs/utils
USERNAME=antpe029
LD_LIBRARY_PATH=/opt/thinlinc/lib64:/opt/thinlinc/lib
SHELL=/bin/bash
DISPLAY=:13.0
LANG=en_US.UTF-8
TERM=xterm-256color

Active Locale:
LC_ALL=LC_CTYPE=en_US.UTF-8;LC_NUMERIC=en_US.UTF-8;LC_TIME=en_US.UTF-8;LC_COLLATE=en_US.UTF-8;LC_MONETARY=en_US.UTF-8;LC_MESSAGES=en_GB.UTF-8;LC_PAPER=en_US.UTF-8;LC_NAME=en_US.UTF-8;LC_ADDRESS=en_US.UTF-8;LC_TELEPHONE=en_US.UTF-8;LC_MEASUREMENT=en_US.UTF-8;LC_IDENTIFICATION=en_US.UTF-8
LC_COLLATE=en_US.UTF-8
LC_CTYPE=en_US.UTF-8
LC_MESSAGES=en_GB.UTF-8
LC_MONETARY=en_US.UTF-8
LC_NUMERIC=en_US.UTF-8
LC_TIME=en_US.UTF-8

Signal Handlers:
   SIGSEGV: crash_handler in libjvm.so, mask=11100100010111111101111111111110, flags=SA_RESTART|SA_SIGINFO, unblocked
    SIGBUS: crash_handler in libjvm.so, mask=11100100010111111101111111111110, flags=SA_RESTART|SA_SIGINFO, unblocked
    SIGFPE: crash_handler in libjvm.so, mask=11100100010111111101111111111110, flags=SA_RESTART|SA_SIGINFO, unblocked
   SIGPIPE: SIG_IGN, mask=00000000000010000000000000000000, flags=SA_RESTART, blocked
  *** Handler was modified!
  *** Expected: 0x00007fedc04da680, mask=00001110010101101000000000000011, flags=SA_RESTART|SA_SIGINFO
   SIGXFSZ: javaSignalHandler in libjvm.so, mask=11100100010111111101111111111110, flags=SA_RESTART|SA_SIGINFO, blocked
  *** Handler was modified!
  *** Expected: 0x00007fedc00167f0, mask=00000100100000000000000000000011, flags=SA_RESTART|SA_SIGINFO
    SIGILL: crash_handler in libjvm.so, mask=11100100010111111101111111111110, flags=SA_RESTART|SA_SIGINFO, unblocked
   SIGUSR2: SR_handler in libjvm.so, mask=00000000000000000000000000000000, flags=SA_RESTART|SA_SIGINFO, blocked
  *** Handler was modified!
  *** Expected: 0x00007fea3edd6776, mask=00100101010110111011110000010010, flags=SA_RESTART|SA_SIGINFO
    SIGHUP: UserHandler in libjvm.so, mask=11100100010111111101111111111110, flags=SA_RESTART|SA_SIGINFO, blocked
    SIGINT: UserHandler in libjvm.so, mask=11100100010111111101111111111110, flags=SA_RESTART|SA_SIGINFO, blocked
   SIGTERM: UserHandler in libjvm.so, mask=11100100010111111101111111111110, flags=SA_RESTART|SA_SIGINFO, blocked
   SIGQUIT: UserHandler in libjvm.so, mask=11100100010111111101111111111110, flags=SA_RESTART|SA_SIGINFO, blocked
   SIGTRAP: crash_handler in libjvm.so, mask=11100100010111111101111111111110, flags=SA_RESTART|SA_SIGINFO, unblocked


---------------  S Y S T E M  ---------------

OS:
DISTRIB_ID=Ubuntu
DISTRIB_RELEASE=22.04
DISTRIB_CODENAME=jammy
DISTRIB_DESCRIPTION="Ubuntu 22.04.5 LTS"
uname: Linux 5.15.0-177-generic #187-Ubuntu SMP Sat Apr 11 22:54:33 UTC 2026 x86_64
OS uptime: 0 days 12:51 hours
libc: glibc 2.35 NPTL 2.35 
rlimit (soft/hard): STACK 8192k/infinity , CORE 0k/infinity , NPROC 164016/164016 , NOFILE 1048576/1048576 , AS infinity/infinity , CPU infinity/infinity , DATA infinity/infinity , FSIZE infinity/infinity , MEMLOCK 5264208k/5264208k
load average: 0.17 0.50 0.83

/proc/meminfo:
MemTotal:       42113684 kB
MemFree:        27834572 kB
MemAvailable:   36388720 kB
Buffers:          506180 kB
Cached:          8364708 kB
SwapCached:            0 kB
Active:          5640344 kB
Inactive:        7669440 kB
Active(anon):      62436 kB
Inactive(anon):  4610932 kB
Active(file):    5577908 kB
Inactive(file):  3058508 kB
Unevictable:       43396 kB
Mlocked:           43396 kB
SwapTotal:       8388604 kB
SwapFree:        8388604 kB
Dirty:               516 kB
Writeback:            12 kB
AnonPages:       4469048 kB
Mapped:          1059952 kB
Shmem:            217704 kB
KReclaimable:     456152 kB
Slab:             683752 kB
SReclaimable:     456152 kB
SUnreclaim:       227600 kB
KernelStack:       21736 kB
PageTables:        45228 kB
NFS_Unstable:          0 kB
Bounce:                0 kB
WritebackTmp:          0 kB
CommitLimit:    29445444 kB
Committed_AS:   15360000 kB
VmallocTotal:   34359738367 kB
VmallocUsed:       52264 kB
VmallocChunk:          0 kB
Percpu:            39360 kB
HardwareCorrupted:     0 kB
AnonHugePages:         0 kB
ShmemHugePages:        0 kB
ShmemPmdMapped:        0 kB
FileHugePages:         0 kB
FilePmdMapped:         0 kB
HugePages_Total:       0
HugePages_Free:        0
HugePages_Rsvd:        0
HugePages_Surp:        0
Hugepagesize:       2048 kB
Hugetlb:               0 kB
DirectMap4k:      810184 kB
DirectMap2M:    24371200 kB
DirectMap1G:    18874368 kB

/sys/kernel/mm/transparent_hugepage/enabled: always [madvise] never
/sys/kernel/mm/transparent_hugepage/defrag (defrag/compaction efforts parameter): always defer defer+madvise [madvise] never

Process Memory:
Virtual Size: 44148712K (peak: 44201248K)
Resident Set Size: 1911640K (peak: 1911704K) (anon: 1842876K, file: 66980K, shmem: 1784K)
Swapped out: 0K

[error occurred during error reporting (printing OS information), id 0xb, SIGSEGV (0xb) at pc=0x00007fedc8eaed98]

CPU: total 20 (initial active 20) (1 cores per cpu, 1 threads per core) family 6 model 85 stepping 5 microcode 0x1, cx8, cmov, fxsr, mmx, 3dnowpref, sse, sse2, sse3, ssse3, sse4.1, sse4.2, popcnt, lzcnt, tsc, avx, avx2, aes, erms, clmul, bmi1, bmi2, adx, avx512f, avx512dq, avx512cd, avx512bw, avx512vl, fma, vzeroupper, avx512_vnni, clflush, clflushopt, clwb, hv
CPU Model and flags from /proc/cpuinfo:
model name	: Intel Xeon Processor (Cascadelake)
flags		: fpu vme de pse tsc msr pae mce cx8 apic sep mtrr pge mca cmov pat pse36 clflush mmx fxsr sse sse2 ss syscall nx pdpe1gb rdtscp lm constant_tsc rep_good nopl xtopology cpuid tsc_known_freq pni pclmulqdq vmx ssse3 fma cx16 pcid sse4_1 sse4_2 x2apic movbe popcnt tsc_deadline_timer aes xsave avx f16c rdrand hypervisor lahf_lm abm 3dnowprefetch cpuid_fault invpcid_single ssbd ibrs ibpb stibp ibrs_enhanced tpr_shadow vnmi flexpriority ept vpid ept_ad fsgsbase tsc_adjust bmi1 avx2 smep bmi2 erms invpcid mpx avx512f avx512dq rdseed adx smap clflushopt clwb avx512cd avx512bw avx512vl xsaveopt xsavec xgetbv1 xsaves arat umip pku ospke avx512_vnni md_clear flush_l1d arch_capabilities

Online cpus: 0-19
Offline cpus: 
BIOS frequency limitation: <Not Available>
Frequency switch latency (ns): <Not Available>
Available cpu frequencies: <Not Available>
Current governor: <Not Available>
Core performance/turbo boost: <Not Available>

Memory: 4k page, physical 42113684k(27847100k free), swap 8388604k(8388604k free)
Page Sizes: 4k

vm_info: OpenJDK 64-Bit Server VM (17.0.8.1+1) for linux-amd64 JRE (17.0.8.1+1), built on Aug 24 2023 00:00:00 by "admin" with gcc 10.3.0

END.
